customerid,tenure_months,contract,internet_service,payment_method,monthly_charges,total_charges,tech_support,online_security,churn_probability,predicted_churn,ml_risk_category,expected_monthly_revenue_at_risk,retention_priority,retention_action
3668-QPYBK,2,Month-to-month,DSL,Mailed check,53.85,108.15,No,Yes,65.36,1,High,35.2,P3 - Medium,Offer annual contract incentive
9237-HQITU,2,Month-to-month,Fiber optic,Electronic check,70.7,151.65,No,No,77.81,1,Critical,55.01,P2 - High,Offer annual contract incentive
9305-CDSKC,8,Month-to-month,Fiber optic,Electronic check,99.65,820.5,No,No,75.76,1,Critical,75.49,P1 - Immediate,Offer annual contract incentive
7892-POOKP,28,Month-to-month,Fiber optic,Electronic check,104.8,3046.05,Yes,No,42.35,0,Medium,44.38,P4 - Monitor,Offer annual contract incentive
0280-XJGEX,49,Month-to-month,Fiber optic,Bank transfer (automatic),103.7,5036.3,No,No,43.59,0,Medium,45.2,P4 - Monitor,Offer annual contract incentive
4190-MFLUW,10,Month-to-month,DSL,Credit card (automatic),55.2,528.35,Yes,No,45.31,0,Medium,25.01,P4 - Monitor,Offer annual contract incentive
8779-QRDMV,1,Month-to-month,DSL,Electronic check,39.65,39.65,No,No,88.0,1,Critical,34.89,P3 - Medium,Offer annual contract incentive
1066-JKSGK,1,Month-to-month,No,Mailed check,20.15,20.15,No internet service,No internet service,55.08,1,High,11.1,P3 - Medium,Offer annual contract incentive
6467-CHFZW,47,Month-to-month,Fiber optic,Electronic check,99.35,4749.15,No,No,30.5,0,Medium,30.3,P4 - Monitor,Offer annual contract incentive
8665-UTDHZ,1,Month-to-month,DSL,Electronic check,30.2,30.2,No,No,76.21,1,Critical,23.02,P3 - Medium,Offer annual contract incentive
8773-HHUOZ,17,Month-to-month,DSL,Mailed check,64.7,1093.1,No,No,52.78,1,High,34.15,P3 - Medium,Offer annual contract incentive
6047-YHPVI,5,Month-to-month,Fiber optic,Electronic check,69.7,316.9,No,No,68.38,1,High,47.66,P3 - Medium,Offer annual contract incentive
5380-WJKOV,34,Month-to-month,Fiber optic,Electronic check,106.35,3549.25,No,No,40.72,0,Medium,43.31,P4 - Monitor,Offer annual contract incentive
8168-UQWWF,11,Month-to-month,Fiber optic,Bank transfer (automatic),97.85,1105.4,No,No,73.24,1,High,71.67,P2 - High,Offer annual contract incentive
7760-OYPDY,2,Month-to-month,Fiber optic,Electronic check,80.65,144.15,No,No,75.71,1,Critical,61.06,P2 - High,Offer annual contract incentive
9420-LOJKX,15,Month-to-month,Fiber optic,Credit card (automatic),99.1,1426.4,No,Yes,59.32,1,High,58.79,P2 - High,Offer annual contract incentive
7495-OOKFY,8,Month-to-month,Fiber optic,Credit card (automatic),80.65,633.3,No,No,48.97,0,Medium,39.49,P4 - Monitor,Offer annual contract incentive
1658-BYGOY,18,Month-to-month,Fiber optic,Electronic check,95.45,1752.55,No,No,58.04,1,High,55.4,P2 - High,Offer annual contract incentive
5698-BQJOH,9,Month-to-month,Fiber optic,Electronic check,94.4,857.25,No,No,66.42,1,High,62.7,P2 - High,Offer annual contract incentive
5919-TMRGD,1,Month-to-month,Fiber optic,Electronic check,79.35,79.35,No,No,77.82,1,Critical,61.75,P2 - High,Offer annual contract incentive
9191-MYQKX,7,Month-to-month,Fiber optic,Bank transfer (automatic),75.15,496.9,No,No,59.88,1,High,45.0,P3 - Medium,Offer annual contract incentive
8637-XJIVR,12,Month-to-month,Fiber optic,Electronic check,78.95,927.35,No,Yes,52.06,1,High,41.1,P3 - Medium,Offer annual contract incentive
0278-YXOOG,5,Month-to-month,No,Mailed check,21.05,113.85,No internet service,No internet service,33.82,0,Medium,7.12,P4 - Monitor,Offer annual contract incentive
4598-XLKNJ,25,Month-to-month,Fiber optic,Electronic check,98.5,2514.5,No,No,42.1,0,Medium,41.47,P4 - Monitor,Offer annual contract incentive
3192-NQECA,68,Two year,Fiber optic,Bank transfer (automatic),110.0,7611.85,Yes,No,41.12,0,Medium,45.23,P4 - Monitor,Offer Online Security bundle
0486-HECZI,55,Month-to-month,Fiber optic,Electronic check,96.75,5238.9,No,Yes,16.19,0,Low,15.66,P4 - Monitor,Offer annual contract incentive
4846-WHAFZ,37,Month-to-month,Fiber optic,Electronic check,76.5,2868.15,No,No,26.83,0,Medium,20.52,P4 - Monitor,Offer annual contract incentive
5299-RULOA,10,Month-to-month,Fiber optic,Electronic check,100.25,1064.65,No,Yes,57.44,1,High,57.58,P2 - High,Offer annual contract incentive
0404-SWRVG,3,Month-to-month,Fiber optic,Electronic check,74.4,229.55,No,No,78.52,1,Critical,58.42,P2 - High,Offer annual contract incentive
4412-YLTKF,27,Month-to-month,Fiber optic,Electronic check,78.05,2135.5,No,No,36.24,0,Medium,28.29,P4 - Monitor,Offer annual contract incentive
6207-WIOLX,25,Month-to-month,DSL,Credit card (automatic),58.6,1502.65,No,Yes,48.25,0,Medium,28.27,P4 - Monitor,Offer annual contract incentive
3091-FYHKI,1,Month-to-month,DSL,Electronic check,35.45,35.45,No,No,84.97,1,Critical,30.12,P3 - Medium,Offer annual contract incentive
2372-HWUHI,2,Month-to-month,DSL,Electronic check,44.35,81.25,No,No,78.62,1,Critical,34.87,P3 - Medium,Offer annual contract incentive
0390-DCFDQ,1,Month-to-month,Fiber optic,Mailed check,70.45,70.45,No,No,66.39,1,High,46.77,P3 - Medium,Offer annual contract incentive
4080-OGPJL,8,Month-to-month,DSL,Electronic check,71.15,563.65,Yes,Yes,58.48,1,High,41.61,P3 - Medium,Offer annual contract incentive
2135-RXIHG,1,Month-to-month,DSL,Electronic check,45.65,45.65,No,No,79.58,1,Critical,36.33,P3 - Medium,Offer annual contract incentive
3874-EQOEP,7,Month-to-month,Fiber optic,Mailed check,95.0,655.5,No,No,72.94,1,High,69.29,P2 - High,Offer annual contract incentive
0867-MKZVY,20,Month-to-month,Fiber optic,Electronic check,82.4,1592.35,No,Yes,41.86,0,Medium,34.49,P4 - Monitor,Offer annual contract incentive
3376-BMGFE,4,Month-to-month,Fiber optic,Bank transfer (automatic),70.9,273.0,No,No,74.72,1,High,52.98,P2 - High,Offer annual contract incentive
3445-HXXGF,58,Month-to-month,DSL,Electronic check,45.3,2651.2,No,No,61.43,1,High,27.83,P3 - Medium,Offer annual contract incentive
1875-QIVME,2,Month-to-month,Fiber optic,Electronic check,104.4,242.8,Yes,No,66.87,1,High,69.81,P2 - High,Offer annual contract incentive
0691-JVSYA,53,One year,Fiber optic,Bank transfer (automatic),94.85,5000.2,No,No,48.37,0,Medium,45.88,P4 - Monitor,Offer Tech Support trial/bundle
2656-FMOKZ,15,Month-to-month,Fiber optic,Mailed check,74.45,1145.7,No,No,63.23,1,High,47.07,P3 - Medium,Offer annual contract incentive
2070-FNEXE,7,Month-to-month,Fiber optic,Bank transfer (automatic),76.45,503.6,No,Yes,52.39,1,High,40.05,P3 - Medium,Offer annual contract incentive
6317-YPKDH,1,Month-to-month,DSL,Bank transfer (automatic),29.95,29.95,No,No,68.69,1,High,20.57,P3 - Medium,Offer annual contract incentive
9367-WXLCH,8,Month-to-month,Fiber optic,Bank transfer (automatic),84.5,662.65,No,No,70.29,1,High,59.4,P2 - High,Offer annual contract incentive
1918-ZBFQJ,13,Month-to-month,Fiber optic,Electronic check,79.25,1111.65,No,No,63.6,1,High,50.4,P2 - High,Offer annual contract incentive
1024-GUALD,1,Month-to-month,DSL,Electronic check,24.8,24.8,No,No,81.29,1,Critical,20.16,P3 - Medium,Offer annual contract incentive
2472-OVKUP,6,Month-to-month,Fiber optic,Electronic check,91.0,531.0,No,No,58.49,1,High,53.23,P2 - High,Offer annual contract incentive
1285-OKIPP,1,Month-to-month,Fiber optic,Electronic check,79.9,79.9,No,No,75.33,1,Critical,60.19,P2 - High,Offer annual contract incentive
7825-ECJRF,19,Month-to-month,Fiber optic,Electronic check,106.6,1934.45,Yes,Yes,53.53,1,High,57.06,P2 - High,Offer annual contract incentive
7841-TZDMQ,2,Month-to-month,DSL,Credit card (automatic),46.0,84.5,No,No,75.96,1,Critical,34.94,P3 - Medium,Offer annual contract incentive
9408-SSNVZ,4,Month-to-month,Fiber optic,Electronic check,70.15,268.35,No,No,76.84,1,Critical,53.9,P2 - High,Offer annual contract incentive
0742-MOABM,4,Month-to-month,DSL,Mailed check,50.05,179.35,Yes,No,59.57,1,High,29.81,P3 - Medium,Offer annual contract incentive
2232-DMLXU,1,Month-to-month,DSL,Mailed check,55.2,55.2,No,No,76.0,1,Critical,41.95,P3 - Medium,Offer annual contract incentive
8937-RDTHP,1,Month-to-month,Fiber optic,Mailed check,84.6,84.6,No,Yes,68.88,1,High,58.27,P2 - High,Offer annual contract incentive
1251-KRREG,2,Month-to-month,DSL,Mailed check,54.4,114.1,No,No,73.36,1,High,39.91,P3 - Medium,Offer annual contract incentive
0094-OIFMO,11,Month-to-month,Fiber optic,Electronic check,95.0,1120.3,No,No,69.8,1,High,66.31,P2 - High,Offer annual contract incentive
9947-OTFQU,15,Month-to-month,Fiber optic,Electronic check,74.4,1074.3,No,No,80.31,1,Critical,59.75,P2 - High,Offer annual contract incentive
0322-YINQP,1,Month-to-month,DSL,Mailed check,48.55,48.55,No,Yes,67.73,1,High,32.88,P3 - Medium,Offer annual contract incentive
4629-NRXKX,2,Month-to-month,Fiber optic,Electronic check,70.4,147.15,No,No,83.3,1,Critical,58.64,P2 - High,Offer annual contract incentive
9514-JDSKI,1,Month-to-month,DSL,Electronic check,40.2,40.2,No,No,80.44,1,Critical,32.34,P3 - Medium,Offer annual contract incentive
4959-JOSRX,2,Month-to-month,DSL,Credit card (automatic),44.6,80.55,No,No,74.22,1,High,33.1,P3 - Medium,Offer annual contract incentive
7273-TEFQD,3,Month-to-month,DSL,Electronic check,41.15,132.2,No,No,85.01,1,Critical,34.98,P3 - Medium,Offer annual contract incentive
3606-TWKGI,13,Month-to-month,Fiber optic,Electronic check,106.9,1364.3,No,No,85.31,1,Critical,91.2,P1 - Immediate,Offer annual contract incentive
6323-AYBRX,59,Two year,No,Mailed check,19.35,1099.6,No internet service,No internet service,13.67,0,Low,2.65,P4 - Monitor,Standard retention campaign
4385-GZQXV,16,Month-to-month,Fiber optic,Electronic check,94.45,1511.2,Yes,No,78.01,1,Critical,73.68,P2 - High,Offer annual contract incentive
6366-ZGQGL,1,Month-to-month,DSL,Bank transfer (automatic),24.8,24.8,No,No,76.07,1,Critical,18.87,P3 - Medium,Offer annual contract incentive
5940-AHUHD,1,Month-to-month,Fiber optic,Mailed check,70.6,70.6,No,No,85.02,1,Critical,60.02,P2 - High,Offer annual contract incentive
6432-TWQLB,5,Month-to-month,Fiber optic,Electronic check,85.4,401.1,Yes,No,83.47,1,Critical,71.28,P2 - High,Offer annual contract incentive
4484-GLZOU,52,Month-to-month,Fiber optic,Electronic check,105.05,5624.85,No,No,75.01,1,Critical,78.8,P1 - Immediate,Offer annual contract incentive
9512-UIBFX,18,Month-to-month,Fiber optic,Mailed check,95.15,1779.95,No,No,68.65,1,High,65.32,P2 - High,Offer annual contract incentive
5583-SXDAG,1,Month-to-month,Fiber optic,Electronic check,70.0,70.0,No,No,87.37,1,Critical,61.16,P2 - High,Offer annual contract incentive
3488-PGMQJ,8,Month-to-month,Fiber optic,Electronic check,74.5,606.55,No,No,81.92,1,Critical,61.03,P2 - High,Offer annual contract incentive
3580-REOAC,10,Month-to-month,DSL,Credit card (automatic),44.85,435.4,No,No,60.39,1,High,27.08,P3 - Medium,Offer annual contract incentive
7534-BFESC,24,Month-to-month,Fiber optic,Electronic check,76.1,1712.7,No,No,76.14,1,Critical,57.94,P2 - High,Offer annual contract incentive
6390-DSAZX,1,Month-to-month,Fiber optic,Mailed check,73.6,73.6,No,Yes,73.09,1,High,53.79,P2 - High,Offer annual contract incentive
8098-LLAZX,4,Month-to-month,Fiber optic,Electronic check,95.45,396.1,No,No,91.79,1,Critical,87.61,P1 - Immediate,Offer annual contract incentive
0265-EDXBD,32,Month-to-month,Fiber optic,Electronic check,74.9,2303.35,No,No,76.37,1,Critical,57.2,P2 - High,Offer annual contract incentive
7563-BIUPC,5,Month-to-month,Fiber optic,Electronic check,80.6,415.55,No,No,87.09,1,Critical,70.19,P2 - High,Offer annual contract incentive
2321-OMBXY,38,One year,DSL,Credit card (automatic),80.3,3058.65,Yes,Yes,34.25,0,Medium,27.5,P4 - Monitor,Standard retention campaign
2840-XANRC,24,Month-to-month,Fiber optic,Electronic check,93.15,2231.05,No,No,76.62,1,Critical,71.37,P2 - High,Offer annual contract incentive
5020-ZSTTY,54,One year,DSL,Bank transfer (automatic),82.45,4350.1,Yes,Yes,35.39,0,Medium,29.18,P4 - Monitor,Standard retention campaign
5804-LEPIM,2,Month-to-month,Fiber optic,Electronic check,70.35,139.05,No,No,84.81,1,Critical,59.66,P2 - High,Offer annual contract incentive
0122-OAHPZ,7,Month-to-month,Fiber optic,Electronic check,73.85,511.25,No,No,85.05,1,Critical,62.81,P2 - High,Offer annual contract incentive
2868-SNELZ,2,Month-to-month,Fiber optic,Mailed check,80.6,155.8,No,No,85.48,1,Critical,68.9,P2 - High,Offer annual contract incentive
4322-RCYMT,68,One year,DSL,Bank transfer (automatic),75.8,5293.95,Yes,No,31.1,0,Medium,23.57,P4 - Monitor,Offer Online Security bundle
6680-NENYN,43,Two year,Fiber optic,Electronic check,104.6,4759.85,No,No,50.14,1,High,52.45,P2 - High,Offer Tech Support trial/bundle
1343-EHPYB,63,Month-to-month,Fiber optic,Electronic check,103.4,6603.0,No,No,73.0,1,High,75.48,P2 - High,Offer annual contract incentive
2034-GDRCN,2,Month-to-month,Fiber optic,Electronic check,90.4,168.2,No,No,90.27,1,Critical,81.6,P1 - Immediate,Offer annual contract incentive
0219-YTZUE,4,Month-to-month,Fiber optic,Bank transfer (automatic),84.8,371.9,No,No,86.63,1,Critical,73.46,P2 - High,Offer annual contract incentive
0623-IIHUG,21,Month-to-month,DSL,Electronic check,41.9,840.1,No,Yes,70.16,1,High,29.4,P3 - Medium,Offer annual contract incentive
4572-DVCGN,10,Month-to-month,Fiber optic,Bank transfer (automatic),80.25,846.0,No,No,81.73,1,Critical,65.59,P2 - High,Offer annual contract incentive
9057-MSWCO,27,Month-to-month,DSL,Credit card (automatic),30.75,805.1,No,Yes,53.94,1,High,16.59,P3 - Medium,Offer annual contract incentive
1010-DIAUQ,5,Month-to-month,Fiber optic,Bank transfer (automatic),96.5,492.55,No,No,84.71,1,Critical,81.75,P1 - Immediate,Offer annual contract incentive
0259-GBZSH,2,Month-to-month,Fiber optic,Electronic check,85.65,181.5,No,No,89.87,1,Critical,76.97,P1 - Immediate,Offer annual contract incentive
9601-BRXPO,25,Month-to-month,Fiber optic,Bank transfer (automatic),104.95,2566.5,Yes,No,73.19,1,High,76.81,P2 - High,Offer annual contract incentive
6905-NIQIN,1,Month-to-month,DSL,Mailed check,50.65,50.65,No,No,72.58,1,High,36.76,P3 - Medium,Offer annual contract incentive
5167-ZFFMM,1,Month-to-month,Fiber optic,Credit card (automatic),90.85,90.85,No,No,87.05,1,Critical,79.08,P1 - Immediate,Offer annual contract incentive
4895-TMWIR,11,Month-to-month,No,Mailed check,19.95,214.75,No internet service,No internet service,41.15,0,Medium,8.21,P4 - Monitor,Offer annual contract incentive
0533-BNWKF,55,Month-to-month,Fiber optic,Electronic check,85.45,4874.7,No,No,71.97,1,High,61.5,P2 - High,Offer annual contract incentive
6599-CEBNN,34,Month-to-month,Fiber optic,Credit card (automatic),73.95,2524.45,No,No,66.2,1,High,48.95,P3 - Medium,Offer annual contract incentive
0979-PHULV,69,Month-to-month,Fiber optic,Credit card (automatic),99.45,7007.6,No,No,64.68,1,High,64.32,P2 - High,Offer annual contract incentive
4800-VHZKI,1,Month-to-month,No,Mailed check,19.9,19.9,No internet service,No internet service,64.74,1,High,12.88,P3 - Medium,Offer annual contract incentive
7989-CHGTL,1,Month-to-month,No,Mailed check,19.6,19.6,No internet service,No internet service,59.57,1,High,11.68,P3 - Medium,Offer annual contract incentive
0334-GDDSO,3,Month-to-month,Fiber optic,Electronic check,81.35,233.7,No,No,87.83,1,Critical,71.45,P2 - High,Offer annual contract incentive
0578-SKVMF,22,Month-to-month,Fiber optic,Electronic check,83.3,1845.9,No,No,70.32,1,High,58.58,P2 - High,Offer annual contract incentive
5564-NEMQO,1,Month-to-month,Fiber optic,Bank transfer (automatic),75.3,75.3,No,No,87.15,1,Critical,65.62,P2 - High,Offer annual contract incentive
9063-ZGTUY,61,Month-to-month,No,Mailed check,19.4,1182.55,No internet service,No internet service,35.69,0,Medium,6.92,P4 - Monitor,Offer annual contract incentive
2957-LOLHO,12,Month-to-month,DSL,Bank transfer (automatic),45.4,518.9,No,No,57.11,1,High,25.93,P3 - Medium,Offer annual contract incentive
7752-XUSCI,60,Month-to-month,Fiber optic,Electronic check,105.9,6396.45,No,No,71.24,1,High,75.44,P2 - High,Offer annual contract incentive
4110-PFEUZ,1,Month-to-month,Fiber optic,Mailed check,69.55,69.55,No,No,86.31,1,Critical,60.03,P2 - High,Offer annual contract incentive
0256-LTHVJ,28,Month-to-month,Fiber optic,Electronic check,81.05,2227.1,No,No,72.62,1,High,58.86,P2 - High,Offer annual contract incentive
0880-TKATG,4,Month-to-month,Fiber optic,Electronic check,101.15,385.9,No,No,88.52,1,Critical,89.54,P1 - Immediate,Offer annual contract incentive
3811-VBYBZ,7,Month-to-month,Fiber optic,Electronic check,99.8,673.25,No,No,89.78,1,Critical,89.6,P1 - Immediate,Offer annual contract incentive
4640-UHDOS,13,Month-to-month,DSL,Electronic check,55.95,734.35,No,No,58.16,1,High,32.54,P3 - Medium,Offer annual contract incentive
3583-EKAPL,1,Month-to-month,DSL,Electronic check,55.0,55.0,No,No,77.88,1,Critical,42.83,P3 - Medium,Offer annual contract incentive
9399-APLBT,1,Month-to-month,Fiber optic,Electronic check,74.7,74.7,No,No,88.06,1,Critical,65.78,P2 - High,Offer annual contract incentive
2359-KMGLI,24,Month-to-month,Fiber optic,Electronic check,80.25,1861.5,No,No,76.82,1,Critical,61.65,P2 - High,Offer annual contract incentive
0306-JAELE,5,Month-to-month,Fiber optic,Electronic check,96.1,453.4,Yes,No,83.22,1,Critical,79.97,P1 - Immediate,Offer annual contract incentive
6227-HWPWX,15,Month-to-month,Fiber optic,Bank transfer (automatic),69.0,994.8,No,No,67.88,1,High,46.84,P3 - Medium,Offer annual contract incentive
0447-BEMNG,48,Month-to-month,DSL,Bank transfer (automatic),45.3,2145.0,No,Yes,35.23,0,Medium,15.96,P4 - Monitor,Offer annual contract incentive
5949-XIKAE,8,Month-to-month,Fiber optic,Electronic check,83.55,680.05,No,No,85.75,1,Critical,71.64,P2 - High,Offer annual contract incentive
8372-JUXUI,1,Month-to-month,Fiber optic,Electronic check,74.35,74.35,No,No,89.9,1,Critical,66.84,P2 - High,Offer annual contract incentive
0388-EOPEX,2,Month-to-month,Fiber optic,Electronic check,74.4,139.4,No,Yes,73.21,1,High,54.47,P2 - High,Offer annual contract incentive
8205-OTCHB,22,One year,DSL,Bank transfer (automatic),43.75,903.6,No,No,50.01,1,High,21.88,P3 - Medium,Offer Tech Support trial/bundle
6235-VDHOM,5,Month-to-month,DSL,Electronic check,28.45,131.05,No,No,73.92,1,High,21.03,P3 - Medium,Offer annual contract incentive
7783-YKGDV,12,Month-to-month,Fiber optic,Bank transfer (automatic),99.7,1238.45,No,Yes,74.25,1,High,74.03,P2 - High,Offer annual contract incentive
5609-CEBID,20,Month-to-month,Fiber optic,Electronic check,94.1,1782.4,No,No,79.93,1,Critical,75.21,P1 - Immediate,Offer annual contract incentive
7218-HKQFK,2,Month-to-month,Fiber optic,Electronic check,94.2,167.5,Yes,No,85.05,1,Critical,80.12,P1 - Immediate,Offer annual contract incentive
4636-QRJKY,6,Month-to-month,Fiber optic,Electronic check,80.5,502.85,Yes,No,84.84,1,Critical,68.3,P2 - High,Offer annual contract incentive
5956-VKDTT,5,Month-to-month,Fiber optic,Electronic check,74.35,334.8,No,No,87.61,1,Critical,65.14,P2 - High,Offer annual contract incentive
9412-GHEEC,40,Month-to-month,Fiber optic,Bank transfer (automatic),104.8,4131.95,Yes,No,64.74,1,High,67.85,P2 - High,Offer annual contract incentive
0257-ZESQC,27,Month-to-month,Fiber optic,Bank transfer (automatic),75.2,1929.35,No,Yes,64.37,1,High,48.41,P3 - Medium,Offer annual contract incentive
6825-UYPFK,23,Month-to-month,Fiber optic,Bank transfer (automatic),75.6,1758.6,No,No,63.26,1,High,47.82,P3 - Medium,Offer annual contract incentive
8397-MVTAZ,34,Month-to-month,Fiber optic,Electronic check,100.05,3480.0,No,No,79.91,1,Critical,79.95,P1 - Immediate,Offer annual contract incentive
9282-IZGQK,1,Month-to-month,Fiber optic,Electronic check,85.0,85.0,No,No,91.65,1,Critical,77.9,P1 - Immediate,Offer annual contract incentive
1342-JPNKI,10,Month-to-month,Fiber optic,Bank transfer (automatic),86.05,834.1,No,No,85.7,1,Critical,73.74,P2 - High,Offer annual contract incentive
2817-NTQDO,13,Month-to-month,DSL,Credit card (automatic),45.55,597.0,Yes,Yes,56.14,1,High,25.57,P3 - Medium,Offer annual contract incentive
6986-IJDHX,39,Month-to-month,Fiber optic,Mailed check,86.3,3266.0,No,No,67.27,1,High,58.05,P2 - High,Offer annual contract incentive
5301-GAUUY,32,Month-to-month,Fiber optic,Bank transfer (automatic),80.35,2596.15,No,No,67.37,1,High,54.13,P2 - High,Offer annual contract incentive
0939-YAPAF,35,Month-to-month,Fiber optic,Electronic check,100.25,3527.6,No,No,79.4,1,Critical,79.6,P1 - Immediate,Offer annual contract incentive
4710-FDUIZ,56,One year,Fiber optic,Credit card (automatic),100.3,5614.45,No,No,49.55,0,Medium,49.7,P4 - Monitor,Offer Tech Support trial/bundle
1218-VKFPE,12,Month-to-month,No,Mailed check,19.0,233.55,No internet service,No internet service,37.28,0,Medium,7.08,P4 - Monitor,Offer annual contract incentive
3627-FHKBK,1,Month-to-month,Fiber optic,Mailed check,75.3,75.3,No,Yes,69.4,1,High,52.26,P2 - High,Offer annual contract incentive
2865-TCHJW,4,Month-to-month,Fiber optic,Electronic check,89.2,346.2,No,No,90.54,1,Critical,80.76,P1 - Immediate,Offer annual contract incentive
5192-EBGOV,1,Month-to-month,Fiber optic,Electronic check,85.7,85.7,No,No,91.81,1,Critical,78.68,P1 - Immediate,Offer annual contract incentive
0719-SYFRB,12,Month-to-month,DSL,Mailed check,61.65,713.75,Yes,Yes,42.44,0,Medium,26.16,P4 - Monitor,Offer annual contract incentive
3419-SNJJD,65,Month-to-month,Fiber optic,Bank transfer (automatic),105.25,6786.4,No,Yes,59.08,1,High,62.18,P2 - High,Offer annual contract incentive
6543-CPZMK,9,Month-to-month,DSL,Electronic check,29.95,248.95,No,No,67.94,1,High,20.35,P3 - Medium,Offer annual contract incentive
4765-OXPPD,9,Month-to-month,DSL,Mailed check,65.0,663.05,Yes,Yes,40.95,0,Medium,26.62,P4 - Monitor,Offer annual contract incentive
1009-IRMNA,7,Month-to-month,No,Bank transfer (automatic),20.0,137.6,No internet service,No internet service,37.55,0,Medium,7.51,P4 - Monitor,Offer annual contract incentive
4554-YGZIH,49,Month-to-month,Fiber optic,Credit card (automatic),90.05,4547.25,No,No,63.02,1,High,56.75,P2 - High,Offer annual contract incentive
5099-BAILX,43,Month-to-month,Fiber optic,Bank transfer (automatic),110.75,4687.9,Yes,No,67.12,1,High,74.34,P2 - High,Offer annual contract incentive
7207-RMRDB,65,Month-to-month,Fiber optic,Electronic check,105.5,6985.65,No,No,72.25,1,High,76.22,P2 - High,Offer annual contract incentive
4913-EHYUI,56,One year,Fiber optic,Bank transfer (automatic),104.55,5794.65,No,Yes,51.45,1,High,53.79,P2 - High,Offer Tech Support trial/bundle
0195-IESCP,10,Month-to-month,Fiber optic,Electronic check,85.25,855.3,No,No,88.04,1,Critical,75.05,P1 - Immediate,Offer annual contract incentive
4580-TMHJU,43,Month-to-month,DSL,Electronic check,56.15,2499.3,No,No,53.75,1,High,30.18,P3 - Medium,Offer annual contract incentive
0970-ETWGE,1,Month-to-month,Fiber optic,Electronic check,89.55,89.55,No,No,91.71,1,Critical,82.13,P1 - Immediate,Offer annual contract incentive
1626-ERCMM,20,Month-to-month,Fiber optic,Electronic check,94.55,1899.65,No,No,81.74,1,Critical,77.29,P1 - Immediate,Offer annual contract incentive
0887-HJGAR,1,Month-to-month,DSL,Mailed check,45.7,45.7,No,No,76.45,1,Critical,34.94,P3 - Medium,Offer annual contract incentive
5644-PDMZC,2,Month-to-month,Fiber optic,Electronic check,89.5,161.5,No,No,84.9,1,Critical,75.99,P1 - Immediate,Offer annual contract incentive
9576-ANLXO,3,Month-to-month,Fiber optic,Bank transfer (automatic),69.55,222.3,No,No,81.0,1,Critical,56.34,P2 - High,Offer annual contract incentive
2024-BASKD,1,Month-to-month,Fiber optic,Mailed check,74.6,74.6,No,No,87.21,1,Critical,65.06,P2 - High,Offer annual contract incentive
4160-AMJTL,8,Month-to-month,No,Electronic check,19.65,164.3,No internet service,No internet service,39.54,0,Medium,7.77,P4 - Monitor,Offer annual contract incentive
4464-JCOLN,2,One year,No,Mailed check,19.85,35.9,No internet service,No internet service,10.79,0,Low,2.14,P4 - Monitor,Standard retention campaign
5650-VDUDS,4,Month-to-month,DSL,Mailed check,24.25,96.05,No,No,76.91,1,Critical,18.65,P3 - Medium,Offer annual contract incentive
7538-GWHML,2,Month-to-month,Fiber optic,Electronic check,69.65,145.15,No,No,83.23,1,Critical,57.97,P2 - High,Offer annual contract incentive
3859-CVCET,4,Month-to-month,DSL,Mailed check,45.65,191.05,No,No,73.2,1,High,33.42,P3 - Medium,Offer annual contract incentive
3276-HDUEG,1,Month-to-month,Fiber optic,Mailed check,75.05,75.05,No,No,88.93,1,Critical,66.74,P2 - High,Offer annual contract incentive
0823-HSCDJ,52,Month-to-month,DSL,Electronic check,49.15,2550.9,No,No,62.29,1,High,30.62,P3 - Medium,Offer annual contract incentive
0822-GAVAP,2,Month-to-month,DSL,Electronic check,34.7,62.25,No,No,83.28,1,Critical,28.9,P3 - Medium,Offer annual contract incentive
1448-PWKYE,1,Month-to-month,Fiber optic,Electronic check,80.0,80.0,No,No,89.45,1,Critical,71.56,P2 - High,Offer annual contract incentive
0067-DKWBL,2,Month-to-month,DSL,Electronic check,49.25,91.1,No,Yes,77.0,1,Critical,37.92,P3 - Medium,Offer annual contract incentive
2276-YDAVZ,3,Month-to-month,Fiber optic,Credit card (automatic),75.1,270.7,No,No,85.32,1,Critical,64.08,P2 - High,Offer annual contract incentive
5896-NPFWW,3,Month-to-month,DSL,Electronic check,50.15,168.15,No,No,77.86,1,Critical,39.05,P3 - Medium,Offer annual contract incentive
7133-VBDCG,25,Month-to-month,Fiber optic,Bank transfer (automatic),79.85,2015.35,No,Yes,60.87,1,High,48.6,P3 - Medium,Offer annual contract incentive
1029-QFBEN,1,Month-to-month,No,Mailed check,19.55,19.55,No internet service,No internet service,53.19,1,High,10.4,P3 - Medium,Offer annual contract incentive
4952-YSOGZ,4,Month-to-month,Fiber optic,Electronic check,85.95,381.3,No,No,89.87,1,Critical,77.24,P1 - Immediate,Offer annual contract incentive
1589-AGTLK,3,Month-to-month,DSL,Electronic check,45.35,141.5,No,No,77.54,1,Critical,35.16,P3 - Medium,Offer annual contract incentive
5244-IRFIH,33,Month-to-month,Fiber optic,Electronic check,94.5,3105.55,No,No,80.21,1,Critical,75.8,P1 - Immediate,Offer annual contract incentive
2684-EIWEO,30,Month-to-month,Fiber optic,Credit card (automatic),91.7,2758.15,No,Yes,56.76,1,High,52.05,P2 - High,Offer annual contract incentive
6439-GTPCA,45,Month-to-month,Fiber optic,Electronic check,87.25,3941.7,Yes,No,68.1,1,High,59.42,P2 - High,Offer annual contract incentive
5138-WVKYJ,10,Month-to-month,Fiber optic,Electronic check,98.55,1008.55,No,Yes,79.89,1,Critical,78.73,P1 - Immediate,Offer annual contract incentive
6683-VLCTZ,20,Month-to-month,Fiber optic,Electronic check,98.55,1842.8,No,No,82.81,1,Critical,81.61,P1 - Immediate,Offer annual contract incentive
2189-WWOEW,15,Month-to-month,Fiber optic,Bank transfer (automatic),85.9,1269.55,No,No,76.7,1,Critical,65.89,P2 - High,Offer annual contract incentive
1894-IGFSG,22,Month-to-month,Fiber optic,Electronic check,89.25,1907.85,No,No,72.17,1,High,64.41,P2 - High,Offer annual contract incentive
7379-POKDZ,3,Month-to-month,Fiber optic,Electronic check,70.3,208.85,No,No,84.26,1,Critical,59.23,P2 - High,Offer annual contract incentive
0236-HFWSV,15,Month-to-month,Fiber optic,Electronic check,93.35,1444.65,No,No,85.65,1,Critical,79.95,P1 - Immediate,Offer annual contract incentive
3900-AQPHZ,1,Month-to-month,No,Mailed check,19.9,19.9,No internet service,No internet service,55.15,1,High,10.97,P3 - Medium,Offer annual contract incentive
5842-POCOP,5,Month-to-month,Fiber optic,Mailed check,88.9,454.15,No,Yes,73.71,1,High,65.53,P2 - High,Offer annual contract incentive
2037-XJFUP,33,One year,Fiber optic,Electronic check,95.8,3036.75,No,No,62.36,1,High,59.74,P2 - High,Offer Tech Support trial/bundle
7314-OXENN,2,Month-to-month,Fiber optic,Electronic check,82.0,184.65,No,No,87.38,1,Critical,71.65,P2 - High,Offer annual contract incentive
0322-CHQRU,2,Month-to-month,DSL,Electronic check,45.35,89.5,No,No,78.9,1,Critical,35.78,P3 - Medium,Offer annual contract incentive
4678-DVQEO,1,Month-to-month,DSL,Electronic check,52.2,52.2,Yes,No,70.41,1,High,36.75,P3 - Medium,Offer annual contract incentive
0691-IFBQW,46,One year,Fiber optic,Electronic check,110.0,4874.8,No,Yes,52.05,1,High,57.26,P2 - High,Offer Tech Support trial/bundle
3009-JWMPU,62,One year,Fiber optic,Electronic check,96.75,6125.4,No,No,57.9,1,High,56.02,P2 - High,Offer Tech Support trial/bundle
1450-GALXR,10,Month-to-month,Fiber optic,Electronic check,98.5,1058.25,Yes,No,84.56,1,Critical,83.29,P1 - Immediate,Offer annual contract incentive
3138-BKYAV,6,Month-to-month,Fiber optic,Electronic check,85.35,489.45,No,No,86.03,1,Critical,73.43,P2 - High,Offer annual contract incentive
4289-DTDKW,40,Month-to-month,Fiber optic,Electronic check,101.3,4113.1,No,No,78.12,1,Critical,79.14,P1 - Immediate,Offer annual contract incentive
1820-TQVEV,1,Month-to-month,Fiber optic,Electronic check,69.55,69.55,No,No,89.34,1,Critical,62.14,P2 - High,Offer annual contract incentive
2239-JALAW,58,One year,Fiber optic,Bank transfer (automatic),103.25,6017.65,No,No,54.67,1,High,56.45,P2 - High,Offer Tech Support trial/bundle
4853-RULSV,70,Two year,Fiber optic,Credit card (automatic),104.0,7250.15,Yes,Yes,40.32,0,Medium,41.93,P4 - Monitor,Review Fiber pricing/service quality
6275-YDUVO,2,Month-to-month,Fiber optic,Mailed check,86.2,178.7,No,No,87.15,1,Critical,75.12,P1 - Immediate,Offer annual contract incentive
0115-TFERT,21,Month-to-month,Fiber optic,Electronic check,111.2,2317.1,Yes,No,73.43,1,High,81.65,P2 - High,Offer annual contract incentive
2311-QYMUQ,16,Month-to-month,Fiber optic,Credit card (automatic),89.45,1430.25,No,No,76.6,1,Critical,68.52,P2 - High,Offer annual contract incentive
3643-AHCFP,7,Month-to-month,Fiber optic,Bank transfer (automatic),95.6,644.35,No,No,89.28,1,Critical,85.35,P1 - Immediate,Offer annual contract incentive
3104-OWCGK,60,One year,Fiber optic,Electronic check,90.95,5453.4,No,No,50.11,1,High,45.58,P3 - Medium,Offer Tech Support trial/bundle
9101-BWFSS,50,One year,Fiber optic,Electronic check,108.55,5610.7,Yes,Yes,51.3,1,High,55.69,P2 - High,Promote automatic payment
9231-ZJYAM,4,Month-to-month,Fiber optic,Electronic check,78.85,292.8,No,No,87.95,1,Critical,69.35,P2 - High,Offer annual contract incentive
6982-SSHFK,1,Month-to-month,DSL,Mailed check,44.4,44.4,No,No,75.62,1,Critical,33.58,P3 - Medium,Offer annual contract incentive
0727-BMPLR,55,One year,Fiber optic,Electronic check,100.0,5509.3,No,No,57.17,1,High,57.17,P2 - High,Offer Tech Support trial/bundle
1038-ZAGBI,12,One year,No,Bank transfer (automatic),19.8,229.6,No internet service,No internet service,22.89,0,Low,4.53,P4 - Monitor,Standard retention campaign
3027-ZTDHO,1,Month-to-month,Fiber optic,Electronic check,89.9,89.9,No,No,91.65,1,Critical,82.39,P1 - Immediate,Offer annual contract incentive
2382-BCKQJ,62,One year,Fiber optic,Electronic check,100.15,6413.65,No,No,57.96,1,High,58.05,P2 - High,Offer Tech Support trial/bundle
2207-NHRJK,1,Month-to-month,DSL,Electronic check,50.8,50.8,No,No,71.89,1,High,36.52,P3 - Medium,Offer annual contract incentive
0947-MUGVO,20,Month-to-month,Fiber optic,Electronic check,73.65,1463.5,No,No,77.11,1,Critical,56.79,P2 - High,Offer annual contract incentive
9944-HKVVB,3,Month-to-month,Fiber optic,Electronic check,95.1,307.4,No,No,88.33,1,Critical,84.0,P1 - Immediate,Offer annual contract incentive
4124-MMETB,22,Month-to-month,Fiber optic,Credit card (automatic),94.65,2104.55,No,No,76.29,1,Critical,72.21,P2 - High,Offer annual contract incentive
3671-SHRSP,4,Month-to-month,Fiber optic,Mailed check,80.6,319.15,Yes,No,81.58,1,Critical,65.75,P2 - High,Offer annual contract incentive
3313-QKNKB,59,One year,Fiber optic,Electronic check,85.55,5084.65,No,No,42.02,0,Medium,35.95,P4 - Monitor,Offer Tech Support trial/bundle
5073-WXOYN,60,Month-to-month,DSL,Electronic check,50.8,3027.4,No,No,56.91,1,High,28.91,P3 - Medium,Offer annual contract incentive
0207-MDKNV,15,Month-to-month,Fiber optic,Electronic check,105.1,1582.75,Yes,Yes,75.88,1,Critical,79.75,P1 - Immediate,Offer annual contract incentive
9851-KIELU,10,Month-to-month,Fiber optic,Electronic check,110.1,1043.3,Yes,Yes,68.99,1,High,75.96,P2 - High,Offer annual contract incentive
3908-BLSYF,6,Month-to-month,Fiber optic,Electronic check,83.9,497.55,No,No,83.79,1,Critical,70.3,P2 - High,Offer annual contract incentive
7549-MYGPK,63,Month-to-month,Fiber optic,Electronic check,100.55,6215.35,No,Yes,60.68,1,High,61.01,P2 - High,Offer annual contract incentive
3804-RVTGV,50,Month-to-month,Fiber optic,Bank transfer (automatic),103.85,5017.9,No,No,72.9,1,High,75.71,P2 - High,Offer annual contract incentive
9227-LUNBG,1,Month-to-month,DSL,Electronic check,24.6,24.6,No,No,78.74,1,Critical,19.37,P3 - Medium,Offer annual contract incentive
4315-MURBD,12,Month-to-month,Fiber optic,Bank transfer (automatic),98.9,1120.95,Yes,Yes,79.98,1,Critical,79.1,P1 - Immediate,Offer annual contract incentive
9734-YWGEX,9,Month-to-month,Fiber optic,Credit card (automatic),98.3,923.5,No,No,85.61,1,Critical,84.15,P1 - Immediate,Offer annual contract incentive
2719-BDAQO,17,Month-to-month,Fiber optic,Electronic check,93.85,1625.65,No,Yes,73.78,1,High,69.24,P2 - High,Offer annual contract incentive
0781-LKXBR,9,Month-to-month,Fiber optic,Electronic check,100.5,918.6,No,No,90.88,1,Critical,91.33,P1 - Immediate,Offer annual contract incentive
1907-UBQFC,10,Month-to-month,Fiber optic,Electronic check,72.85,688.65,No,No,80.23,1,Critical,58.45,P2 - High,Offer annual contract incentive
6513-EECDB,1,Month-to-month,Fiber optic,Electronic check,73.55,73.55,No,No,89.46,1,Critical,65.8,P2 - High,Offer annual contract incentive
7074-IEVOJ,3,Month-to-month,Fiber optic,Electronic check,79.4,205.05,No,No,87.93,1,Critical,69.82,P2 - High,Offer annual contract incentive
9625-QSTYE,13,Month-to-month,Fiber optic,Electronic check,81.15,952.3,No,No,81.61,1,Critical,66.23,P2 - High,Offer annual contract incentive
4750-ZRXIU,4,Month-to-month,Fiber optic,Electronic check,84.6,360.1,No,No,89.7,1,Critical,75.89,P1 - Immediate,Offer annual contract incentive
6400-BWQKW,6,Month-to-month,Fiber optic,Electronic check,79.05,434.5,No,Yes,68.68,1,High,54.29,P2 - High,Offer annual contract incentive
6680-WKXRZ,3,Month-to-month,Fiber optic,Bank transfer (automatic),74.4,215.8,No,No,83.61,1,Critical,62.21,P2 - High,Offer annual contract incentive
7028-DVOIQ,35,Month-to-month,Fiber optic,Electronic check,99.05,3395.8,No,No,80.25,1,Critical,79.49,P1 - Immediate,Offer annual contract incentive
4208-UFFGW,2,Month-to-month,DSL,Mailed check,44.95,85.15,No,No,78.72,1,Critical,35.38,P3 - Medium,Offer annual contract incentive
9448-REEVD,1,Month-to-month,DSL,Credit card (automatic),44.7,44.7,No,No,74.9,1,High,33.48,P3 - Medium,Offer annual contract incentive
9117-SHLZX,1,Month-to-month,DSL,Mailed check,45.7,45.7,No,No,76.45,1,Critical,34.94,P3 - Medium,Offer annual contract incentive
9889-TMAHG,8,Month-to-month,Fiber optic,Credit card (automatic),100.3,832.35,Yes,Yes,74.62,1,High,74.84,P2 - High,Offer annual contract incentive
4541-RMRLG,7,Month-to-month,No,Electronic check,19.25,112.3,No internet service,No internet service,34.61,0,Medium,6.66,P4 - Monitor,Offer annual contract incentive
3158-MOERK,2,Month-to-month,Fiber optic,Electronic check,96.0,174.8,No,No,91.86,1,Critical,88.19,P1 - Immediate,Offer annual contract incentive
7294-TMAOP,1,Month-to-month,Fiber optic,Electronic check,90.55,90.55,No,No,91.23,1,Critical,82.61,P1 - Immediate,Offer annual contract incentive
8919-FYFQZ,44,Month-to-month,DSL,Electronic check,30.35,1359.7,No,No,61.14,1,High,18.56,P3 - Medium,Offer annual contract incentive
2834-JRTUA,71,Two year,Fiber optic,Electronic check,108.05,7532.15,Yes,Yes,37.84,0,Medium,40.89,P4 - Monitor,Promote automatic payment
5875-YPQFJ,1,Month-to-month,Fiber optic,Electronic check,69.9,69.9,No,No,89.07,1,Critical,62.26,P2 - High,Offer annual contract incentive
6646-QVXLR,62,One year,Fiber optic,Electronic check,103.75,6383.35,No,No,54.81,1,High,56.87,P2 - High,Offer Tech Support trial/bundle
8603-IJWDN,1,Month-to-month,Fiber optic,Electronic check,86.6,86.6,No,No,91.59,1,Critical,79.32,P1 - Immediate,Offer annual contract incentive
9369-XFEHK,33,Month-to-month,Fiber optic,Bank transfer (automatic),80.6,2656.5,No,No,68.6,1,High,55.29,P2 - High,Offer annual contract incentive
3842-IYKUE,35,Month-to-month,Fiber optic,Credit card (automatic),85.3,2917.5,Yes,No,56.22,1,High,47.96,P3 - Medium,Offer annual contract incentive
6641-XRPSU,34,Month-to-month,Fiber optic,Credit card (automatic),70.0,2416.1,No,No,64.13,1,High,44.89,P3 - Medium,Offer annual contract incentive
1374-DMZUI,4,Month-to-month,Fiber optic,Electronic check,94.3,424.45,No,No,91.57,1,Critical,86.35,P1 - Immediate,Offer annual contract incentive
8357-EQXFO,7,Month-to-month,Fiber optic,Electronic check,95.35,660.9,No,No,88.96,1,Critical,84.82,P1 - Immediate,Offer annual contract incentive
1989-PRJHP,27,Month-to-month,Fiber optic,Electronic check,75.5,1893.95,No,No,76.51,1,Critical,57.77,P2 - High,Offer annual contract incentive
9524-EGPJC,18,Month-to-month,Fiber optic,Electronic check,90.1,1612.75,Yes,No,75.38,1,Critical,67.92,P2 - High,Offer annual contract incentive
6993-OHLXR,2,Month-to-month,Fiber optic,Electronic check,68.95,119.75,No,No,83.92,1,Critical,57.86,P2 - High,Offer annual contract incentive
8818-XYFCQ,32,Month-to-month,Fiber optic,Credit card (automatic),99.55,3204.65,No,Yes,68.61,1,High,68.3,P2 - High,Offer annual contract incentive
4695-VADHF,18,Month-to-month,DSL,Electronic check,57.45,990.85,No,No,50.19,1,High,28.83,P3 - Medium,Offer annual contract incentive
3863-IUBJR,12,One year,DSL,Credit card (automatic),53.65,696.35,No,No,47.72,0,Medium,25.6,P4 - Monitor,Offer Tech Support trial/bundle
4822-RVYBB,8,Month-to-month,Fiber optic,Electronic check,100.6,819.4,No,No,91.22,1,Critical,91.77,P1 - Immediate,Offer annual contract incentive
8436-BJUMM,26,Month-to-month,Fiber optic,Electronic check,83.75,2070.6,No,No,78.73,1,Critical,65.94,P2 - High,Offer annual contract incentive
4184-TJFAN,3,Month-to-month,Fiber optic,Mailed check,88.3,273.75,Yes,Yes,77.8,1,Critical,68.7,P2 - High,Offer annual contract incentive
4145-UQXUQ,8,Month-to-month,Fiber optic,Electronic check,92.1,729.95,No,No,89.21,1,Critical,82.16,P1 - Immediate,Offer annual contract incentive
9948-YPTDG,38,Month-to-month,Fiber optic,Electronic check,79.45,3013.05,No,Yes,64.67,1,High,51.38,P2 - High,Offer annual contract incentive
1236-WFCDV,14,Month-to-month,Fiber optic,Credit card (automatic),90.45,1266.1,No,No,75.81,1,Critical,68.57,P2 - High,Offer annual contract incentive
4883-QICIH,32,Month-to-month,Fiber optic,Bank transfer (automatic),69.75,2347.9,No,No,64.48,1,High,44.97,P3 - Medium,Offer annual contract incentive
8329-IBCTI,1,Month-to-month,No,Mailed check,19.65,19.65,No internet service,No internet service,55.15,1,High,10.84,P3 - Medium,Offer annual contract incentive
1271-SJBGZ,12,Month-to-month,DSL,Electronic check,43.65,526.95,Yes,No,66.01,1,High,28.81,P3 - Medium,Offer annual contract incentive
5669-SRAIP,5,Month-to-month,DSL,Electronic check,39.5,210.75,No,No,77.6,1,Critical,30.65,P3 - Medium,Offer annual contract incentive
5981-ITEMU,40,Month-to-month,Fiber optic,Bank transfer (automatic),97.1,3706.95,No,No,74.83,1,High,72.66,P2 - High,Offer annual contract incentive
6941-PMGEP,5,Month-to-month,Fiber optic,Electronic check,80.0,412.5,No,No,86.02,1,Critical,68.82,P2 - High,Offer annual contract incentive
1624-WOIWJ,10,Month-to-month,Fiber optic,Mailed check,84.7,832.05,No,Yes,73.42,1,High,62.19,P2 - High,Offer annual contract incentive
2074-GKOWZ,2,Month-to-month,Fiber optic,Bank transfer (automatic),89.55,185.55,No,No,88.17,1,Critical,78.96,P1 - Immediate,Offer annual contract incentive
0376-YMCJC,23,Month-to-month,Fiber optic,Electronic check,90.6,1943.2,Yes,No,71.41,1,High,64.7,P2 - High,Offer annual contract incentive
0634-SZPQA,23,Month-to-month,Fiber optic,Bank transfer (automatic),90.05,2169.8,No,Yes,66.64,1,High,60.01,P2 - High,Offer annual contract incentive
5536-RTPWK,49,Month-to-month,Fiber optic,Bank transfer (automatic),99.05,4853.75,No,No,71.98,1,High,71.3,P2 - High,Offer annual contract incentive
6166-ILMNY,2,Month-to-month,Fiber optic,Bank transfer (automatic),69.75,144.55,No,No,80.84,1,Critical,56.39,P2 - High,Offer annual contract incentive
3097-NNSPB,2,Month-to-month,DSL,Credit card (automatic),49.05,91.1,No,No,72.48,1,High,35.55,P3 - Medium,Offer annual contract incentive
0655-RBDUG,7,Month-to-month,Fiber optic,Bank transfer (automatic),98.05,713.0,No,No,88.57,1,Critical,86.84,P1 - Immediate,Offer annual contract incentive
4361-BKAXE,41,Month-to-month,Fiber optic,Bank transfer (automatic),114.5,4527.45,Yes,Yes,55.82,1,High,63.91,P2 - High,Offer annual contract incentive
9878-TNQGW,2,Month-to-month,Fiber optic,Electronic check,80.95,171.15,No,No,87.86,1,Critical,71.12,P2 - High,Offer annual contract incentive
4441-NIHPT,13,Month-to-month,Fiber optic,Electronic check,74.3,940.35,No,No,80.87,1,Critical,60.09,P2 - High,Offer annual contract incentive
8999-BOHSE,11,Month-to-month,Fiber optic,Bank transfer (automatic),89.7,1047.7,No,No,82.49,1,Critical,73.99,P2 - High,Offer annual contract incentive
7029-RPUAV,17,Month-to-month,Fiber optic,Credit card (automatic),100.45,1622.45,No,No,77.76,1,Critical,78.11,P1 - Immediate,Offer annual contract incentive
4607-CHPCA,25,One year,Fiber optic,Electronic check,90.4,2178.6,No,No,58.59,1,High,52.97,P2 - High,Offer Tech Support trial/bundle
8824-RWFXJ,3,Month-to-month,DSL,Mailed check,56.15,168.15,No,No,64.43,1,High,36.18,P3 - Medium,Offer annual contract incentive
9763-PDTKK,4,Month-to-month,Fiber optic,Bank transfer (automatic),94.4,387.2,Yes,Yes,76.29,1,Critical,72.02,P2 - High,Offer annual contract incentive
7627-JKIAZ,37,Month-to-month,Fiber optic,Credit card (automatic),78.95,2839.65,No,No,68.44,1,High,54.03,P2 - High,Offer annual contract incentive
4081-DYXAV,19,One year,DSL,Credit card (automatic),44.85,893.55,No,No,53.43,1,High,23.96,P3 - Medium,Offer Tech Support trial/bundle
8111-SLLHI,39,Month-to-month,Fiber optic,Electronic check,105.65,4284.8,No,No,78.21,1,Critical,82.63,P1 - Immediate,Offer annual contract incentive
0927-LCSMG,7,Month-to-month,Fiber optic,Mailed check,74.65,544.55,No,No,77.87,1,Critical,58.13,P2 - High,Offer annual contract incentive
8257-RZAHR,14,Month-to-month,DSL,Bank transfer (automatic),64.7,941.0,No,Yes,50.17,1,High,32.46,P3 - Medium,Offer annual contract incentive
5293-WXJAK,11,Month-to-month,Fiber optic,Bank transfer (automatic),104.05,1133.65,Yes,No,84.68,1,Critical,88.11,P1 - Immediate,Offer annual contract incentive
0841-NULXI,1,Month-to-month,DSL,Electronic check,35.55,35.55,No,No,84.97,1,Critical,30.21,P3 - Medium,Offer annual contract incentive
7851-WZEKY,2,Month-to-month,Fiber optic,Electronic check,95.15,196.9,No,No,91.85,1,Critical,87.4,P1 - Immediate,Offer annual contract incentive
8844-TONUD,13,Month-to-month,Fiber optic,Mailed check,96.65,1162.85,No,No,83.66,1,Critical,80.86,P1 - Immediate,Offer annual contract incentive
4086-YQSNZ,3,Month-to-month,Fiber optic,Electronic check,80.4,224.05,No,No,87.85,1,Critical,70.63,P2 - High,Offer annual contract incentive
5868-CZJDR,1,Month-to-month,DSL,Mailed check,31.35,31.35,No,No,77.8,1,Critical,24.39,P3 - Medium,Offer annual contract incentive
0135-NMXAP,12,Month-to-month,Fiber optic,Bank transfer (automatic),89.75,1052.4,No,No,84.56,1,Critical,75.89,P1 - Immediate,Offer annual contract incentive
6270-OMFIW,60,One year,Fiber optic,Electronic check,94.4,5610.25,No,No,51.46,1,High,48.58,P3 - Medium,Offer Tech Support trial/bundle
0107-WESLM,1,Month-to-month,No,Electronic check,19.85,19.85,No internet service,No internet service,57.26,1,High,11.37,P3 - Medium,Offer annual contract incentive
3992-YWPKO,6,Month-to-month,Fiber optic,Credit card (automatic),109.9,669.45,Yes,No,80.25,1,Critical,88.19,P1 - Immediate,Offer annual contract incentive
0125-LZQXK,15,Month-to-month,Fiber optic,Electronic check,101.35,1553.95,Yes,No,76.21,1,Critical,77.24,P1 - Immediate,Offer annual contract incentive
8399-YNDCH,21,Month-to-month,DSL,Bank transfer (automatic),60.05,1236.15,No,No,52.17,1,High,31.33,P3 - Medium,Offer annual contract incentive
5673-FSSMF,1,Month-to-month,DSL,Electronic check,60.15,60.15,No,No,74.78,1,High,44.98,P3 - Medium,Offer annual contract incentive
1579-KLYDT,7,Month-to-month,Fiber optic,Electronic check,90.45,593.45,No,No,88.39,1,Critical,79.95,P1 - Immediate,Offer annual contract incentive
3927-NLNRY,53,One year,Fiber optic,Bank transfer (automatic),94.25,4867.95,No,No,49.0,0,Medium,46.18,P4 - Monitor,Offer Tech Support trial/bundle
6358-LYNGM,1,Month-to-month,Fiber optic,Electronic check,74.9,74.9,No,No,90.03,1,Critical,67.43,P2 - High,Offer annual contract incentive
5494-HECPR,1,Month-to-month,Fiber optic,Electronic check,80.25,80.25,No,No,91.28,1,Critical,73.25,P2 - High,Offer annual contract incentive
9824-BEMCV,17,Month-to-month,Fiber optic,Electronic check,69.0,1149.65,No,No,77.08,1,Critical,53.19,P2 - High,Offer annual contract incentive
1373-ORVIZ,11,Month-to-month,DSL,Electronic check,66.35,740.8,Yes,No,63.72,1,High,42.28,P3 - Medium,Offer annual contract incentive
9866-QEVEE,19,Month-to-month,Fiber optic,Bank transfer (automatic),86.0,1532.45,No,No,75.13,1,Critical,64.61,P2 - High,Offer annual contract incentive
9897-KXHCM,3,Month-to-month,Fiber optic,Electronic check,80.3,250.05,No,No,87.76,1,Critical,70.47,P2 - High,Offer annual contract incentive
7979-CORPM,24,Month-to-month,Fiber optic,Credit card (automatic),90.55,2282.55,No,No,72.99,1,High,66.09,P2 - High,Offer annual contract incentive
1618-CFHME,2,Month-to-month,Fiber optic,Electronic check,75.9,143.35,No,No,88.13,1,Critical,66.89,P2 - High,Offer annual contract incentive
3165-HDOEW,1,Month-to-month,DSL,Mailed check,45.85,45.85,No,No,76.41,1,Critical,35.03,P3 - Medium,Offer annual contract incentive
6581-NQCBA,16,Month-to-month,DSL,Electronic check,49.95,810.2,Yes,No,68.8,1,High,34.37,P3 - Medium,Offer annual contract incentive
1689-MRZQR,34,Month-to-month,Fiber optic,Electronic check,78.3,2564.3,No,No,72.61,1,High,56.85,P2 - High,Offer annual contract incentive
5835-BEQEU,3,Month-to-month,Fiber optic,Electronic check,76.95,228.4,No,No,87.48,1,Critical,67.32,P2 - High,Offer annual contract incentive
5565-FILXA,16,Month-to-month,Fiber optic,Electronic check,96.15,1529.2,No,No,85.94,1,Critical,82.63,P1 - Immediate,Offer annual contract incentive
5552-ZNFSJ,1,Month-to-month,DSL,Electronic check,45.3,45.3,No,No,79.27,1,Critical,35.91,P3 - Medium,Offer annual contract incentive
2223-KAGMX,15,Month-to-month,No,Bank transfer (automatic),19.4,289.3,No internet service,No internet service,36.76,0,Medium,7.13,P4 - Monitor,Offer annual contract incentive
7321-PKUYW,11,Month-to-month,Fiber optic,Electronic check,90.15,987.95,Yes,No,80.6,1,Critical,72.66,P2 - High,Offer annual contract incentive
2833-SLKDQ,1,Month-to-month,DSL,Mailed check,45.05,45.05,No,No,76.4,1,Critical,34.42,P3 - Medium,Offer annual contract incentive
7595-EUIVN,1,Month-to-month,Fiber optic,Electronic check,75.8,75.8,No,No,82.57,1,Critical,62.59,P2 - High,Offer annual contract incentive
2026-TGDHM,7,Month-to-month,Fiber optic,Electronic check,79.3,523.15,No,No,85.61,1,Critical,67.89,P2 - High,Offer annual contract incentive
4030-VPZBD,2,Month-to-month,DSL,Electronic check,30.9,59.05,Yes,No,73.82,1,High,22.81,P3 - Medium,Offer annual contract incentive
4187-CINZD,46,One year,Fiber optic,Credit card (automatic),95.25,4424.2,No,No,47.38,0,Medium,45.13,P4 - Monitor,Offer Tech Support trial/bundle
6818-WOBHJ,68,Month-to-month,Fiber optic,Bank transfer (automatic),89.6,6127.6,No,No,62.53,1,High,56.03,P2 - High,Offer annual contract incentive
2408-TZMJL,59,One year,Fiber optic,Electronic check,110.15,6448.05,No,Yes,53.69,1,High,59.14,P2 - High,Offer Tech Support trial/bundle
9134-CEQMF,7,Month-to-month,Fiber optic,Electronic check,89.5,676.7,No,No,88.52,1,Critical,79.23,P1 - Immediate,Offer annual contract incentive
7993-PYKOF,8,Month-to-month,Fiber optic,Electronic check,75.0,632.95,No,Yes,67.84,1,High,50.88,P2 - High,Offer annual contract incentive
5027-XWQHA,6,Month-to-month,DSL,Electronic check,44.75,270.95,No,No,73.03,1,High,32.68,P3 - Medium,Offer annual contract incentive
4566-QVRRW,11,Month-to-month,DSL,Electronic check,44.05,483.7,No,No,65.2,1,High,28.72,P3 - Medium,Offer annual contract incentive
8519-IMDHU,15,Month-to-month,Fiber optic,Bank transfer (automatic),85.6,1345.55,No,No,81.68,1,Critical,69.92,P2 - High,Offer annual contract incentive
0201-OAMXR,70,One year,Fiber optic,Credit card (automatic),115.55,8127.6,Yes,Yes,44.86,0,Medium,51.84,P4 - Monitor,Review Fiber pricing/service quality
3372-KWFBM,16,Month-to-month,Fiber optic,Electronic check,86.6,1281.0,No,No,84.18,1,Critical,72.9,P2 - High,Offer annual contract incentive
7831-QGOXH,18,Month-to-month,Fiber optic,Electronic check,85.2,1553.9,No,No,81.5,1,Critical,69.44,P2 - High,Offer annual contract incentive
6393-WRYZE,34,Month-to-month,Fiber optic,Electronic check,97.65,3207.55,No,No,79.54,1,Critical,77.67,P1 - Immediate,Offer annual contract incentive
6599-RCLCJ,47,Month-to-month,Fiber optic,Electronic check,109.55,5124.55,Yes,No,69.28,1,High,75.9,P2 - High,Offer annual contract incentive
9831-BPFRI,39,One year,Fiber optic,Electronic check,89.55,3474.45,Yes,No,44.29,0,Medium,39.66,P4 - Monitor,Offer Online Security bundle
1725-MIMXW,1,Month-to-month,No,Mailed check,19.45,19.45,No internet service,No internet service,57.41,1,High,11.17,P3 - Medium,Offer annual contract incentive
0031-PVLZI,4,Month-to-month,No,Mailed check,20.35,76.35,No internet service,No internet service,40.32,0,Medium,8.21,P4 - Monitor,Offer annual contract incentive
7206-GZCDC,1,Month-to-month,Fiber optic,Electronic check,69.25,69.25,No,No,89.06,1,Critical,61.67,P2 - High,Offer annual contract incentive
4791-QRGMF,59,One year,Fiber optic,Bank transfer (automatic),99.5,5961.1,No,No,50.22,1,High,49.97,P3 - Medium,Offer Tech Support trial/bundle
1768-ZAIFU,1,Month-to-month,DSL,Electronic check,25.2,25.2,No,No,85.4,1,Critical,21.52,P3 - Medium,Offer annual contract incentive
4671-LXRDQ,2,Month-to-month,DSL,Mailed check,45.0,96.45,No,No,76.42,1,Critical,34.39,P3 - Medium,Offer annual contract incentive
1934-SJVJK,1,Month-to-month,No,Mailed check,20.15,20.15,No internet service,No internet service,55.08,1,High,11.1,P3 - Medium,Offer annual contract incentive
3838-OZURD,66,Month-to-month,Fiber optic,Credit card (automatic),105.0,7133.25,No,No,69.1,1,High,72.55,P2 - High,Offer annual contract incentive
9269-CQOOL,3,Month-to-month,DSL,Credit card (automatic),54.7,169.45,No,No,72.87,1,High,39.86,P3 - Medium,Offer annual contract incentive
2845-HSJCY,14,Month-to-month,Fiber optic,Electronic check,87.25,1258.6,No,No,84.14,1,Critical,73.41,P2 - High,Offer annual contract incentive
1184-PJVDB,10,Month-to-month,Fiber optic,Electronic check,79.95,857.2,No,No,86.27,1,Critical,68.97,P2 - High,Offer annual contract incentive
9415-DPEWS,18,Month-to-month,Fiber optic,Electronic check,88.35,1639.3,Yes,No,77.69,1,Critical,68.64,P2 - High,Offer annual contract incentive
7943-RQCHR,9,Month-to-month,Fiber optic,Electronic check,94.75,889.9,No,No,89.91,1,Critical,85.19,P1 - Immediate,Offer annual contract incentive
3793-MMFUH,13,Month-to-month,Fiber optic,Electronic check,95.05,1290.0,No,No,87.22,1,Critical,82.9,P1 - Immediate,Offer annual contract incentive
3249-ZPQRG,4,Month-to-month,Fiber optic,Electronic check,78.45,330.05,No,No,80.7,1,Critical,63.31,P2 - High,Offer annual contract incentive
2568-BRGYX,4,Month-to-month,Fiber optic,Electronic check,70.2,237.95,No,No,83.42,1,Critical,58.56,P2 - High,Offer annual contract incentive
7721-JXEAW,59,Month-to-month,DSL,Bank transfer (automatic),41.05,2452.7,No,No,51.8,1,High,21.26,P3 - Medium,Offer annual contract incentive
7249-WBIYX,10,Month-to-month,Fiber optic,Electronic check,85.6,813.85,No,No,88.13,1,Critical,75.44,P1 - Immediate,Offer annual contract incentive
6567-HOOPW,1,Month-to-month,Fiber optic,Electronic check,79.2,79.2,No,No,91.36,1,Critical,72.36,P2 - High,Offer annual contract incentive
3164-AALRN,5,One year,DSL,Mailed check,70.0,347.4,No,No,59.69,1,High,41.78,P3 - Medium,Offer Tech Support trial/bundle
3334-CTHOL,1,Month-to-month,DSL,Bank transfer (automatic),49.95,49.95,No,No,74.04,1,High,36.98,P3 - Medium,Offer annual contract incentive
4704-ERYFC,22,Month-to-month,Fiber optic,Electronic check,69.25,1554.0,No,No,74.74,1,High,51.76,P2 - High,Offer annual contract incentive
8621-MNIHH,34,Month-to-month,Fiber optic,Electronic check,94.25,3217.55,No,No,74.88,1,High,70.57,P2 - High,Offer annual contract incentive
0471-LVHGK,41,One year,DSL,Electronic check,73.0,3001.2,No,No,48.55,0,Medium,35.44,P4 - Monitor,Offer Tech Support trial/bundle
9518-RWHZL,64,One year,Fiber optic,Credit card (automatic),100.05,6254.2,No,No,50.17,1,High,50.2,P2 - High,Offer Tech Support trial/bundle
5419-CONWX,4,Month-to-month,Fiber optic,Credit card (automatic),99.8,442.85,No,No,86.61,1,Critical,86.44,P1 - Immediate,Offer annual contract incentive
6240-EURKS,18,Month-to-month,DSL,Electronic check,35.0,553.0,No,No,69.36,1,High,24.28,P3 - Medium,Offer annual contract incentive
6960-HVYXR,1,Month-to-month,Fiber optic,Electronic check,76.0,76.0,No,No,88.3,1,Critical,67.11,P2 - High,Offer annual contract incentive
7024-OHCCK,2,Month-to-month,Fiber optic,Electronic check,93.85,170.85,No,No,92.24,1,Critical,86.57,P1 - Immediate,Offer annual contract incentive
7861-UVUFT,15,Month-to-month,Fiber optic,Electronic check,84.3,1308.4,No,No,81.64,1,Critical,68.82,P2 - High,Offer annual contract incentive
5357-TZHPP,9,Month-to-month,Fiber optic,Credit card (automatic),84.4,732.5,No,No,85.31,1,Critical,72.0,P2 - High,Offer annual contract incentive
0680-DFNNY,15,Month-to-month,Fiber optic,Electronic check,101.1,1504.05,No,No,86.17,1,Critical,87.12,P1 - Immediate,Offer annual contract incentive
7767-UXAGJ,1,Month-to-month,DSL,Electronic check,50.45,50.45,No,No,79.46,1,Critical,40.09,P3 - Medium,Offer annual contract incentive
1571-SAVHK,12,Month-to-month,Fiber optic,Mailed check,99.95,1132.75,Yes,No,80.97,1,Critical,80.93,P1 - Immediate,Offer annual contract incentive
9546-CQJSU,2,Month-to-month,Fiber optic,Electronic check,91.4,193.6,No,No,90.22,1,Critical,82.46,P1 - Immediate,Offer annual contract incentive
0506-LVNGN,5,Month-to-month,Fiber optic,Credit card (automatic),75.55,349.65,No,No,81.64,1,Critical,61.68,P2 - High,Offer annual contract incentive
2951-QOQTK,4,Month-to-month,Fiber optic,Credit card (automatic),80.8,332.45,Yes,No,76.41,1,Critical,61.74,P2 - High,Offer annual contract incentive
3473-XIIIT,16,Month-to-month,Fiber optic,Electronic check,100.0,1534.75,No,No,84.59,1,Critical,84.59,P1 - Immediate,Offer annual contract incentive
7893-IXHRQ,1,Month-to-month,No,Electronic check,20.55,20.55,No internet service,No internet service,44.99,0,Medium,9.25,P4 - Monitor,Offer annual contract incentive
2952-QAYZF,5,Month-to-month,Fiber optic,Electronic check,85.3,424.15,No,No,86.74,1,Critical,73.99,P2 - High,Offer annual contract incentive
4763-PGDPO,4,Month-to-month,Fiber optic,Electronic check,70.4,281.0,No,No,81.69,1,Critical,57.51,P2 - High,Offer annual contract incentive
5394-SVGJV,37,Month-to-month,Fiber optic,Bank transfer (automatic),98.8,3475.55,Yes,No,62.73,1,High,61.98,P2 - High,Offer annual contract incentive
9283-LZQOH,13,Month-to-month,Fiber optic,Credit card (automatic),74.4,896.75,No,No,80.14,1,Critical,59.62,P2 - High,Offer annual contract incentive
7079-QRCBC,24,Month-to-month,Fiber optic,Electronic check,98.75,2407.3,No,No,81.28,1,Critical,80.26,P1 - Immediate,Offer annual contract incentive
5469-CTCWN,61,One year,Fiber optic,Electronic check,106.0,6547.7,No,Yes,47.51,0,Medium,50.36,P4 - Monitor,Offer Tech Support trial/bundle
9851-QXEEQ,41,Month-to-month,Fiber optic,Electronic check,104.7,4346.4,No,No,78.13,1,Critical,81.8,P1 - Immediate,Offer annual contract incentive
9809-IMGCQ,22,Month-to-month,Fiber optic,Electronic check,96.7,2082.95,No,No,81.98,1,Critical,79.27,P1 - Immediate,Offer annual contract incentive
5208-HFSBT,2,Month-to-month,DSL,Credit card (automatic),55.05,102.75,Yes,No,68.3,1,High,37.6,P3 - Medium,Offer annual contract incentive
3254-YRILK,19,Month-to-month,Fiber optic,Electronic check,88.2,1775.8,No,No,80.84,1,Critical,71.3,P2 - High,Offer annual contract incentive
2667-WYLWJ,8,One year,No,Mailed check,19.75,145.0,No internet service,No internet service,21.39,0,Low,4.22,P4 - Monitor,Standard retention campaign
0529-ONKER,15,Month-to-month,Fiber optic,Electronic check,75.65,1146.65,No,No,78.46,1,Critical,59.35,P2 - High,Offer annual contract incentive
5240-IJOQT,1,Month-to-month,Fiber optic,Electronic check,74.7,74.7,No,No,90.43,1,Critical,67.55,P2 - High,Offer annual contract incentive
1092-GANHU,17,Month-to-month,Fiber optic,Electronic check,76.65,1313.55,No,No,74.41,1,High,57.04,P2 - High,Offer annual contract incentive
0661-XEYAN,1,Month-to-month,DSL,Mailed check,25.8,25.8,No,No,82.54,1,Critical,21.3,P3 - Medium,Offer annual contract incentive
7881-EVUAD,2,Month-to-month,DSL,Electronic check,42.6,72.4,No,Yes,72.4,1,High,30.84,P3 - Medium,Offer annual contract incentive
5766-XQXMQ,29,Month-to-month,DSL,Bank transfer (automatic),68.85,1970.5,No,Yes,39.06,0,Medium,26.89,P4 - Monitor,Offer annual contract incentive
3703-VAVCL,2,Month-to-month,Fiber optic,Credit card (automatic),90.0,190.05,Yes,No,79.84,1,Critical,71.86,P2 - High,Offer annual contract incentive
8519-QJGJD,14,Month-to-month,Fiber optic,Electronic check,75.35,1025.95,No,No,76.2,1,Critical,57.42,P2 - High,Offer annual contract incentive
6326-MTTXK,8,Month-to-month,Fiber optic,Electronic check,100.85,819.55,No,No,83.44,1,Critical,84.15,P1 - Immediate,Offer annual contract incentive
0330-IVZHA,5,Month-to-month,Fiber optic,Electronic check,69.95,330.15,No,No,81.54,1,Critical,57.04,P2 - High,Offer annual contract incentive
2886-KEFUM,63,One year,Fiber optic,Electronic check,107.5,6873.75,No,No,56.18,1,High,60.39,P2 - High,Offer Tech Support trial/bundle
4237-RLAQD,1,Month-to-month,DSL,Mailed check,45.85,45.85,No,No,76.49,1,Critical,35.07,P3 - Medium,Offer annual contract incentive
9651-GTSAQ,53,One year,Fiber optic,Bank transfer (automatic),106.1,5769.75,No,Yes,49.7,0,Medium,52.73,P4 - Monitor,Offer Tech Support trial/bundle
3186-BAXNB,1,Month-to-month,Fiber optic,Electronic check,91.7,91.7,Yes,No,80.42,1,Critical,73.75,P2 - High,Offer annual contract incentive
0637-YLETY,16,Month-to-month,Fiber optic,Credit card (automatic),95.6,1555.65,No,No,78.46,1,Critical,75.01,P1 - Immediate,Offer annual contract incentive
1157-BQCUW,1,Month-to-month,Fiber optic,Electronic check,74.95,74.95,No,No,90.03,1,Critical,67.48,P2 - High,Offer annual contract incentive
2660-EMUBI,10,Month-to-month,Fiber optic,Electronic check,95.35,898.35,No,No,90.56,1,Critical,86.35,P1 - Immediate,Offer annual contract incentive
7675-OZCZG,3,Month-to-month,DSL,Electronic check,45.0,127.1,No,No,78.12,1,Critical,35.15,P3 - Medium,Offer annual contract incentive
2003-CKLOR,66,Month-to-month,Fiber optic,Electronic check,99.5,6710.5,No,No,64.01,1,High,63.69,P2 - High,Offer annual contract incentive
9254-RBFON,17,One year,Fiber optic,Bank transfer (automatic),98.6,1704.95,Yes,No,42.99,0,Medium,42.39,P4 - Monitor,Offer Online Security bundle
1205-WNWPJ,7,Month-to-month,DSL,Mailed check,59.5,415.95,Yes,No,54.61,1,High,32.49,P3 - Medium,Offer annual contract incentive
9391-EOYLI,12,Month-to-month,Fiber optic,Electronic check,80.45,950.2,No,No,83.3,1,Critical,67.01,P2 - High,Offer annual contract incentive
8387-MOJJT,42,Month-to-month,Fiber optic,Credit card (automatic),77.95,3384.0,No,No,68.45,1,High,53.36,P2 - High,Offer annual contract incentive
2761-OCIAX,2,Month-to-month,Fiber optic,Electronic check,74.7,165.4,No,No,84.52,1,Critical,63.14,P2 - High,Offer annual contract incentive
3068-OMWZA,1,Month-to-month,Fiber optic,Electronic check,88.8,88.8,No,No,91.81,1,Critical,81.53,P1 - Immediate,Offer annual contract incentive
6032-KRXXO,30,Month-to-month,Fiber optic,Electronic check,90.25,2755.35,No,No,76.06,1,Critical,68.64,P2 - High,Offer annual contract incentive
7459-RRWQZ,15,Month-to-month,DSL,Bank transfer (automatic),64.65,994.55,No,Yes,49.28,0,Medium,31.86,P4 - Monitor,Offer annual contract incentive
4154-AQUGT,13,Month-to-month,Fiber optic,Bank transfer (automatic),89.05,1169.35,Yes,No,71.8,1,High,63.94,P2 - High,Offer annual contract incentive
3092-IGHWF,67,One year,Fiber optic,Electronic check,87.4,5918.8,No,No,46.45,0,Medium,40.6,P4 - Monitor,Offer Tech Support trial/bundle
8017-LXHFA,23,Month-to-month,Fiber optic,Electronic check,94.75,2293.6,No,No,76.65,1,Critical,72.63,P2 - High,Offer annual contract incentive
6352-TWCAU,35,Month-to-month,Fiber optic,Electronic check,86.45,3029.1,No,No,78.27,1,Critical,67.66,P2 - High,Offer annual contract incentive
2929-QNSRW,56,One year,Fiber optic,Electronic check,98.25,5508.35,No,No,53.89,1,High,52.95,P2 - High,Offer Tech Support trial/bundle
1262-OPMFY,9,Month-to-month,Fiber optic,Bank transfer (automatic),75.75,655.9,No,No,81.23,1,Critical,61.53,P2 - High,Offer annual contract incentive
4248-QPAVC,17,Month-to-month,Fiber optic,Bank transfer (automatic),85.35,1463.45,No,Yes,63.84,1,High,54.49,P2 - High,Offer annual contract incentive
1899-VXWXM,48,One year,Fiber optic,Credit card (automatic),106.1,5082.8,No,No,55.32,1,High,58.69,P2 - High,Offer Tech Support trial/bundle
4690-LLKUA,17,Month-to-month,DSL,Electronic check,45.05,770.6,No,No,64.56,1,High,29.08,P3 - Medium,Offer annual contract incentive
3331-HQDTW,34,Month-to-month,Fiber optic,Mailed check,109.8,3587.25,No,Yes,56.38,1,High,61.91,P2 - High,Offer annual contract incentive
9490-DFPMD,42,Month-to-month,Fiber optic,Electronic check,84.65,3541.35,No,No,77.63,1,Critical,65.71,P2 - High,Offer annual contract incentive
5442-XSDCW,11,Month-to-month,Fiber optic,Bank transfer (automatic),79.5,868.5,No,No,81.69,1,Critical,64.94,P2 - High,Offer annual contract incentive
3049-NDXFL,1,Month-to-month,Fiber optic,Mailed check,85.8,85.8,No,No,89.27,1,Critical,76.59,P1 - Immediate,Offer annual contract incentive
8580-AECUZ,1,Month-to-month,Fiber optic,Electronic check,79.1,79.1,No,No,91.2,1,Critical,72.14,P2 - High,Offer annual contract incentive
7963-GQRMY,3,Month-to-month,DSL,Mailed check,44.3,134.5,No,No,73.01,1,High,32.34,P3 - Medium,Offer annual contract incentive
1228-FZFRV,50,Month-to-month,Fiber optic,Credit card (automatic),105.95,5341.8,No,Yes,64.29,1,High,68.12,P2 - High,Offer annual contract incentive
2058-DCJBE,5,Month-to-month,Fiber optic,Electronic check,69.75,324.6,No,No,82.62,1,Critical,57.63,P2 - High,Offer annual contract incentive
5364-XYIRR,51,Month-to-month,Fiber optic,Electronic check,94.65,4812.75,No,No,78.65,1,Critical,74.44,P2 - High,Offer annual contract incentive
4829-AUOAX,46,Month-to-month,Fiber optic,Bank transfer (automatic),96.05,4399.5,No,No,65.63,1,High,63.04,P2 - High,Offer annual contract incentive
5047-LHVLY,1,Month-to-month,DSL,Mailed check,50.15,50.15,No,No,78.51,1,Critical,39.37,P3 - Medium,Offer annual contract incentive
9158-VCTQB,41,Month-to-month,Fiber optic,Bank transfer (automatic),113.6,4594.95,Yes,Yes,57.8,1,High,65.66,P2 - High,Offer annual contract incentive
6311-UEUME,29,Month-to-month,Fiber optic,Electronic check,78.9,2384.15,No,No,75.03,1,Critical,59.2,P2 - High,Offer annual contract incentive
6839-ITVZJ,26,Month-to-month,DSL,Electronic check,60.05,1616.15,Yes,No,45.37,0,Medium,27.24,P4 - Monitor,Offer annual contract incentive
0375-HVGXO,1,Month-to-month,DSL,Electronic check,34.7,34.7,No,No,82.59,1,Critical,28.66,P3 - Medium,Offer annual contract incentive
8593-WHYHV,3,Month-to-month,Fiber optic,Electronic check,85.3,264.8,No,No,89.25,1,Critical,76.13,P1 - Immediate,Offer annual contract incentive
6097-EQISJ,66,One year,Fiber optic,Credit card (automatic),102.45,6615.15,No,No,49.9,0,Medium,51.12,P4 - Monitor,Offer Tech Support trial/bundle
4423-YLHDV,21,Month-to-month,Fiber optic,Bank transfer (automatic),104.4,2200.25,No,Yes,75.19,1,Critical,78.5,P1 - Immediate,Offer annual contract incentive
0107-YHINA,1,Month-to-month,Fiber optic,Electronic check,99.75,99.75,No,No,92.46,1,Critical,92.23,P1 - Immediate,Offer annual contract incentive
8640-SDGKB,4,Month-to-month,DSL,Electronic check,74.4,299.7,Yes,No,62.96,1,High,46.84,P3 - Medium,Offer annual contract incentive
4116-TZAQJ,9,Month-to-month,Fiber optic,Credit card (automatic),74.25,639.65,No,Yes,65.77,1,High,48.83,P3 - Medium,Offer annual contract incentive
3877-JRJIP,1,Month-to-month,DSL,Electronic check,59.85,59.85,No,No,71.97,1,High,43.07,P3 - Medium,Offer annual contract incentive
8375-DKEBR,1,Month-to-month,Fiber optic,Electronic check,69.6,69.6,No,No,89.11,1,Critical,62.02,P2 - High,Offer annual contract incentive
7511-YMXVQ,9,Month-to-month,DSL,Electronic check,45.4,418.8,No,No,75.05,1,Critical,34.07,P3 - Medium,Offer annual contract incentive
7551-JOHTI,1,Month-to-month,No,Mailed check,19.5,19.5,No internet service,No internet service,54.38,1,High,10.6,P3 - Medium,Offer annual contract incentive
9804-ICWBG,1,Month-to-month,Fiber optic,Electronic check,69.9,69.9,No,No,89.07,1,Critical,62.26,P2 - High,Offer annual contract incentive
5318-IXUZF,2,Month-to-month,Fiber optic,Bank transfer (automatic),87.15,183.75,No,No,85.66,1,Critical,74.65,P2 - High,Offer annual contract incentive
3198-VELRD,3,Month-to-month,Fiber optic,Bank transfer (automatic),84.75,264.85,No,No,89.62,1,Critical,75.95,P1 - Immediate,Offer annual contract incentive
9436-ZBZCT,14,Month-to-month,Fiber optic,Electronic check,89.95,1178.4,Yes,No,81.39,1,Critical,73.21,P2 - High,Offer annual contract incentive
7279-BUYWN,41,Month-to-month,Fiber optic,Electronic check,113.2,4689.5,No,Yes,60.65,1,High,68.66,P2 - High,Offer annual contract incentive
7156-MHUGY,13,Month-to-month,Fiber optic,Electronic check,90.5,1201.15,No,No,84.58,1,Critical,76.54,P1 - Immediate,Offer annual contract incentive
7198-GLXTC,2,Month-to-month,Fiber optic,Electronic check,79.0,143.65,No,No,86.43,1,Critical,68.28,P2 - High,Offer annual contract incentive
0516-VRYBW,18,One year,No,Bank transfer (automatic),20.15,390.85,No internet service,No internet service,15.28,0,Low,3.08,P4 - Monitor,Standard retention campaign
8380-PEFPE,1,Month-to-month,Fiber optic,Electronic check,71.65,71.65,No,No,89.07,1,Critical,63.82,P2 - High,Offer annual contract incentive
5687-DKDTV,4,Month-to-month,No,Mailed check,20.35,77.5,No internet service,No internet service,34.18,0,Medium,6.96,P4 - Monitor,Offer annual contract incentive
7530-HDYDS,38,Month-to-month,Fiber optic,Credit card (automatic),84.25,3264.5,Yes,No,56.14,1,High,47.3,P3 - Medium,Offer annual contract incentive
3096-IZETN,12,Month-to-month,Fiber optic,Bank transfer (automatic),78.1,947.3,No,No,76.56,1,Critical,59.79,P2 - High,Offer annual contract incentive
5922-ABDVO,19,Month-to-month,Fiber optic,Mailed check,89.65,1761.05,No,No,69.69,1,High,62.48,P2 - High,Offer annual contract incentive
9172-ANCRX,10,Month-to-month,Fiber optic,Electronic check,98.7,973.25,No,Yes,85.11,1,Critical,84.0,P1 - Immediate,Offer annual contract incentive
6910-HADCM,1,Month-to-month,Fiber optic,Electronic check,76.35,76.35,No,No,87.48,1,Critical,66.79,P2 - High,Offer annual contract incentive
4816-LXZYW,23,Month-to-month,Fiber optic,Electronic check,79.15,1676.95,No,No,77.04,1,Critical,60.98,P2 - High,Offer annual contract incentive
9606-PBKBQ,32,Month-to-month,Fiber optic,Electronic check,85.0,2642.05,No,No,78.23,1,Critical,66.5,P2 - High,Offer annual contract incentive
3536-IQCTX,32,Month-to-month,Fiber optic,Electronic check,85.3,2661.1,No,No,73.38,1,High,62.59,P2 - High,Offer annual contract incentive
4911-BANWH,31,Month-to-month,Fiber optic,Credit card (automatic),86.55,2697.4,No,No,73.06,1,High,63.23,P2 - High,Offer annual contract incentive
8496-EJAUI,19,Month-to-month,Fiber optic,Credit card (automatic),73.85,1424.5,No,No,68.43,1,High,50.54,P2 - High,Offer annual contract incentive
3132-TVFDZ,57,Month-to-month,DSL,Electronic check,44.85,2572.95,No,No,65.27,1,High,29.27,P3 - Medium,Offer annual contract incentive
8080-DDEMJ,1,Month-to-month,DSL,Electronic check,45.1,45.1,No,No,82.02,1,Critical,36.99,P3 - Medium,Offer annual contract incentive
6365-MTGZX,24,Month-to-month,Fiber optic,Electronic check,96.0,2122.45,Yes,No,68.98,1,High,66.22,P2 - High,Offer annual contract incentive
1349-WXNGG,1,Month-to-month,No,Bank transfer (automatic),20.05,20.05,No internet service,No internet service,49.49,0,Medium,9.92,P4 - Monitor,Offer annual contract incentive
6990-YNRIO,65,Two year,Fiber optic,Bank transfer (automatic),108.65,6937.95,Yes,Yes,37.49,0,Medium,40.73,P4 - Monitor,Review Fiber pricing/service quality
0621-TWIEM,10,Month-to-month,DSL,Electronic check,45.55,402.6,No,No,68.84,1,High,31.36,P3 - Medium,Offer annual contract incentive
2485-ITVKB,2,Month-to-month,DSL,Electronic check,35.1,68.75,No,No,82.32,1,Critical,28.89,P3 - Medium,Offer annual contract incentive
3669-OYSJI,1,Month-to-month,DSL,Credit card (automatic),46.2,46.2,No,No,74.99,1,High,34.65,P3 - Medium,Offer annual contract incentive
1612-EOHDH,1,Month-to-month,DSL,Electronic check,45.15,45.15,No,No,77.55,1,Critical,35.01,P3 - Medium,Offer annual contract incentive
6702-OHFWR,1,Month-to-month,DSL,Electronic check,43.3,43.3,No,No,84.32,1,Critical,36.51,P3 - Medium,Offer annual contract incentive
4510-PYUSH,38,Month-to-month,DSL,Credit card (automatic),57.15,2250.65,No,Yes,44.52,0,Medium,25.44,P4 - Monitor,Offer annual contract incentive
7517-SAWMO,19,Month-to-month,Fiber optic,Electronic check,73.2,1441.1,No,Yes,67.98,1,High,49.76,P3 - Medium,Offer annual contract incentive
4143-HHPMK,52,Month-to-month,Fiber optic,Electronic check,85.35,4338.6,No,No,70.7,1,High,60.34,P2 - High,Offer annual contract incentive
7054-LGEQW,1,Month-to-month,DSL,Mailed check,45.95,45.95,No,No,75.8,1,Critical,34.83,P3 - Medium,Offer annual contract incentive
0923-PNFUB,3,Month-to-month,Fiber optic,Electronic check,83.75,247.25,No,No,81.62,1,Critical,68.36,P2 - High,Offer annual contract incentive
3494-JCHRQ,1,Month-to-month,Fiber optic,Electronic check,70.05,70.05,No,No,88.94,1,Critical,62.3,P2 - High,Offer annual contract incentive
6474-FVJLC,2,Month-to-month,Fiber optic,Electronic check,86.0,165.45,No,No,89.98,1,Critical,77.38,P1 - Immediate,Offer annual contract incentive
8840-DQLGN,35,Month-to-month,Fiber optic,Bank transfer (automatic),100.5,3653.35,Yes,Yes,51.58,1,High,51.84,P2 - High,Offer annual contract incentive
4547-LYTDD,16,Month-to-month,Fiber optic,Electronic check,72.65,1194.3,No,No,73.12,1,High,53.12,P2 - High,Offer annual contract incentive
6770-XUAGN,1,Month-to-month,No,Electronic check,21.0,21.0,No internet service,No internet service,52.34,1,High,10.99,P3 - Medium,Offer annual contract incentive
4193-ORFCL,1,Month-to-month,DSL,Mailed check,45.1,45.1,No,No,79.51,1,Critical,35.86,P3 - Medium,Offer annual contract incentive
7776-QWNFX,30,Month-to-month,DSL,Bank transfer (automatic),50.4,1527.5,No,No,46.38,0,Medium,23.38,P4 - Monitor,Offer annual contract incentive
6689-TCZHQ,5,Month-to-month,Fiber optic,Electronic check,78.95,378.4,No,No,83.68,1,Critical,66.07,P2 - High,Offer annual contract incentive
3143-ILDAL,56,Month-to-month,Fiber optic,Electronic check,94.45,5124.6,Yes,No,63.71,1,High,60.17,P2 - High,Offer annual contract incentive
4720-VSTSI,44,Month-to-month,Fiber optic,Bank transfer (automatic),84.8,3862.55,No,No,68.38,1,High,57.99,P2 - High,Offer annual contract incentive
3946-MHCZW,1,Month-to-month,DSL,Mailed check,50.9,50.9,No,No,74.78,1,High,38.06,P3 - Medium,Offer annual contract incentive
6651-AZVTJ,49,Month-to-month,Fiber optic,Electronic check,99.8,4872.45,No,No,78.45,1,Critical,78.29,P1 - Immediate,Offer annual contract incentive
4566-GOLUK,47,Month-to-month,Fiber optic,Bank transfer (automatic),107.35,5118.95,Yes,No,69.83,1,High,74.96,P2 - High,Offer annual contract incentive
2484-DGXPZ,31,Month-to-month,No,Mailed check,19.55,658.95,No internet service,No internet service,35.96,0,Medium,7.03,P4 - Monitor,Offer annual contract incentive
4587-NUKOX,3,Month-to-month,Fiber optic,Electronic check,79.1,246.5,No,Yes,70.07,1,High,55.43,P2 - High,Offer annual contract incentive
0420-BWTPW,8,Month-to-month,DSL,Mailed check,25.5,215.2,No,No,69.56,1,High,17.74,P3 - Medium,Offer annual contract incentive
8183-ONMXC,2,Month-to-month,Fiber optic,Electronic check,80.75,159.45,No,No,86.87,1,Critical,70.15,P2 - High,Offer annual contract incentive
9614-RMGHA,65,Month-to-month,Fiber optic,Bank transfer (automatic),91.85,5940.85,No,No,63.75,1,High,58.55,P2 - High,Offer annual contract incentive
5054-IEXZT,1,Month-to-month,Fiber optic,Electronic check,75.35,75.35,No,No,87.93,1,Critical,66.26,P2 - High,Offer annual contract incentive
5834-ASPWA,1,Month-to-month,Fiber optic,Electronic check,75.45,75.45,No,No,90.3,1,Critical,68.13,P2 - High,Offer annual contract incentive
3948-XHGNA,24,Month-to-month,DSL,Bank transfer (automatic),49.55,1210.4,No,Yes,45.03,0,Medium,22.31,P4 - Monitor,Offer annual contract incentive
0565-IYCGT,69,One year,DSL,Credit card (automatic),78.6,5356.45,Yes,Yes,26.83,0,Medium,21.09,P4 - Monitor,Standard retention campaign
5445-UTODQ,7,Month-to-month,Fiber optic,Electronic check,81.1,576.65,No,No,87.28,1,Critical,70.78,P2 - High,Offer annual contract incentive
1024-VRZHF,11,Month-to-month,Fiber optic,Electronic check,74.95,825.7,No,No,83.7,1,Critical,62.73,P2 - High,Offer annual contract incentive
9497-QCMMS,1,Month-to-month,Fiber optic,Electronic check,93.55,93.55,No,No,93.17,1,Critical,87.16,P1 - Immediate,Offer annual contract incentive
0348-SDKOL,58,Month-to-month,Fiber optic,Credit card (automatic),102.1,5885.4,Yes,No,62.98,1,High,64.3,P2 - High,Offer annual contract incentive
4373-MAVJG,14,Month-to-month,Fiber optic,Bank transfer (automatic),90.9,1259.0,No,No,80.88,1,Critical,73.52,P2 - High,Offer annual contract incentive
8901-HJXTF,12,Month-to-month,DSL,Mailed check,29.2,309.1,No,No,57.72,1,High,16.85,P3 - Medium,Offer annual contract incentive
5419-KLXBN,25,Month-to-month,Fiber optic,Bank transfer (automatic),89.15,2257.75,No,No,69.3,1,High,61.78,P2 - High,Offer annual contract incentive
3424-NMNBO,58,One year,Fiber optic,Electronic check,108.85,6287.25,No,Yes,53.48,1,High,58.21,P2 - High,Offer Tech Support trial/bundle
4514-GFCFI,16,Month-to-month,Fiber optic,Electronic check,84.75,1350.15,No,No,83.48,1,Critical,70.75,P2 - High,Offer annual contract incentive
9828-AOQLM,1,Month-to-month,DSL,Electronic check,45.7,45.7,No,No,78.09,1,Critical,35.69,P3 - Medium,Offer annual contract incentive
8000-REIQB,1,Month-to-month,Fiber optic,Electronic check,69.95,69.95,No,No,88.74,1,Critical,62.07,P2 - High,Offer annual contract incentive
7615-ESMYF,2,Month-to-month,DSL,Electronic check,44.6,97.1,No,No,80.8,1,Critical,36.04,P3 - Medium,Offer annual contract incentive
3858-VOBET,23,Month-to-month,Fiber optic,Electronic check,74.95,1710.45,No,No,76.11,1,Critical,57.04,P2 - High,Offer annual contract incentive
1447-PJGGA,57,Two year,Fiber optic,Electronic check,95.25,5464.65,No,No,49.53,0,Medium,47.18,P4 - Monitor,Offer Tech Support trial/bundle
8565-CLBZW,24,Month-to-month,Fiber optic,Mailed check,89.85,2165.05,No,No,72.6,1,High,65.23,P2 - High,Offer annual contract incentive
9139-WQQDY,49,One year,Fiber optic,Mailed check,100.45,4941.8,No,No,46.59,0,Medium,46.8,P4 - Monitor,Offer Tech Support trial/bundle
0224-HJAPT,5,Month-to-month,DSL,Electronic check,47.15,223.15,No,No,76.48,1,Critical,36.06,P3 - Medium,Offer annual contract incentive
8086-OVPWV,2,Month-to-month,Fiber optic,Electronic check,80.2,181.1,No,No,87.53,1,Critical,70.2,P2 - High,Offer annual contract incentive
9430-FRQOC,4,Month-to-month,Fiber optic,Mailed check,87.1,341.45,Yes,No,83.09,1,Critical,72.37,P2 - High,Offer annual contract incentive
3074-GQWYX,5,Month-to-month,Fiber optic,Bank transfer (automatic),75.9,357.75,No,No,85.46,1,Critical,64.86,P2 - High,Offer annual contract incentive
6845-RGTYS,47,Month-to-month,Fiber optic,Electronic check,98.75,4533.7,No,Yes,65.08,1,High,64.27,P2 - High,Offer annual contract incentive
8861-HGGKB,10,Month-to-month,Fiber optic,Electronic check,86.45,830.85,No,No,83.25,1,Critical,71.97,P2 - High,Offer annual contract incentive
7065-YUNRY,1,Month-to-month,DSL,Mailed check,45.3,45.3,No,No,75.78,1,Critical,34.33,P3 - Medium,Offer annual contract incentive
7694-VLBWQ,67,One year,Fiber optic,Electronic check,104.1,7040.85,No,No,56.07,1,High,58.37,P2 - High,Offer Tech Support trial/bundle
4795-KTRTH,5,Month-to-month,Fiber optic,Electronic check,81.0,371.65,No,No,87.93,1,Critical,71.22,P2 - High,Offer annual contract incentive
6481-OGDOO,67,One year,Fiber optic,Credit card (automatic),90.6,6056.15,No,Yes,38.74,0,Medium,35.1,P4 - Monitor,Offer Tech Support trial/bundle
3753-TSEMP,15,Month-to-month,Fiber optic,Electronic check,88.15,1390.6,No,No,80.07,1,Critical,70.58,P2 - High,Offer annual contract incentive
8305-VHZBZ,1,Month-to-month,No,Mailed check,20.2,20.2,No internet service,No internet service,61.48,1,High,12.42,P3 - Medium,Offer annual contract incentive
9172-JITSM,26,Month-to-month,Fiber optic,Electronic check,90.8,2361.8,No,No,76.52,1,Critical,69.48,P2 - High,Offer annual contract incentive
6298-QDFNH,22,Month-to-month,Fiber optic,Electronic check,79.35,1730.35,No,No,77.84,1,Critical,61.77,P2 - High,Offer annual contract incentive
9961-JBNMK,21,Month-to-month,Fiber optic,Bank transfer (automatic),96.8,2030.3,No,No,72.61,1,High,70.29,P2 - High,Offer annual contract incentive
6173-ITPWD,47,Month-to-month,Fiber optic,Bank transfer (automatic),83.35,4065.0,No,No,67.49,1,High,56.25,P2 - High,Offer annual contract incentive
9734-UYXQI,2,Month-to-month,DSL,Electronic check,49.4,106.55,No,No,77.52,1,Critical,38.29,P3 - Medium,Offer annual contract incentive
2189-UXTKY,22,Month-to-month,DSL,Electronic check,79.2,1742.75,Yes,Yes,53.51,1,High,42.38,P3 - Medium,Offer annual contract incentive
4958-GZWIY,7,Month-to-month,DSL,Electronic check,48.7,340.25,No,No,70.21,1,High,34.19,P3 - Medium,Offer annual contract incentive
6356-ELRKD,1,Month-to-month,Fiber optic,Electronic check,95.6,95.6,No,Yes,85.44,1,Critical,81.68,P1 - Immediate,Offer annual contract incentive
8624-GIOUT,49,Month-to-month,DSL,Credit card (automatic),59.75,2934.3,No,Yes,37.55,0,Medium,22.44,P4 - Monitor,Offer annual contract incentive
6179-GJPSO,43,Month-to-month,Fiber optic,Credit card (automatic),108.15,4600.7,Yes,Yes,58.37,1,High,63.13,P2 - High,Offer annual contract incentive
3177-LASXD,1,Month-to-month,Fiber optic,Electronic check,71.35,71.35,No,No,87.17,1,Critical,62.2,P2 - High,Offer annual contract incentive
4897-QSUYC,1,Month-to-month,No,Mailed check,20.15,20.15,No internet service,No internet service,65.76,1,High,13.25,P3 - Medium,Offer annual contract incentive
1084-UQCHV,1,Month-to-month,Fiber optic,Bank transfer (automatic),69.75,69.75,No,No,84.24,1,Critical,58.76,P2 - High,Offer annual contract incentive
8290-YWKHZ,32,Month-to-month,Fiber optic,Electronic check,93.2,2931.0,No,No,79.77,1,Critical,74.35,P2 - High,Offer annual contract incentive
2955-BJZHG,17,Month-to-month,Fiber optic,Electronic check,80.85,1400.85,No,No,75.24,1,Critical,60.83,P2 - High,Offer annual contract incentive
3806-DXQOM,4,Month-to-month,DSL,Electronic check,33.65,137.85,No,Yes,70.37,1,High,23.68,P3 - Medium,Offer annual contract incentive
9300-RENDD,1,Month-to-month,Fiber optic,Electronic check,79.95,79.95,No,No,91.29,1,Critical,72.99,P2 - High,Offer annual contract incentive
0761-AETCS,1,Month-to-month,No,Electronic check,19.3,19.3,No internet service,No internet service,51.75,1,High,9.99,P3 - Medium,Offer annual contract incentive
2153-MREFK,37,One year,Fiber optic,Electronic check,99.2,3754.6,Yes,Yes,51.54,1,High,51.13,P2 - High,Promote automatic payment
3106-ULWFW,8,Month-to-month,Fiber optic,Credit card (automatic),85.2,627.4,No,No,86.49,1,Critical,73.69,P2 - High,Offer annual contract incentive
0925-VYDLG,3,Month-to-month,Fiber optic,Electronic check,75.25,242.0,No,No,84.51,1,Critical,63.59,P2 - High,Offer annual contract incentive
4349-GFQHK,1,Month-to-month,DSL,Electronic check,54.35,54.35,No,No,75.46,1,Critical,41.01,P3 - Medium,Offer annual contract incentive
7802-EFKNY,5,Month-to-month,DSL,Electronic check,24.95,100.4,No,No,78.75,1,Critical,19.65,P3 - Medium,Offer annual contract incentive
8035-BUYVG,40,One year,DSL,Electronic check,42.35,1716.45,No,Yes,35.34,0,Medium,14.97,P4 - Monitor,Offer Tech Support trial/bundle
9787-XVQIU,1,Month-to-month,Fiber optic,Electronic check,75.3,75.3,No,No,90.3,1,Critical,68.0,P2 - High,Offer annual contract incentive
8945-MUQUF,51,One year,Fiber optic,Electronic check,94.8,4837.6,No,Yes,42.17,0,Medium,39.98,P4 - Monitor,Offer Tech Support trial/bundle
8051-HJRLT,1,Month-to-month,Fiber optic,Electronic check,70.55,70.55,No,No,88.53,1,Critical,62.46,P2 - High,Offer annual contract incentive
3023-GFLBR,33,Month-to-month,Fiber optic,Credit card (automatic),86.15,2745.7,No,No,68.71,1,High,59.19,P2 - High,Offer annual contract incentive
0524-IAVZO,30,Month-to-month,Fiber optic,Electronic check,85.0,2624.25,No,No,78.22,1,Critical,66.49,P2 - High,Offer annual contract incentive
2737-YNGYW,2,Month-to-month,Fiber optic,Electronic check,80.55,184.1,No,No,86.29,1,Critical,69.51,P2 - High,Offer annual contract incentive
5159-YFPKQ,2,Month-to-month,Fiber optic,Electronic check,75.8,160.75,No,No,86.53,1,Critical,65.59,P2 - High,Offer annual contract incentive
4021-RQSNY,29,Month-to-month,Fiber optic,Electronic check,98.5,3004.15,No,No,81.06,1,Critical,79.84,P1 - Immediate,Offer annual contract incentive
9061-TIHDA,13,Month-to-month,Fiber optic,Electronic check,95.25,1233.65,No,No,87.53,1,Critical,83.37,P1 - Immediate,Offer annual contract incentive
8699-ASUFO,7,Month-to-month,Fiber optic,Mailed check,74.4,527.9,No,No,85.07,1,Critical,63.29,P2 - High,Offer annual contract incentive
7927-AUXBZ,30,Month-to-month,Fiber optic,Electronic check,85.15,2555.9,Yes,No,64.8,1,High,55.18,P2 - High,Offer annual contract incentive
4695-WJZUE,2,Month-to-month,Fiber optic,Electronic check,88.55,179.25,No,No,90.93,1,Critical,80.52,P1 - Immediate,Offer annual contract incentive
7619-ODSGN,24,Month-to-month,DSL,Electronic check,54.75,1338.15,No,Yes,38.28,0,Medium,20.96,P4 - Monitor,Offer annual contract incentive
3988-RQIXO,1,Month-to-month,Fiber optic,Electronic check,91.3,91.3,No,No,91.76,1,Critical,83.78,P1 - Immediate,Offer annual contract incentive
2514-GINMM,1,Month-to-month,Fiber optic,Electronic check,79.5,79.5,No,No,91.29,1,Critical,72.58,P2 - High,Offer annual contract incentive
5931-FLJJF,7,Month-to-month,Fiber optic,Mailed check,70.1,467.55,No,No,79.46,1,Critical,55.7,P2 - High,Offer annual contract incentive
2659-VXMWZ,67,One year,Fiber optic,Electronic check,111.3,7482.1,No,Yes,44.83,0,Medium,49.9,P4 - Monitor,Offer Tech Support trial/bundle
3207-OYBWH,57,Month-to-month,Fiber optic,Bank transfer (automatic),95.25,5427.05,No,No,62.53,1,High,59.56,P2 - High,Offer annual contract incentive
4285-GYRQC,7,Month-to-month,Fiber optic,Electronic check,86.25,587.1,No,No,87.43,1,Critical,75.41,P1 - Immediate,Offer annual contract incentive
7216-EWTRS,1,Month-to-month,Fiber optic,Electronic check,100.8,100.8,No,No,92.93,1,Critical,93.67,P1 - Immediate,Offer annual contract incentive
8337-MSSXB,14,Month-to-month,Fiber optic,Electronic check,86.3,1180.95,No,No,81.04,1,Critical,69.94,P2 - High,Offer annual contract incentive
8182-BJDSI,28,Month-to-month,Fiber optic,Electronic check,89.95,2625.55,No,No,77.82,1,Critical,70.0,P2 - High,Offer annual contract incentive
2528-HFYZX,17,Month-to-month,Fiber optic,Electronic check,76.45,1233.4,No,No,78.61,1,Critical,60.1,P2 - High,Offer annual contract incentive
2482-CZGBB,10,Month-to-month,Fiber optic,Electronic check,70.0,740.0,No,No,79.92,1,Critical,55.94,P2 - High,Offer annual contract incentive
0866-QLSIR,34,One year,DSL,Mailed check,64.4,2088.75,Yes,Yes,12.59,0,Low,8.11,P4 - Monitor,Standard retention campaign
7181-BQYBV,1,Month-to-month,Fiber optic,Electronic check,102.45,102.45,No,Yes,84.7,1,Critical,86.78,P1 - Immediate,Offer annual contract incentive
6204-IEUXJ,3,Month-to-month,Fiber optic,Credit card (automatic),80.1,217.55,Yes,No,77.59,1,Critical,62.15,P2 - High,Offer annual contract incentive
4529-CKBCL,2,Month-to-month,Fiber optic,Electronic check,80.2,146.05,No,No,88.76,1,Critical,71.19,P2 - High,Offer annual contract incentive
2506-CLAKW,6,Month-to-month,Fiber optic,Bank transfer (automatic),98.15,567.45,Yes,Yes,72.86,1,High,71.51,P2 - High,Offer annual contract incentive
1583-IHQZE,12,Month-to-month,Fiber optic,Mailed check,112.95,1384.75,Yes,No,76.04,1,Critical,85.89,P1 - Immediate,Offer annual contract incentive
0151-ONTOV,1,Month-to-month,Fiber optic,Mailed check,70.9,70.9,No,No,86.4,1,Critical,61.26,P2 - High,Offer annual contract incentive
4140-MUHUG,3,Month-to-month,Fiber optic,Electronic check,86.85,220.95,No,No,88.78,1,Critical,77.11,P1 - Immediate,Offer annual contract incentive
0320-JDNQG,23,Month-to-month,Fiber optic,Electronic check,99.85,2331.3,Yes,Yes,68.04,1,High,67.94,P2 - High,Offer annual contract incentive
7180-PISOG,1,Month-to-month,Fiber optic,Electronic check,74.5,74.5,No,No,90.25,1,Critical,67.24,P2 - High,Offer annual contract incentive
3571-RFHAR,65,Month-to-month,Fiber optic,Electronic check,109.15,6941.2,Yes,No,64.5,1,High,70.4,P2 - High,Offer annual contract incentive
9578-VRMNM,16,Month-to-month,DSL,Credit card (automatic),65.2,1043.35,No,No,57.11,1,High,37.24,P3 - Medium,Offer annual contract incentive
1587-FKLZB,66,Month-to-month,Fiber optic,Credit card (automatic),99.5,6822.15,No,No,66.38,1,High,66.05,P2 - High,Offer annual contract incentive
6140-QNRQQ,1,Month-to-month,Fiber optic,Mailed check,71.55,71.55,No,No,86.95,1,Critical,62.21,P2 - High,Offer annual contract incentive
4307-KTUMW,53,Month-to-month,Fiber optic,Electronic check,93.9,5029.2,No,Yes,61.2,1,High,57.47,P2 - High,Offer annual contract incentive
5440-FLBQG,69,Two year,Fiber optic,Bank transfer (automatic),108.4,7318.2,Yes,No,40.21,0,Medium,43.59,P4 - Monitor,Offer Online Security bundle
7470-MCQTK,13,Month-to-month,DSL,Bank transfer (automatic),48.75,633.4,No,No,61.82,1,High,30.14,P3 - Medium,Offer annual contract incentive
7488-MXJIV,4,Month-to-month,Fiber optic,Electronic check,85.65,321.65,No,No,89.55,1,Critical,76.7,P1 - Immediate,Offer annual contract incentive
2027-FECZV,12,Month-to-month,Fiber optic,Electronic check,106.7,1253.9,No,No,84.62,1,Critical,90.29,P1 - Immediate,Offer annual contract incentive
2672-DZUOY,1,Month-to-month,DSL,Electronic check,25.15,25.15,No,No,82.79,1,Critical,20.82,P3 - Medium,Offer annual contract incentive
3870-MQAMG,54,One year,Fiber optic,Electronic check,110.35,5893.15,Yes,No,57.7,1,High,63.67,P2 - High,Offer Online Security bundle
4800-CZMPC,48,One year,Fiber optic,Credit card (automatic),103.25,5037.55,No,Yes,44.47,0,Medium,45.92,P4 - Monitor,Offer Tech Support trial/bundle
7377-DMMRI,2,Month-to-month,DSL,Electronic check,47.8,92.45,No,Yes,73.38,1,High,35.08,P3 - Medium,Offer annual contract incentive
8949-JTMAY,29,Month-to-month,Fiber optic,Credit card (automatic),98.6,2933.2,No,No,74.83,1,High,73.78,P2 - High,Offer annual contract incentive
2774-LVQUS,15,Month-to-month,Fiber optic,Electronic check,83.05,1258.3,Yes,No,80.41,1,Critical,66.78,P2 - High,Offer annual contract incentive
3211-ILJTT,17,Month-to-month,Fiber optic,Bank transfer (automatic),70.4,1214.05,No,No,69.37,1,High,48.84,P3 - Medium,Offer annual contract incentive
4612-THJBS,56,One year,Fiber optic,Bank transfer (automatic),104.75,5510.65,No,No,51.32,1,High,53.76,P2 - High,Offer Tech Support trial/bundle
4094-NSEDU,21,Month-to-month,Fiber optic,Electronic check,94.25,1973.75,No,No,81.61,1,Critical,76.92,P1 - Immediate,Offer annual contract incentive
5103-MHMHY,1,Month-to-month,DSL,Mailed check,45.95,45.95,No,No,61.97,1,High,28.48,P3 - Medium,Offer annual contract incentive
1846-XWOQN,1,Month-to-month,Fiber optic,Electronic check,70.15,70.15,No,No,88.5,1,Critical,62.08,P2 - High,Offer annual contract incentive
0235-KGSLC,1,Month-to-month,Fiber optic,Credit card (automatic),85.55,85.55,No,No,87.56,1,Critical,74.91,P2 - High,Offer annual contract incentive
2884-GBPFB,35,Month-to-month,Fiber optic,Electronic check,70.3,2416.55,No,No,72.94,1,High,51.28,P2 - High,Offer annual contract incentive
3757-NJYBX,32,Month-to-month,Fiber optic,Bank transfer (automatic),106.35,3520.75,No,No,68.21,1,High,72.54,P2 - High,Offer annual contract incentive
5136-KCKGI,33,One year,Fiber optic,Mailed check,103.7,3467.0,No,Yes,51.77,1,High,53.69,P2 - High,Offer Tech Support trial/bundle
3722-WPXTK,1,Month-to-month,Fiber optic,Electronic check,88.35,88.35,No,No,91.76,1,Critical,81.07,P1 - Immediate,Offer annual contract incentive
2929-ERCFZ,8,Month-to-month,Fiber optic,Electronic check,94.2,777.3,No,No,88.61,1,Critical,83.47,P1 - Immediate,Offer annual contract incentive
7548-SEPYI,5,Month-to-month,Fiber optic,Electronic check,96.25,512.45,No,No,88.19,1,Critical,84.88,P1 - Immediate,Offer annual contract incentive
8835-VSDSE,2,Month-to-month,Fiber optic,Electronic check,70.7,141.45,No,No,85.15,1,Critical,60.2,P2 - High,Offer annual contract incentive
1623-NLDOT,42,One year,DSL,Mailed check,33.55,1445.3,Yes,No,31.21,0,Medium,10.47,P4 - Monitor,Offer Online Security bundle
9898-KZQDZ,40,Month-to-month,Fiber optic,Credit card (automatic),94.55,3640.45,No,No,75.96,1,Critical,71.82,P2 - High,Offer annual contract incentive
5236-PERKL,57,Two year,Fiber optic,Bank transfer (automatic),112.95,6465.0,No,Yes,32.5,0,Medium,36.71,P4 - Monitor,Offer Tech Support trial/bundle
7854-FOKSF,1,Month-to-month,DSL,Electronic check,35.9,35.9,No,No,82.76,1,Critical,29.71,P3 - Medium,Offer annual contract incentive
2519-FAKOD,38,Month-to-month,Fiber optic,Bank transfer (automatic),99.25,3777.15,No,No,74.2,1,High,73.64,P2 - High,Offer annual contract incentive
8263-JQAIK,2,Month-to-month,DSL,Mailed check,24.45,47.5,No,No,81.89,1,Critical,20.02,P3 - Medium,Offer annual contract incentive
7089-IVVAZ,8,Month-to-month,Fiber optic,Bank transfer (automatic),103.35,847.3,Yes,Yes,80.46,1,Critical,83.16,P1 - Immediate,Offer annual contract incentive
2205-YMZZJ,7,Month-to-month,Fiber optic,Electronic check,84.8,546.95,No,No,89.05,1,Critical,75.51,P1 - Immediate,Offer annual contract incentive
1254-IZEYF,31,Month-to-month,Fiber optic,Electronic check,99.95,3186.65,No,No,79.22,1,Critical,79.18,P1 - Immediate,Offer annual contract incentive
9492-TOKRI,18,Month-to-month,Fiber optic,Credit card (automatic),90.0,1527.35,No,No,76.15,1,Critical,68.54,P2 - High,Offer annual contract incentive
9221-OTIVJ,14,Month-to-month,Fiber optic,Electronic check,104.85,1531.4,No,No,85.25,1,Critical,89.38,P1 - Immediate,Offer annual contract incentive
3325-FUYCG,28,One year,Fiber optic,Electronic check,106.1,2847.4,No,Yes,46.12,0,Medium,48.93,P4 - Monitor,Offer Tech Support trial/bundle
5908-QMGOE,15,Month-to-month,Fiber optic,Credit card (automatic),74.2,1133.9,No,No,78.28,1,Critical,58.08,P2 - High,Offer annual contract incentive
8481-YYXWG,5,Month-to-month,Fiber optic,Electronic check,89.35,461.7,Yes,No,80.44,1,Critical,71.87,P2 - High,Offer annual contract incentive
2609-IAICY,1,Month-to-month,Fiber optic,Electronic check,77.15,77.15,No,No,90.4,1,Critical,69.74,P2 - High,Offer annual contract incentive
1740-CSDJP,1,Month-to-month,DSL,Bank transfer (automatic),35.25,35.25,No,No,78.84,1,Critical,27.79,P3 - Medium,Offer annual contract incentive
2636-OHFMN,4,Month-to-month,DSL,Electronic check,48.55,201.0,No,No,76.84,1,Critical,37.31,P3 - Medium,Offer annual contract incentive
1323-OOEPC,53,Month-to-month,Fiber optic,Credit card (automatic),98.4,5149.5,No,No,70.9,1,High,69.77,P2 - High,Offer annual contract incentive
0397-GZBBC,59,Month-to-month,Fiber optic,Bank transfer (automatic),93.85,5574.75,No,No,70.38,1,High,66.05,P2 - High,Offer annual contract incentive
7641-EUYET,46,Month-to-month,Fiber optic,Electronic check,100.7,4541.2,No,Yes,66.57,1,High,67.04,P2 - High,Offer annual contract incentive
9921-ZVRHG,14,Month-to-month,Fiber optic,Electronic check,80.45,1072.0,No,No,83.5,1,Critical,67.18,P2 - High,Offer annual contract incentive
4701-MLJPN,31,Month-to-month,DSL,Electronic check,55.25,1715.65,Yes,No,42.63,0,Medium,23.55,P4 - Monitor,Offer annual contract incentive
9206-GVPEQ,13,Month-to-month,DSL,Electronic check,54.45,706.85,Yes,Yes,64.91,1,High,35.34,P3 - Medium,Offer annual contract incentive
1596-BBVTG,35,Month-to-month,Fiber optic,Credit card (automatic),75.35,2636.05,No,No,64.26,1,High,48.42,P3 - Medium,Offer annual contract incentive
8433-WXGNA,2,Month-to-month,Fiber optic,Electronic check,75.7,189.2,No,Yes,72.06,1,High,54.55,P2 - High,Offer annual contract incentive
3707-GNWHM,1,Month-to-month,Fiber optic,Mailed check,74.25,74.25,No,No,88.35,1,Critical,65.6,P2 - High,Offer annual contract incentive
8922-LIEGH,25,Month-to-month,Fiber optic,Electronic check,89.7,2187.55,No,No,79.02,1,Critical,70.88,P2 - High,Offer annual contract incentive
8245-UMPYT,16,Month-to-month,Fiber optic,Electronic check,96.4,1581.2,No,No,85.02,1,Critical,81.96,P1 - Immediate,Offer annual contract incentive
5186-SAMNZ,1,Month-to-month,Fiber optic,Bank transfer (automatic),69.5,69.5,No,No,85.81,1,Critical,59.64,P2 - High,Offer annual contract incentive
5373-SFODM,36,Month-to-month,Fiber optic,Credit card (automatic),85.25,3132.75,No,No,72.85,1,High,62.1,P2 - High,Offer annual contract incentive
5766-ZJYBB,1,Month-to-month,No,Mailed check,19.4,19.4,No internet service,No internet service,50.43,1,High,9.78,P3 - Medium,Offer annual contract incentive
8931-GJJIQ,9,Month-to-month,Fiber optic,Electronic check,83.3,803.3,No,No,87.53,1,Critical,72.91,P2 - High,Offer annual contract incentive
4277-PVRAN,8,Month-to-month,Fiber optic,Bank transfer (automatic),80.1,679.3,No,No,83.47,1,Critical,66.86,P2 - High,Offer annual contract incentive
0022-TCJCI,45,One year,DSL,Credit card (automatic),62.7,2791.5,No,Yes,30.82,0,Medium,19.32,P4 - Monitor,Offer Tech Support trial/bundle
0203-HHYIJ,25,One year,No,Bank transfer (automatic),25.3,676.35,No internet service,No internet service,20.83,0,Low,5.27,P4 - Monitor,Standard retention campaign
0952-KMEEH,13,Month-to-month,Fiber optic,Mailed check,98.15,1230.25,No,Yes,70.4,1,High,69.1,P2 - High,Offer annual contract incentive
8178-EYZUO,46,Month-to-month,Fiber optic,Electronic check,93.7,4154.8,No,Yes,61.64,1,High,57.76,P2 - High,Offer annual contract incentive
5130-IEKQT,25,Month-to-month,Fiber optic,Mailed check,105.95,2655.25,No,No,69.81,1,High,73.96,P2 - High,Offer annual contract incentive
3230-WYKIR,18,One year,DSL,Credit card (automatic),82.0,1425.45,Yes,No,46.87,0,Medium,38.43,P4 - Monitor,Offer Online Security bundle
0407-BDJKB,60,Month-to-month,Fiber optic,Electronic check,95.75,5742.9,No,No,71.0,1,High,67.98,P2 - High,Offer annual contract incentive
9600-UDOPK,30,Month-to-month,Fiber optic,Credit card (automatic),94.05,2866.45,No,No,76.15,1,Critical,71.62,P2 - High,Offer annual contract incentive
4074-SJFFA,1,Month-to-month,DSL,Mailed check,54.75,54.75,No,No,76.53,1,Critical,41.9,P3 - Medium,Offer annual contract incentive
3269-ATYWD,39,Month-to-month,Fiber optic,Bank transfer (automatic),95.65,3759.05,No,No,74.95,1,High,71.69,P2 - High,Offer annual contract incentive
4910-GMJOT,1,Month-to-month,Fiber optic,Electronic check,94.6,94.6,No,No,92.6,1,Critical,87.6,P1 - Immediate,Offer annual contract incentive
0354-WYROK,31,Month-to-month,Fiber optic,Electronic check,98.9,2911.3,Yes,No,70.05,1,High,69.28,P2 - High,Offer annual contract incentive
7576-OYWBN,3,Month-to-month,Fiber optic,Electronic check,76.05,231.8,No,No,88.02,1,Critical,66.94,P2 - High,Offer annual contract incentive
5539-TMZLF,1,Month-to-month,Fiber optic,Electronic check,69.75,69.75,No,No,88.92,1,Critical,62.02,P2 - High,Offer annual contract incentive
4323-SADQS,7,Month-to-month,DSL,Electronic check,34.5,279.25,Yes,Yes,40.54,0,Medium,13.99,P4 - Monitor,Offer annual contract incentive
4446-BZKHU,61,Month-to-month,Fiber optic,Electronic check,105.55,6281.45,No,No,73.8,1,High,77.9,P2 - High,Offer annual contract incentive
5202-IVJNU,39,Month-to-month,DSL,Credit card (automatic),30.1,1131.3,No,No,40.27,0,Medium,12.12,P4 - Monitor,Offer annual contract incentive
5976-JCJRH,10,Month-to-month,Fiber optic,Electronic check,70.3,738.2,No,No,81.4,1,Critical,57.22,P2 - High,Offer annual contract incentive
0137-OCGAB,1,Month-to-month,Fiber optic,Mailed check,80.2,80.2,No,No,86.97,1,Critical,69.75,P2 - High,Offer annual contract incentive
3351-NQLDI,67,One year,Fiber optic,Credit card (automatic),94.35,6341.45,Yes,Yes,39.02,0,Medium,36.82,P4 - Monitor,Review Fiber pricing/service quality
7593-JNWRU,6,Month-to-month,DSL,Bank transfer (automatic),44.6,260.8,No,No,52.71,1,High,23.51,P3 - Medium,Offer annual contract incentive
4588-YBNIB,1,Month-to-month,No,Mailed check,19.6,19.6,No internet service,No internet service,63.51,1,High,12.45,P3 - Medium,Offer annual contract incentive
3336-JORSO,33,Month-to-month,Fiber optic,Electronic check,110.45,3655.45,Yes,No,69.01,1,High,76.22,P2 - High,Offer annual contract incentive
5028-GZLDO,2,Month-to-month,Fiber optic,Credit card (automatic),70.7,140.7,No,No,79.62,1,Critical,56.29,P2 - High,Offer annual contract incentive
6861-XWTWQ,7,Month-to-month,Fiber optic,Electronic check,99.25,665.45,No,No,91.2,1,Critical,90.52,P1 - Immediate,Offer annual contract incentive
6877-TJMBR,1,Month-to-month,Fiber optic,Electronic check,84.8,84.8,Yes,No,85.61,1,Critical,72.6,P2 - High,Offer annual contract incentive
6769-DCQLI,52,One year,Fiber optic,Bank transfer (automatic),105.0,5426.85,Yes,No,54.02,1,High,56.72,P2 - High,Offer Online Security bundle
2433-KMEAS,22,Month-to-month,DSL,Electronic check,54.45,1127.35,No,Yes,57.21,1,High,31.15,P3 - Medium,Offer annual contract incentive
2195-ZRVAX,47,Month-to-month,Fiber optic,Electronic check,85.3,4045.65,No,No,71.8,1,High,61.25,P2 - High,Offer annual contract incentive
3550-SAHFP,33,Month-to-month,Fiber optic,Electronic check,83.35,2757.85,No,No,77.68,1,Critical,64.75,P2 - High,Offer annual contract incentive
2011-TRQYE,18,Month-to-month,DSL,Credit card (automatic),33.5,600.0,No,No,54.03,1,High,18.1,P3 - Medium,Offer annual contract incentive
4873-ILOLJ,24,Month-to-month,Fiber optic,Electronic check,90.35,2238.5,No,No,76.54,1,Critical,69.15,P2 - High,Offer annual contract incentive
2725-KXXWT,1,Month-to-month,Fiber optic,Electronic check,90.75,90.75,No,No,91.65,1,Critical,83.17,P1 - Immediate,Offer annual contract incentive
9565-DJPIB,4,Month-to-month,Fiber optic,Mailed check,89.6,365.65,No,No,82.33,1,Critical,73.77,P2 - High,Offer annual contract incentive
8348-HFYIV,2,Month-to-month,DSL,Electronic check,49.25,90.35,No,No,84.26,1,Critical,41.5,P3 - Medium,Offer annual contract incentive
6849-WLEYG,1,Month-to-month,No,Mailed check,19.75,19.75,No internet service,No internet service,51.26,1,High,10.12,P3 - Medium,Offer annual contract incentive
4659-NZRUF,19,Month-to-month,Fiber optic,Electronic check,95.15,1789.25,No,Yes,73.95,1,High,70.36,P2 - High,Offer annual contract incentive
8429-XIBUM,22,Month-to-month,Fiber optic,Bank transfer (automatic),101.35,2317.1,No,Yes,70.83,1,High,71.79,P2 - High,Offer annual contract incentive
2608-BHKFN,4,Month-to-month,Fiber optic,Credit card (automatic),70.05,266.9,No,No,80.7,1,Critical,56.53,P2 - High,Offer annual contract incentive
7341-LXCAF,4,Month-to-month,Fiber optic,Electronic check,74.65,301.4,No,No,87.43,1,Critical,65.27,P2 - High,Offer annual contract incentive
9462-MJUAW,4,Month-to-month,DSL,Mailed check,50.4,206.6,No,No,74.1,1,High,37.35,P3 - Medium,Offer annual contract incentive
8128-YVJRG,7,Month-to-month,Fiber optic,Mailed check,79.65,604.7,No,Yes,65.37,1,High,52.07,P2 - High,Offer annual contract incentive
4283-FUTGF,19,Month-to-month,Fiber optic,Electronic check,79.85,1471.75,No,No,78.06,1,Critical,62.33,P2 - High,Offer annual contract incentive
1569-TTNYJ,5,Month-to-month,Fiber optic,Electronic check,78.75,412.1,No,No,87.13,1,Critical,68.61,P2 - High,Offer annual contract incentive
2397-BRLOM,8,Month-to-month,Fiber optic,Credit card (automatic),80.45,583.45,No,No,83.28,1,Critical,67.0,P2 - High,Offer annual contract incentive
4749-VFKVB,1,Month-to-month,DSL,Mailed check,50.1,50.1,No,No,77.05,1,Critical,38.6,P3 - Medium,Offer annual contract incentive
7598-UAASY,2,Month-to-month,Fiber optic,Electronic check,76.4,151.8,No,No,84.57,1,Critical,64.61,P2 - High,Offer annual contract incentive
7938-OUHIO,3,Month-to-month,Fiber optic,Electronic check,98.7,293.65,Yes,No,83.87,1,Critical,82.78,P1 - Immediate,Offer annual contract incentive
8510-AWCXC,13,Month-to-month,Fiber optic,Electronic check,100.8,1308.1,No,Yes,83.64,1,Critical,84.31,P1 - Immediate,Offer annual contract incentive
0431-APWVY,28,One year,Fiber optic,Bank transfer (automatic),90.1,2598.95,No,No,45.05,0,Medium,40.59,P4 - Monitor,Offer Tech Support trial/bundle
3426-NIYYL,15,Month-to-month,DSL,Electronic check,51.55,765.5,No,No,61.8,1,High,31.86,P3 - Medium,Offer annual contract incentive
8225-BTJAU,10,Month-to-month,Fiber optic,Electronic check,79.25,793.55,No,No,84.1,1,Critical,66.65,P2 - High,Offer annual contract incentive
3387-VATUS,5,Month-to-month,Fiber optic,Bank transfer (automatic),94.85,462.8,No,No,89.39,1,Critical,84.79,P1 - Immediate,Offer annual contract incentive
1143-NMNQJ,2,Month-to-month,Fiber optic,Electronic check,85.7,169.8,No,No,90.26,1,Critical,77.35,P1 - Immediate,Offer annual contract incentive
0415-MOSGF,1,Month-to-month,DSL,Mailed check,44.4,44.4,No,No,74.94,1,High,33.27,P3 - Medium,Offer annual contract incentive
1724-BQUHA,5,Month-to-month,Fiber optic,Electronic check,89.5,477.7,No,No,88.61,1,Critical,79.31,P1 - Immediate,Offer annual contract incentive
4826-XTSOH,1,Month-to-month,Fiber optic,Electronic check,86.05,86.05,No,No,92.09,1,Critical,79.24,P1 - Immediate,Offer annual contract incentive
2495-INZWQ,4,Month-to-month,DSL,Electronic check,44.55,174.3,No,No,81.59,1,Critical,36.35,P3 - Medium,Offer annual contract incentive
4139-SUGLD,31,Month-to-month,DSL,Bank transfer (automatic),35.4,1077.5,Yes,Yes,36.38,0,Medium,12.88,P4 - Monitor,Offer annual contract incentive
6857-VWJDT,1,Month-to-month,Fiber optic,Mailed check,95.65,95.65,No,No,90.61,1,Critical,86.67,P1 - Immediate,Offer annual contract incentive
5624-BQSSA,1,Month-to-month,No,Mailed check,20.95,20.95,No internet service,No internet service,54.43,1,High,11.4,P3 - Medium,Offer annual contract incentive
2408-WITXK,10,Month-to-month,DSL,Electronic check,34.7,329.8,No,No,77.39,1,Critical,26.85,P3 - Medium,Offer annual contract incentive
5577-OTWWW,15,Month-to-month,No,Bank transfer (automatic),19.75,297.3,No internet service,No internet service,37.73,0,Medium,7.45,P4 - Monitor,Offer annual contract incentive
6100-QQHEB,17,Month-to-month,Fiber optic,Electronic check,92.55,1515.1,No,No,83.4,1,Critical,77.19,P1 - Immediate,Offer annual contract incentive
2634-HCZGT,53,One year,DSL,Electronic check,60.05,3229.65,Yes,Yes,31.21,0,Medium,18.74,P4 - Monitor,Promote automatic payment
7503-QQRVF,16,Month-to-month,Fiber optic,Credit card (automatic),74.3,1178.25,No,No,74.53,1,High,55.38,P2 - High,Offer annual contract incentive
2691-NZETQ,9,Month-to-month,Fiber optic,Electronic check,85.35,758.6,No,No,87.52,1,Critical,74.7,P2 - High,Offer annual contract incentive
4404-HIBDJ,25,One year,DSL,Mailed check,74.3,1863.8,Yes,Yes,29.61,0,Medium,22.0,P4 - Monitor,Standard retention campaign
7295-JOMMD,4,Month-to-month,Fiber optic,Bank transfer (automatic),98.1,396.3,Yes,No,82.87,1,Critical,81.3,P1 - Immediate,Offer annual contract incentive
5013-SBUIH,50,Two year,Fiber optic,Electronic check,109.65,5551.15,Yes,Yes,40.07,0,Medium,43.94,P4 - Monitor,Promote automatic payment
0709-TVGUR,9,Month-to-month,Fiber optic,Electronic check,74.55,622.9,No,No,84.87,1,Critical,63.27,P2 - High,Offer annual contract incentive
6023-YEBUP,3,Month-to-month,Fiber optic,Electronic check,100.95,329.95,No,No,91.09,1,Critical,91.96,P1 - Immediate,Offer annual contract incentive
7209-JCUDS,10,Month-to-month,Fiber optic,Electronic check,94.9,1048.85,No,No,87.17,1,Critical,82.72,P1 - Immediate,Offer annual contract incentive
3001-CBHLQ,32,Month-to-month,Fiber optic,Electronic check,104.9,3351.55,Yes,No,75.17,1,Critical,78.85,P1 - Immediate,Offer annual contract incentive
6158-DWPZT,9,One year,DSL,Bank transfer (automatic),24.1,259.8,No,No,53.13,1,High,12.8,P3 - Medium,Offer Tech Support trial/bundle
3763-GCZHZ,66,One year,Fiber optic,Electronic check,104.05,6890.0,Yes,No,56.04,1,High,58.31,P2 - High,Offer Online Security bundle
0772-GYEQQ,3,Month-to-month,Fiber optic,Mailed check,88.35,262.05,Yes,No,82.79,1,Critical,73.14,P2 - High,Offer annual contract incentive
4831-EOBFE,29,Month-to-month,Fiber optic,Credit card (automatic),94.65,2649.15,No,Yes,64.71,1,High,61.25,P2 - High,Offer annual contract incentive
4102-OQUPX,1,Month-to-month,Fiber optic,Electronic check,74.4,74.4,No,No,90.57,1,Critical,67.38,P2 - High,Offer annual contract incentive
9170-GYZJC,41,Month-to-month,DSL,Credit card (automatic),79.9,3326.2,Yes,Yes,26.5,0,Medium,21.17,P4 - Monitor,Offer annual contract incentive
3999-QGRJH,8,Month-to-month,Fiber optic,Electronic check,69.7,560.85,No,No,80.58,1,Critical,56.16,P2 - High,Offer annual contract incentive
2454-RPBRZ,12,Month-to-month,Fiber optic,Electronic check,98.1,1060.2,No,No,88.39,1,Critical,86.71,P1 - Immediate,Offer annual contract incentive
2002-MZHWP,1,Month-to-month,No,Mailed check,20.5,20.5,No internet service,No internet service,53.15,1,High,10.9,P3 - Medium,Offer annual contract incentive
2265-CYWIV,4,Month-to-month,Fiber optic,Electronic check,99.6,347.65,No,Yes,84.67,1,Critical,84.33,P1 - Immediate,Offer annual contract incentive
2004-OCQXK,1,Month-to-month,Fiber optic,Electronic check,81.95,81.95,No,No,90.79,1,Critical,74.4,P2 - High,Offer annual contract incentive
5027-QPKTE,7,Month-to-month,Fiber optic,Electronic check,69.35,451.1,No,No,82.08,1,Critical,56.92,P2 - High,Offer annual contract incentive
2672-HUYVI,6,Month-to-month,Fiber optic,Electronic check,91.1,455.3,No,No,88.93,1,Critical,81.02,P1 - Immediate,Offer annual contract incentive
7508-MYBOG,14,Month-to-month,Fiber optic,Electronic check,86.1,1235.55,No,No,85.43,1,Critical,73.56,P2 - High,Offer annual contract incentive
0148-DCDOS,25,Month-to-month,Fiber optic,Bank transfer (automatic),94.7,2362.1,No,No,75.56,1,Critical,71.56,P2 - High,Offer annual contract incentive
9992-RRAMN,22,Month-to-month,Fiber optic,Electronic check,85.1,1873.7,No,No,79.48,1,Critical,67.64,P2 - High,Offer annual contract incentive
0310-MVLET,61,Month-to-month,Fiber optic,Electronic check,99.15,6010.05,No,No,71.71,1,High,71.1,P2 - High,Offer annual contract incentive
4550-VBOFE,70,Month-to-month,Fiber optic,Electronic check,102.95,7101.5,No,No,71.87,1,High,73.99,P2 - High,Offer annual contract incentive
5696-QURRL,1,Month-to-month,DSL,Mailed check,45.05,45.05,No,No,76.37,1,Critical,34.4,P3 - Medium,Offer annual contract incentive
7409-KIUTL,1,Month-to-month,Fiber optic,Electronic check,71.0,71.0,No,No,88.8,1,Critical,63.05,P2 - High,Offer annual contract incentive
1732-VHUBQ,47,Month-to-month,Fiber optic,Bank transfer (automatic),70.55,3309.25,No,No,60.15,1,High,42.44,P3 - Medium,Offer annual contract incentive
0495-RVCBF,1,Month-to-month,Fiber optic,Electronic check,79.7,79.7,No,No,90.65,1,Critical,72.25,P2 - High,Offer annual contract incentive
7854-EDSSA,22,Month-to-month,DSL,Electronic check,59.0,1254.7,No,Yes,43.94,0,Medium,25.92,P4 - Monitor,Offer annual contract incentive
8869-TORSS,48,One year,DSL,Credit card (automatic),60.35,2896.4,Yes,Yes,11.8,0,Low,7.12,P4 - Monitor,Standard retention campaign
0679-IDSTG,1,Month-to-month,Fiber optic,Electronic check,69.25,69.25,No,No,89.06,1,Critical,61.67,P2 - High,Offer annual contract incentive
2115-BFTIW,25,Month-to-month,Fiber optic,Mailed check,70.95,1767.35,No,No,61.3,1,High,43.49,P3 - Medium,Offer annual contract incentive
0611-DFXKO,20,Month-to-month,Fiber optic,Mailed check,89.0,1820.45,No,No,72.17,1,High,64.23,P2 - High,Offer annual contract incentive
7780-OTDSO,18,Month-to-month,Fiber optic,Electronic check,99.4,1742.95,No,Yes,79.53,1,Critical,79.05,P1 - Immediate,Offer annual contract incentive
9747-DDZOS,1,Month-to-month,Fiber optic,Bank transfer (automatic),73.5,73.5,No,No,84.38,1,Critical,62.02,P2 - High,Offer annual contract incentive
0564-JJHGS,9,Month-to-month,Fiber optic,Electronic check,95.5,829.1,No,No,89.75,1,Critical,85.71,P1 - Immediate,Offer annual contract incentive
3348-CFRNX,28,Month-to-month,Fiber optic,Mailed check,92.35,2602.9,No,Yes,68.59,1,High,63.34,P2 - High,Offer annual contract incentive
1428-GTBJJ,11,Month-to-month,Fiber optic,Electronic check,74.55,824.75,No,No,79.89,1,Critical,59.56,P2 - High,Offer annual contract incentive
8802-UNOJF,12,Month-to-month,Fiber optic,Mailed check,83.8,1029.75,Yes,No,75.34,1,Critical,63.13,P2 - High,Offer annual contract incentive
6313-GIDIT,53,Month-to-month,DSL,Electronic check,54.45,2854.55,No,No,61.53,1,High,33.5,P3 - Medium,Offer annual contract incentive
2845-AFFTX,41,Month-to-month,Fiber optic,Electronic check,99.8,4259.3,No,No,79.87,1,Critical,79.71,P1 - Immediate,Offer annual contract incentive
2249-YPRNG,20,Month-to-month,Fiber optic,Bank transfer (automatic),105.85,2239.65,No,No,77.2,1,Critical,81.72,P1 - Immediate,Offer annual contract incentive
7410-YTJIK,7,Month-to-month,Fiber optic,Mailed check,75.45,480.75,No,No,81.22,1,Critical,61.28,P2 - High,Offer annual contract incentive
4626-GYCZP,7,Month-to-month,Fiber optic,Electronic check,93.85,635.6,No,No,90.17,1,Critical,84.62,P1 - Immediate,Offer annual contract incentive
5590-BYNII,22,Month-to-month,Fiber optic,Electronic check,100.75,2095.0,No,Yes,78.99,1,Critical,79.58,P1 - Immediate,Offer annual contract incentive
3237-AJGEH,3,Month-to-month,DSL,Mailed check,31.0,95.05,Yes,No,51.13,1,High,15.85,P3 - Medium,Offer annual contract incentive
1591-NFNLQ,51,Month-to-month,Fiber optic,Credit card (automatic),80.0,4242.35,No,No,60.08,1,High,48.06,P3 - Medium,Offer annual contract incentive
2815-CPTUL,5,Month-to-month,Fiber optic,Mailed check,70.25,331.9,No,No,80.73,1,Critical,56.71,P2 - High,Offer annual contract incentive
0596-BQCEQ,62,Month-to-month,Fiber optic,Electronic check,100.15,6283.3,No,No,68.29,1,High,68.39,P2 - High,Offer annual contract incentive
1481-ZUWZA,28,Month-to-month,Fiber optic,Credit card (automatic),94.5,2659.4,No,Yes,64.25,1,High,60.72,P2 - High,Offer annual contract incentive
2309-OSFEU,10,Month-to-month,DSL,Mailed check,33.9,298.45,No,No,69.64,1,High,23.61,P3 - Medium,Offer annual contract incentive
1891-FZYSA,69,Month-to-month,Fiber optic,Electronic check,89.95,6143.15,No,No,71.14,1,High,63.99,P2 - High,Offer annual contract incentive
7613-LLQFO,12,Month-to-month,Fiber optic,Electronic check,84.45,1059.55,No,No,86.02,1,Critical,72.64,P2 - High,Offer annual contract incentive
2640-PMGFL,27,Month-to-month,Fiber optic,Electronic check,79.5,2180.55,Yes,No,69.05,1,High,54.89,P2 - High,Offer annual contract incentive
3801-HMYNL,1,Month-to-month,Fiber optic,Mailed check,89.15,89.15,No,No,88.97,1,Critical,79.32,P1 - Immediate,Offer annual contract incentive
9685-WKZGT,14,Month-to-month,Fiber optic,Electronic check,74.95,1036.75,No,No,83.17,1,Critical,62.34,P2 - High,Offer annual contract incentive
6022-UGGSO,32,Month-to-month,Fiber optic,Electronic check,74.4,2276.95,No,No,72.39,1,High,53.86,P2 - High,Offer annual contract incentive
4484-CGXFK,3,Month-to-month,DSL,Electronic check,55.3,196.15,No,No,73.1,1,High,40.42,P3 - Medium,Offer annual contract incentive
6214-EDAKZ,22,Month-to-month,DSL,Electronic check,55.15,1206.05,Yes,No,32.09,0,Medium,17.7,P4 - Monitor,Offer annual contract incentive
6127-ISGTU,16,Month-to-month,Fiber optic,Electronic check,84.95,1378.25,No,No,84.33,1,Critical,71.64,P2 - High,Offer annual contract incentive
8740-XLHDR,5,Month-to-month,DSL,Mailed check,43.25,219.0,Yes,Yes,57.99,1,High,25.08,P3 - Medium,Offer annual contract incentive
1208-DNHLN,23,One year,DSL,Credit card (automatic),48.35,1067.15,No,No,43.51,0,Medium,21.04,P4 - Monitor,Offer Tech Support trial/bundle
1761-AEZZR,1,Month-to-month,Fiber optic,Electronic check,79.55,79.55,No,No,91.29,1,Critical,72.62,P2 - High,Offer annual contract incentive
3923-CSIHK,50,Month-to-month,Fiber optic,Electronic check,71.05,3444.85,No,No,70.57,1,High,50.14,P2 - High,Offer annual contract incentive
7120-RFMVS,1,Month-to-month,Fiber optic,Electronic check,84.5,84.5,No,No,89.82,1,Critical,75.9,P1 - Immediate,Offer annual contract incentive
7317-GGVPB,71,Two year,Fiber optic,Credit card (automatic),108.6,7690.9,Yes,No,35.04,0,Medium,38.05,P4 - Monitor,Offer Online Security bundle
1322-AGOQM,46,Month-to-month,DSL,Bank transfer (automatic),30.3,1380.1,No,No,49.15,0,Medium,14.89,P4 - Monitor,Offer annual contract incentive
3677-IYRBF,2,Month-to-month,DSL,Electronic check,30.4,78.65,No,No,84.48,1,Critical,25.68,P3 - Medium,Offer annual contract incentive
5692-FPTAH,1,Month-to-month,DSL,Mailed check,45.4,45.4,No,No,75.74,1,Critical,34.39,P3 - Medium,Offer annual contract incentive
1550-LOAHA,32,Month-to-month,Fiber optic,Bank transfer (automatic),84.15,2585.95,No,No,61.4,1,High,51.67,P2 - High,Offer annual contract incentive
0268-QKIWO,3,Month-to-month,No,Electronic check,19.75,58.85,No internet service,No internet service,40.37,0,Medium,7.97,P4 - Monitor,Offer annual contract incentive
0876-WDUUZ,5,Month-to-month,Fiber optic,Credit card (automatic),85.4,425.9,Yes,No,76.24,1,Critical,65.11,P2 - High,Offer annual contract incentive
0617-FHSGK,49,Month-to-month,Fiber optic,Credit card (automatic),75.2,3678.3,No,No,62.14,1,High,46.73,P3 - Medium,Offer annual contract incentive
2858-MOFSQ,17,One year,DSL,Mailed check,55.85,937.5,No,No,41.48,0,Medium,23.17,P4 - Monitor,Offer Tech Support trial/bundle
8118-LSUEL,23,Month-to-month,Fiber optic,Electronic check,106.4,2483.5,No,No,80.93,1,Critical,86.11,P1 - Immediate,Offer annual contract incentive
7005-CCBKV,6,Month-to-month,Fiber optic,Electronic check,84.4,556.35,No,No,84.49,1,Critical,71.31,P2 - High,Offer annual contract incentive
4250-FDVOU,6,Month-to-month,DSL,Electronic check,56.25,389.1,No,Yes,52.69,1,High,29.64,P3 - Medium,Offer annual contract incentive
5277-ZLOOR,2,Month-to-month,Fiber optic,Electronic check,85.55,187.45,No,No,90.3,1,Critical,77.25,P1 - Immediate,Offer annual contract incentive
2141-RRYGO,4,Month-to-month,DSL,Bank transfer (automatic),68.65,261.25,No,No,62.47,1,High,42.89,P3 - Medium,Offer annual contract incentive
6376-GAHQE,4,Month-to-month,Fiber optic,Electronic check,77.85,299.2,No,No,85.15,1,Critical,66.29,P2 - High,Offer annual contract incentive
5052-PNLOS,3,Month-to-month,Fiber optic,Bank transfer (automatic),105.35,323.25,No,No,87.55,1,Critical,92.23,P1 - Immediate,Offer annual contract incentive
6979-ZNSFF,8,Month-to-month,Fiber optic,Electronic check,87.05,762.1,No,No,88.02,1,Critical,76.62,P1 - Immediate,Offer annual contract incentive
2386-LAHRK,1,Month-to-month,DSL,Mailed check,53.5,53.5,No,No,76.33,1,Critical,40.84,P3 - Medium,Offer annual contract incentive
6032-IGALN,1,Month-to-month,DSL,Mailed check,25.1,25.1,No,No,78.16,1,Critical,19.62,P3 - Medium,Offer annual contract incentive
4248-HCETZ,30,Month-to-month,Fiber optic,Mailed check,79.65,2365.15,No,No,65.96,1,High,52.54,P2 - High,Offer annual contract incentive
0516-WJVXC,5,Month-to-month,DSL,Electronic check,54.2,308.25,Yes,Yes,60.42,1,High,32.75,P3 - Medium,Offer annual contract incentive
9174-FKWZE,1,Month-to-month,No,Electronic check,19.45,19.45,No internet service,No internet service,60.83,1,High,11.83,P3 - Medium,Offer annual contract incentive
8809-RIHDD,72,Two year,Fiber optic,Electronic check,103.4,7372.65,No,No,41.6,0,Medium,43.01,P4 - Monitor,Offer Tech Support trial/bundle
4822-NGOCH,13,Month-to-month,Fiber optic,Electronic check,84.45,1058.6,No,No,84.53,1,Critical,71.39,P2 - High,Offer annual contract incentive
5307-DZCVC,32,Month-to-month,Fiber optic,Credit card (automatic),85.95,2628.6,No,No,73.93,1,High,63.54,P2 - High,Offer annual contract incentive
8679-JOEVF,16,Month-to-month,DSL,Electronic check,59.4,1023.9,Yes,No,57.75,1,High,34.3,P3 - Medium,Offer annual contract incentive
1432-FPAXX,29,Month-to-month,DSL,Electronic check,30.6,856.35,No,No,61.17,1,High,18.72,P3 - Medium,Offer annual contract incentive
4803-AXVYP,38,Month-to-month,Fiber optic,Electronic check,99.55,3734.25,Yes,No,73.17,1,High,72.84,P2 - High,Offer annual contract incentive
3884-HCSWG,17,Month-to-month,Fiber optic,Electronic check,70.0,1144.5,No,No,76.29,1,Critical,53.4,P2 - High,Offer annual contract incentive
5077-DXTCG,1,Month-to-month,DSL,Electronic check,45.3,45.3,No,No,78.19,1,Critical,35.42,P3 - Medium,Offer annual contract incentive
1142-WACZW,2,Month-to-month,DSL,Bank transfer (automatic),29.85,75.6,Yes,No,64.58,1,High,19.28,P3 - Medium,Offer annual contract incentive
5649-ANRML,2,Month-to-month,Fiber optic,Credit card (automatic),95.1,180.25,Yes,No,80.56,1,Critical,76.61,P1 - Immediate,Offer annual contract incentive
4892-VLANZ,1,Month-to-month,No,Mailed check,19.8,19.8,No internet service,No internet service,54.16,1,High,10.72,P3 - Medium,Offer annual contract incentive
2919-HBCJO,4,Month-to-month,Fiber optic,Bank transfer (automatic),76.65,333.6,No,No,82.75,1,Critical,63.43,P2 - High,Offer annual contract incentive
4236-XPXAV,5,Month-to-month,Fiber optic,Mailed check,99.15,465.05,Yes,No,83.16,1,Critical,82.45,P1 - Immediate,Offer annual contract incentive
3030-YZADT,9,Month-to-month,DSL,Mailed check,44.95,431.0,No,No,59.86,1,High,26.91,P3 - Medium,Offer annual contract incentive
7410-KTVFV,18,Month-to-month,DSL,Mailed check,49.55,878.35,No,No,48.91,0,Medium,24.23,P4 - Monitor,Offer annual contract incentive
8393-DLHGA,25,Month-to-month,Fiber optic,Electronic check,95.9,2448.75,No,No,75.96,1,Critical,72.85,P2 - High,Offer annual contract incentive
7395-IGJOS,17,Month-to-month,Fiber optic,Bank transfer (automatic),81.5,1329.2,No,No,69.14,1,High,56.35,P2 - High,Offer annual contract incentive
2834-SPCJV,52,Month-to-month,Fiber optic,Electronic check,84.1,4348.65,No,Yes,64.93,1,High,54.61,P2 - High,Offer annual contract incentive
7890-VYYWG,3,Month-to-month,DSL,Mailed check,36.45,93.7,No,No,80.31,1,Critical,29.27,P3 - Medium,Offer annual contract incentive
9907-SWKKF,1,Month-to-month,DSL,Mailed check,25.05,25.05,No,No,81.0,1,Critical,20.29,P3 - Medium,Offer annual contract incentive
0587-DMGBH,8,Month-to-month,DSL,Electronic check,49.85,365.55,No,Yes,64.51,1,High,32.16,P3 - Medium,Offer annual contract incentive
6397-JNZZG,43,Month-to-month,DSL,Credit card (automatic),55.55,2342.2,No,No,54.85,1,High,30.47,P3 - Medium,Offer annual contract incentive
3523-QRQLL,22,One year,DSL,Bank transfer (automatic),69.5,1498.2,No,No,33.2,0,Medium,23.07,P4 - Monitor,Offer Tech Support trial/bundle
0895-DQHEW,54,Month-to-month,Fiber optic,Electronic check,104.3,5278.15,No,No,76.39,1,Critical,79.67,P1 - Immediate,Offer annual contract incentive
8149-RSOUN,1,Month-to-month,Fiber optic,Electronic check,93.85,93.85,No,No,92.6,1,Critical,86.91,P1 - Immediate,Offer annual contract incentive
7250-EQKIY,1,Month-to-month,DSL,Mailed check,50.45,50.45,No,No,61.28,1,High,30.92,P3 - Medium,Offer annual contract incentive
4013-UBXWQ,7,Month-to-month,DSL,Electronic check,74.65,521.1,Yes,No,69.33,1,High,51.75,P2 - High,Offer annual contract incentive
5519-NPHVG,12,Month-to-month,Fiber optic,Electronic check,94.2,1046.1,No,No,88.54,1,Critical,83.4,P1 - Immediate,Offer annual contract incentive
8849-GYOKR,54,One year,Fiber optic,Bank transfer (automatic),106.55,5763.3,No,Yes,39.77,0,Medium,42.37,P4 - Monitor,Offer Tech Support trial/bundle
3148-BLQJT,1,Month-to-month,No,Mailed check,20.1,20.1,No internet service,No internet service,55.16,1,High,11.09,P3 - Medium,Offer annual contract incentive
0461-CVKMU,23,Month-to-month,Fiber optic,Electronic check,83.8,1900.25,Yes,No,63.12,1,High,52.89,P2 - High,Offer annual contract incentive
8806-EAGWC,3,Month-to-month,DSL,Mailed check,55.15,159.15,No,No,73.72,1,High,40.66,P3 - Medium,Offer annual contract incentive
7779-LGOVN,10,Month-to-month,Fiber optic,Electronic check,86.65,856.65,No,No,88.45,1,Critical,76.64,P1 - Immediate,Offer annual contract incentive
9710-ZUSHQ,37,Month-to-month,Fiber optic,Bank transfer (automatic),106.75,4056.75,No,Yes,60.59,1,High,64.68,P2 - High,Offer annual contract incentive
4183-WCSEP,31,Month-to-month,Fiber optic,Electronic check,78.45,2435.15,Yes,No,63.75,1,High,50.01,P2 - High,Offer annual contract incentive
5498-TXHLF,34,Month-to-month,Fiber optic,Electronic check,87.45,2874.15,No,No,73.44,1,High,64.22,P2 - High,Offer annual contract incentive
9722-UJOJR,29,Month-to-month,Fiber optic,Electronic check,70.75,1974.8,No,No,73.24,1,High,51.82,P2 - High,Offer annual contract incentive
3902-FOIGH,12,Month-to-month,Fiber optic,Electronic check,101.35,1218.55,No,No,87.58,1,Critical,88.76,P1 - Immediate,Offer annual contract incentive
6772-KSATR,1,Month-to-month,Fiber optic,Electronic check,81.7,81.7,No,Yes,75.47,1,Critical,61.66,P2 - High,Offer annual contract incentive
7112-OPOTK,33,Month-to-month,Fiber optic,Electronic check,68.25,2171.15,No,No,66.84,1,High,45.62,P3 - Medium,Offer annual contract incentive
4210-QFJMF,4,Month-to-month,Fiber optic,Electronic check,79.15,317.25,No,No,86.65,1,Critical,68.58,P2 - High,Offer annual contract incentive
3318-OSATS,35,Month-to-month,Fiber optic,Electronic check,95.45,3474.05,No,No,80.16,1,Critical,76.51,P1 - Immediate,Offer annual contract incentive
5828-AVIPD,19,One year,Fiber optic,Electronic check,100.95,1875.55,Yes,No,57.65,1,High,58.2,P2 - High,Offer Online Security bundle
1086-LXKFY,1,Month-to-month,Fiber optic,Mailed check,69.1,69.1,No,No,87.18,1,Critical,60.24,P2 - High,Offer annual contract incentive
2636-ALXXZ,1,Month-to-month,Fiber optic,Electronic check,69.6,69.6,No,No,89.11,1,Critical,62.02,P2 - High,Offer annual contract incentive
7774-OJSXI,31,One year,Fiber optic,Electronic check,103.45,3066.45,No,No,60.19,1,High,62.27,P2 - High,Offer Tech Support trial/bundle
7786-WBJYI,4,Month-to-month,Fiber optic,Bank transfer (automatic),77.95,305.55,No,No,79.38,1,Critical,61.88,P2 - High,Offer annual contract incentive
9885-CSMWE,1,Month-to-month,Fiber optic,Electronic check,78.45,78.45,No,No,89.84,1,Critical,70.48,P2 - High,Offer annual contract incentive
5016-ETTFF,10,Month-to-month,DSL,Mailed check,29.5,255.25,No,No,66.31,1,High,19.56,P3 - Medium,Offer annual contract incentive
3866-MDTUB,2,Month-to-month,DSL,Electronic check,70.75,146.9,No,Yes,68.55,1,High,48.5,P3 - Medium,Offer annual contract incentive
8058-JMEQO,9,Month-to-month,Fiber optic,Electronic check,84.45,762.5,No,No,88.49,1,Critical,74.73,P2 - High,Offer annual contract incentive
0697-ZMSWS,4,Month-to-month,Fiber optic,Electronic check,85.65,338.9,No,No,89.29,1,Critical,76.48,P1 - Immediate,Offer annual contract incentive
7657-DYEPJ,38,One year,DSL,Credit card (automatic),70.15,2497.35,Yes,No,33.24,0,Medium,23.32,P4 - Monitor,Offer Online Security bundle
8276-MQBYC,51,Month-to-month,Fiber optic,Electronic check,97.8,4913.3,No,No,77.78,1,Critical,76.07,P1 - Immediate,Offer annual contract incentive
7593-XFKDI,1,Month-to-month,DSL,Mailed check,46.3,46.3,No,No,76.54,1,Critical,35.44,P3 - Medium,Offer annual contract incentive
0337-CNPZE,41,Month-to-month,Fiber optic,Electronic check,106.3,4443.45,No,No,77.29,1,Critical,82.16,P1 - Immediate,Offer annual contract incentive
1513-XNPPH,12,Month-to-month,Fiber optic,Electronic check,89.4,1095.65,Yes,No,77.65,1,Critical,69.42,P2 - High,Offer annual contract incentive
6015-VVHHE,5,Month-to-month,Fiber optic,Credit card (automatic),83.15,446.05,No,No,87.08,1,Critical,72.41,P2 - High,Offer annual contract incentive
6347-DCUIK,10,Month-to-month,Fiber optic,Mailed check,74.15,811.8,No,No,80.8,1,Critical,59.91,P2 - High,Offer annual contract incentive
0897-FEGMU,11,Month-to-month,Fiber optic,Electronic check,99.5,1056.95,No,No,89.55,1,Critical,89.1,P1 - Immediate,Offer annual contract incentive
7663-RGWBC,1,Month-to-month,DSL,Mailed check,44.15,44.15,No,No,75.32,1,Critical,33.25,P3 - Medium,Offer annual contract incentive
1120-BMWUB,16,Month-to-month,DSL,Mailed check,53.9,834.15,Yes,No,48.76,0,Medium,26.28,P4 - Monitor,Offer annual contract incentive
9124-LHCJQ,1,Month-to-month,Fiber optic,Mailed check,85.45,85.45,No,No,90.5,1,Critical,77.33,P1 - Immediate,Offer annual contract incentive
2235-ZGKPT,4,Month-to-month,DSL,Mailed check,50.85,239.55,No,No,56.33,1,High,28.64,P3 - Medium,Offer annual contract incentive
3891-PUQOD,1,Month-to-month,DSL,Electronic check,59.2,59.2,No,No,60.81,1,High,36.0,P3 - Medium,Offer annual contract incentive
0689-NKYLF,13,Month-to-month,Fiber optic,Electronic check,83.2,1060.6,No,No,83.9,1,Critical,69.8,P2 - High,Offer annual contract incentive
3658-KIBGF,1,Month-to-month,DSL,Electronic check,54.9,54.9,No,Yes,67.53,1,High,37.07,P3 - Medium,Offer annual contract incentive
5519-YLDGW,21,Month-to-month,Fiber optic,Electronic check,103.9,2254.2,No,Yes,78.99,1,Critical,82.07,P1 - Immediate,Offer annual contract incentive
4946-EDSEW,11,Month-to-month,No,Mailed check,19.25,180.3,No internet service,No internet service,18.48,0,Low,3.56,P4 - Monitor,Offer annual contract incentive
2516-VQRRV,2,Month-to-month,Fiber optic,Mailed check,75.45,158.4,No,No,87.22,1,Critical,65.81,P2 - High,Offer annual contract incentive
7580-UGXNC,2,Month-to-month,DSL,Mailed check,54.85,104.2,No,Yes,66.53,1,High,36.49,P3 - Medium,Offer annual contract incentive
5178-LMXOP,1,Month-to-month,Fiber optic,Electronic check,95.1,95.1,No,No,92.95,1,Critical,88.4,P1 - Immediate,Offer annual contract incentive
8185-UPYBR,6,Month-to-month,Fiber optic,Electronic check,75.5,438.0,No,No,86.93,1,Critical,65.63,P2 - High,Offer annual contract incentive
4585-HETAI,4,Month-to-month,Fiber optic,Electronic check,73.75,325.45,No,No,84.83,1,Critical,62.56,P2 - High,Offer annual contract incentive
7526-BEZQB,12,Month-to-month,Fiber optic,Electronic check,96.05,1148.1,No,No,88.45,1,Critical,84.96,P1 - Immediate,Offer annual contract incentive
4951-UKAAQ,4,Month-to-month,Fiber optic,Electronic check,88.95,355.2,No,No,89.0,1,Critical,79.17,P1 - Immediate,Offer annual contract incentive
2108-YKQTY,4,Month-to-month,DSL,Credit card (automatic),50.7,151.3,No,No,66.12,1,High,33.52,P3 - Medium,Offer annual contract incentive
4918-QLLIW,3,Month-to-month,DSL,Credit card (automatic),53.4,188.7,No,No,72.59,1,High,38.76,P3 - Medium,Offer annual contract incentive
7056-IMHCC,53,Month-to-month,Fiber optic,Electronic check,101.9,5549.4,No,No,75.61,1,Critical,77.05,P1 - Immediate,Offer annual contract incentive
1625-JAIIY,68,One year,Fiber optic,Electronic check,83.0,5685.8,No,No,51.77,1,High,42.97,P3 - Medium,Offer Tech Support trial/bundle
2947-DOMLJ,1,Month-to-month,DSL,Mailed check,50.6,50.6,No,Yes,56.84,1,High,28.76,P3 - Medium,Offer annual contract incentive
4112-LUEIZ,10,Month-to-month,Fiber optic,Electronic check,89.5,863.1,No,No,87.45,1,Critical,78.27,P1 - Immediate,Offer annual contract incentive
4510-HIMLV,1,Month-to-month,Fiber optic,Electronic check,69.8,69.8,No,No,89.07,1,Critical,62.17,P2 - High,Offer annual contract incentive
8749-JMNKX,51,Month-to-month,Fiber optic,Bank transfer (automatic),93.8,4750.95,No,Yes,63.58,1,High,59.64,P2 - High,Offer annual contract incentive
2430-USGXP,24,Month-to-month,Fiber optic,Electronic check,101.05,2391.8,No,No,81.45,1,Critical,82.31,P1 - Immediate,Offer annual contract incentive
5955-ERIHD,18,Month-to-month,Fiber optic,Electronic check,94.7,1687.95,No,No,82.07,1,Critical,77.72,P1 - Immediate,Offer annual contract incentive
0917-EZOLA,72,Two year,Fiber optic,Bank transfer (automatic),104.15,7689.95,No,No,41.3,0,Medium,43.01,P4 - Monitor,Offer Tech Support trial/bundle
5949-EBSQK,4,Month-to-month,DSL,Credit card (automatic),61.45,229.55,Yes,No,34.57,0,Medium,21.24,P4 - Monitor,Offer annual contract incentive
7274-RTAPZ,1,Month-to-month,Fiber optic,Electronic check,90.55,90.55,No,No,91.65,1,Critical,82.99,P1 - Immediate,Offer annual contract incentive
0311-UNPFF,26,Month-to-month,Fiber optic,Bank transfer (automatic),88.8,2274.35,No,No,70.86,1,High,62.92,P2 - High,Offer annual contract incentive
3834-XUIFC,7,Month-to-month,Fiber optic,Mailed check,85.2,602.55,No,No,86.33,1,Critical,73.55,P2 - High,Offer annual contract incentive
8414-MYSHR,5,Month-to-month,Fiber optic,Electronic check,91.4,449.75,No,No,88.44,1,Critical,80.83,P1 - Immediate,Offer annual contract incentive
7599-FKVXZ,42,Month-to-month,Fiber optic,Bank transfer (automatic),106.15,4512.7,Yes,No,71.07,1,High,75.44,P2 - High,Offer annual contract incentive
8229-TNIQA,4,Month-to-month,DSL,Mailed check,45.3,196.95,No,No,73.34,1,High,33.22,P3 - Medium,Offer annual contract incentive
6221-AVQYL,2,Month-to-month,Fiber optic,Credit card (automatic),73.25,131.05,No,No,82.65,1,Critical,60.54,P2 - High,Offer annual contract incentive
7743-EXURX,8,Month-to-month,DSL,Electronic check,51.05,415.05,No,No,54.03,1,High,27.58,P3 - Medium,Offer annual contract incentive
5569-KGJHX,9,Month-to-month,Fiber optic,Bank transfer (automatic),85.35,754.65,No,No,87.27,1,Critical,74.48,P2 - High,Offer annual contract incentive
4988-IQIGL,1,Month-to-month,Fiber optic,Electronic check,75.35,75.35,No,No,90.75,1,Critical,68.38,P2 - High,Offer annual contract incentive
7730-IUTDZ,43,Month-to-month,Fiber optic,Electronic check,75.2,3198.6,No,Yes,65.55,1,High,49.29,P3 - Medium,Offer annual contract incentive
0426-TIRNE,1,Month-to-month,No,Mailed check,20.9,20.9,No internet service,No internet service,54.53,1,High,11.4,P3 - Medium,Offer annual contract incentive
7587-RZNME,3,Month-to-month,DSL,Electronic check,43.3,123.65,No,No,76.14,1,Critical,32.97,P3 - Medium,Offer annual contract incentive
0748-RDGGM,70,One year,Fiber optic,Bank transfer (automatic),109.5,7534.65,Yes,Yes,48.51,0,Medium,53.12,P4 - Monitor,Review Fiber pricing/service quality
4706-AXVKM,11,Month-to-month,Fiber optic,Credit card (automatic),84.8,906.85,No,No,84.42,1,Critical,71.59,P2 - High,Offer annual contract incentive
5889-JTMUL,50,Month-to-month,Fiber optic,Electronic check,95.05,4888.7,No,No,72.75,1,High,69.15,P2 - High,Offer annual contract incentive
9026-RNUJS,5,Month-to-month,DSL,Electronic check,50.35,237.25,No,No,75.22,1,Critical,37.87,P3 - Medium,Offer annual contract incentive
3746-EUBYR,1,Month-to-month,Fiber optic,Bank transfer (automatic),74.6,74.6,No,No,89.15,1,Critical,66.51,P2 - High,Offer annual contract incentive
2332-EFBJY,16,Month-to-month,No,Mailed check,19.7,342.4,No internet service,No internet service,29.85,0,Medium,5.88,P4 - Monitor,Offer annual contract incentive
9474-PHLYD,15,Month-to-month,DSL,Electronic check,59.45,892.65,No,No,59.61,1,High,35.44,P3 - Medium,Offer annual contract incentive
2165-VOEGB,46,One year,Fiber optic,Bank transfer (automatic),105.2,4822.85,Yes,Yes,47.17,0,Medium,49.62,P4 - Monitor,Review Fiber pricing/service quality
2219-MVUSO,8,Month-to-month,DSL,Mailed check,45.15,438.4,No,No,61.98,1,High,27.98,P3 - Medium,Offer annual contract incentive
8914-RBTSB,31,Month-to-month,Fiber optic,Electronic check,93.8,3019.5,No,No,70.46,1,High,66.09,P2 - High,Offer annual contract incentive
0963-ZBDRN,32,Month-to-month,Fiber optic,Electronic check,96.2,3183.4,Yes,No,67.85,1,High,65.27,P2 - High,Offer annual contract incentive
7594-RQHXR,1,Month-to-month,Fiber optic,Electronic check,79.6,79.6,No,No,90.65,1,Critical,72.16,P2 - High,Offer annual contract incentive
6331-EWIEB,20,Month-to-month,Fiber optic,Electronic check,85.25,1734.5,No,No,80.09,1,Critical,68.28,P2 - High,Offer annual contract incentive
5998-VVEJY,26,Month-to-month,Fiber optic,Electronic check,80.5,2088.8,Yes,No,69.58,1,High,56.01,P2 - High,Offer annual contract incentive
1624-NALOJ,5,Month-to-month,Fiber optic,Electronic check,89.8,502.6,No,No,88.63,1,Critical,79.59,P1 - Immediate,Offer annual contract incentive
4317-VTEOA,1,Month-to-month,DSL,Electronic check,50.75,50.75,No,No,73.36,1,High,37.23,P3 - Medium,Offer annual contract incentive
1670-SVOWZ,14,Month-to-month,Fiber optic,Credit card (automatic),89.65,1208.35,Yes,No,72.47,1,High,64.97,P2 - High,Offer annual contract incentive
7541-YLXCL,36,One year,DSL,Mailed check,65.4,2498.4,Yes,No,32.77,0,Medium,21.43,P4 - Monitor,Offer Online Security bundle
0260-ZDLGK,9,Month-to-month,DSL,Mailed check,72.9,651.4,Yes,No,48.25,0,Medium,35.17,P4 - Monitor,Offer annual contract incentive
8722-NGNBH,5,Month-to-month,DSL,Mailed check,40.0,223.45,Yes,Yes,55.74,1,High,22.3,P3 - Medium,Offer annual contract incentive
6210-KBBPI,9,Month-to-month,Fiber optic,Credit card (automatic),99.45,919.4,No,No,87.37,1,Critical,86.89,P1 - Immediate,Offer annual contract incentive
0133-BMFZO,2,Month-to-month,Fiber optic,Electronic check,86.25,181.65,Yes,Yes,69.61,1,High,60.04,P2 - High,Offer annual contract incentive
6128-CZOMY,1,Month-to-month,DSL,Electronic check,45.65,45.65,No,No,78.27,1,Critical,35.73,P3 - Medium,Offer annual contract incentive
9540-JYROE,8,Month-to-month,Fiber optic,Mailed check,70.1,551.35,No,No,76.96,1,Critical,53.95,P2 - High,Offer annual contract incentive
2260-USTRB,2,Month-to-month,Fiber optic,Bank transfer (automatic),70.2,115.95,No,No,83.81,1,Critical,58.83,P2 - High,Offer annual contract incentive
3656-TKRVZ,3,Month-to-month,DSL,Electronic check,55.35,165.2,No,Yes,62.74,1,High,34.73,P3 - Medium,Offer annual contract incentive
8623-TMRBY,51,Month-to-month,Fiber optic,Electronic check,84.2,4146.05,No,No,72.92,1,High,61.4,P2 - High,Offer annual contract incentive
1501-SGHBW,2,Month-to-month,DSL,Mailed check,45.85,81.0,No,No,76.77,1,Critical,35.2,P3 - Medium,Offer annual contract incentive
3208-YPIOE,39,Month-to-month,Fiber optic,Electronic check,75.25,3017.65,No,No,69.24,1,High,52.1,P2 - High,Offer annual contract incentive
2612-RANWT,12,Month-to-month,Fiber optic,Bank transfer (automatic),100.15,1164.3,No,No,87.4,1,Critical,87.53,P1 - Immediate,Offer annual contract incentive
6900-PXRMS,26,Month-to-month,Fiber optic,Electronic check,105.75,2710.25,No,No,75.62,1,Critical,79.97,P1 - Immediate,Offer annual contract incentive
3346-BRMIS,18,Month-to-month,DSL,Electronic check,48.35,810.7,No,No,73.14,1,High,35.36,P3 - Medium,Offer annual contract incentive
2933-FILNV,2,Month-to-month,DSL,Mailed check,24.4,36.55,No,No,64.08,1,High,15.64,P3 - Medium,Offer annual contract incentive
9986-BONCE,4,Month-to-month,No,Bank transfer (automatic),20.95,85.5,No internet service,No internet service,34.35,0,Medium,7.2,P4 - Monitor,Offer annual contract incentive
2722-JMONI,1,Month-to-month,DSL,Electronic check,49.55,49.55,No,Yes,74.37,1,High,36.85,P3 - Medium,Offer annual contract incentive
4083-EUGRJ,9,Month-to-month,No,Mailed check,20.25,178.5,No internet service,No internet service,30.34,0,Medium,6.14,P4 - Monitor,Offer annual contract incentive
7579-OOPEC,2,Month-to-month,DSL,Credit card (automatic),50.15,115.1,No,No,69.93,1,High,35.07,P3 - Medium,Offer annual contract incentive
1771-OADNZ,29,Month-to-month,Fiber optic,Electronic check,95.9,2745.2,No,No,76.85,1,Critical,73.7,P2 - High,Offer annual contract incentive
0612-RTZZA,1,Month-to-month,DSL,Electronic check,25.25,25.25,No,No,83.77,1,Critical,21.15,P3 - Medium,Offer annual contract incentive
6410-LEFEN,9,Month-to-month,DSL,Electronic check,45.15,416.45,No,No,66.53,1,High,30.04,P3 - Medium,Offer annual contract incentive
3194-ORPIK,50,Month-to-month,Fiber optic,Bank transfer (automatic),84.4,4116.15,No,No,71.78,1,High,60.58,P2 - High,Offer annual contract incentive
8816-VXNZD,1,Month-to-month,Fiber optic,Electronic check,75.1,75.1,No,No,89.94,1,Critical,67.54,P2 - High,Offer annual contract incentive
9378-FXTIZ,54,One year,DSL,Credit card (automatic),70.15,3715.65,No,No,30.19,0,Medium,21.18,P4 - Monitor,Offer Tech Support trial/bundle
1723-HKXJQ,42,Month-to-month,Fiber optic,Electronic check,101.75,4273.45,No,No,78.12,1,Critical,79.49,P1 - Immediate,Offer annual contract incentive
7825-GKXMW,1,Month-to-month,DSL,Electronic check,45.8,45.8,No,No,77.7,1,Critical,35.59,P3 - Medium,Offer annual contract incentive
1240-KNSEZ,1,Month-to-month,No,Mailed check,20.1,20.1,No internet service,No internet service,61.68,1,High,12.4,P3 - Medium,Offer annual contract incentive
0836-SEYLU,9,Month-to-month,DSL,Mailed check,40.65,328.95,Yes,No,61.29,1,High,24.91,P3 - Medium,Offer annual contract incentive
4433-JCGCG,46,Month-to-month,Fiber optic,Electronic check,101.0,4680.05,No,No,78.75,1,Critical,79.54,P1 - Immediate,Offer annual contract incentive
3716-BDVDB,1,Month-to-month,Fiber optic,Electronic check,69.1,69.1,No,No,89.14,1,Critical,61.6,P2 - High,Offer annual contract incentive
5899-MQZZL,13,Month-to-month,Fiber optic,Mailed check,75.0,999.45,No,No,80.22,1,Critical,60.16,P2 - High,Offer annual contract incentive
6849-OYAMU,19,One year,Fiber optic,Bank transfer (automatic),100.0,1888.65,Yes,No,49.35,0,Medium,49.35,P4 - Monitor,Offer Online Security bundle
9488-HGMJH,1,Month-to-month,Fiber optic,Electronic check,71.15,71.15,No,No,88.8,1,Critical,63.18,P2 - High,Offer annual contract incentive
6038-GCYEC,24,Month-to-month,DSL,Credit card (automatic),54.15,1240.25,No,No,58.85,1,High,31.87,P3 - Medium,Offer annual contract incentive
1150-WFARN,67,Two year,Fiber optic,Credit card (automatic),108.75,7156.2,Yes,Yes,29.83,0,Medium,32.44,P4 - Monitor,Review Fiber pricing/service quality
3144-AUDBS,6,Month-to-month,DSL,Electronic check,49.15,270.8,Yes,No,69.11,1,High,33.97,P3 - Medium,Offer annual contract incentive
5616-PRTNT,20,Month-to-month,No,Electronic check,19.4,374.5,No internet service,No internet service,31.61,0,Medium,6.13,P4 - Monitor,Offer annual contract incentive
4818-QIUFN,20,Month-to-month,Fiber optic,Electronic check,79.15,1520.9,No,Yes,67.19,1,High,53.18,P2 - High,Offer annual contract incentive
6961-VCPMC,46,Month-to-month,Fiber optic,Electronic check,80.4,3605.2,No,No,71.88,1,High,57.79,P2 - High,Offer annual contract incentive
6688-UZPWD,11,Month-to-month,Fiber optic,Electronic check,102.0,1145.35,No,No,88.7,1,Critical,90.47,P1 - Immediate,Offer annual contract incentive
2839-RFSQE,2,Month-to-month,No,Mailed check,20.65,38.7,No internet service,No internet service,32.1,0,Medium,6.63,P4 - Monitor,Offer annual contract incentive
0968-GSIKN,1,Month-to-month,Fiber optic,Mailed check,70.8,70.8,No,No,87.16,1,Critical,61.71,P2 - High,Offer annual contract incentive
1965-DDBWU,16,Month-to-month,Fiber optic,Credit card (automatic),89.05,1448.6,Yes,No,67.07,1,High,59.73,P2 - High,Offer annual contract incentive
9057-SIHCH,3,Month-to-month,Fiber optic,Electronic check,96.6,291.9,No,No,91.52,1,Critical,88.41,P1 - Immediate,Offer annual contract incentive
6771-XWBDM,57,Month-to-month,Fiber optic,Credit card (automatic),104.5,5921.35,No,No,70.01,1,High,73.16,P2 - High,Offer annual contract incentive
8601-QACRS,5,Month-to-month,DSL,Mailed check,50.6,249.95,No,No,70.51,1,High,35.68,P3 - Medium,Offer annual contract incentive
2391-SOORI,4,Month-to-month,DSL,Electronic check,49.35,219.65,No,Yes,54.79,1,High,27.04,P3 - Medium,Offer annual contract incentive
2645-QTLMB,7,Month-to-month,Fiber optic,Electronic check,94.25,669.0,No,No,87.46,1,Critical,82.43,P1 - Immediate,Offer annual contract incentive
4806-HIPDW,1,Month-to-month,Fiber optic,Electronic check,68.95,68.95,No,No,88.85,1,Critical,61.26,P2 - High,Offer annual contract incentive
4424-TKOPW,2,Month-to-month,Fiber optic,Electronic check,93.85,196.75,No,No,91.93,1,Critical,86.28,P1 - Immediate,Offer annual contract incentive
8443-ZRDBZ,4,Month-to-month,Fiber optic,Electronic check,76.05,318.9,No,No,87.39,1,Critical,66.46,P2 - High,Offer annual contract incentive
9136-ALYBR,1,Month-to-month,DSL,Mailed check,24.45,24.45,No,No,79.0,1,Critical,19.32,P3 - Medium,Offer annual contract incentive
7479-NITWS,7,Month-to-month,Fiber optic,Credit card (automatic),89.35,631.85,No,No,85.49,1,Critical,76.39,P1 - Immediate,Offer annual contract incentive
2959-MJHIC,4,Month-to-month,Fiber optic,Electronic check,80.35,307.4,No,No,88.02,1,Critical,70.72,P2 - High,Offer annual contract incentive
4201-JMNGR,1,Month-to-month,DSL,Electronic check,55.8,55.8,No,Yes,69.77,1,High,38.93,P3 - Medium,Offer annual contract incentive
5960-WPXQM,1,Month-to-month,Fiber optic,Electronic check,79.05,79.05,No,No,91.29,1,Critical,72.16,P2 - High,Offer annual contract incentive
0684-AOSIH,1,Month-to-month,Fiber optic,Electronic check,95.0,95.0,No,Yes,84.56,1,Critical,80.33,P1 - Immediate,Offer annual contract incentive
8260-NGFNY,1,Month-to-month,DSL,Mailed check,25.2,25.2,No,No,75.97,1,Critical,19.14,P3 - Medium,Offer annual contract incentive
1866-RZZQS,41,Month-to-month,Fiber optic,Electronic check,98.4,4187.75,No,No,79.81,1,Critical,78.53,P1 - Immediate,Offer annual contract incentive
8631-NBHFZ,66,Two year,DSL,Credit card (automatic),79.4,5154.6,Yes,Yes,20.26,0,Low,16.09,P4 - Monitor,Standard retention campaign
4958-XCBDQ,35,Month-to-month,Fiber optic,Electronic check,101.4,3496.3,No,No,79.77,1,Critical,80.89,P1 - Immediate,Offer annual contract incentive
8337-UPOAQ,10,Month-to-month,Fiber optic,Electronic check,89.8,914.3,No,No,88.06,1,Critical,79.08,P1 - Immediate,Offer annual contract incentive
1725-IQNIY,54,Two year,Fiber optic,Bank transfer (automatic),109.75,6110.2,Yes,Yes,34.98,0,Medium,38.39,P4 - Monitor,Review Fiber pricing/service quality
6598-RFFVI,2,One year,No,Credit card (automatic),19.3,28.3,No internet service,No internet service,11.95,0,Low,2.31,P4 - Monitor,Standard retention campaign
6712-OAWRH,26,Month-to-month,Fiber optic,Electronic check,91.25,2351.8,No,No,76.29,1,Critical,69.61,P2 - High,Offer annual contract incentive
8614-VGMMV,15,Month-to-month,DSL,Electronic check,49.1,679.55,No,No,65.08,1,High,31.95,P3 - Medium,Offer annual contract incentive
2930-UOTMB,31,Month-to-month,DSL,Credit card (automatic),65.25,1994.3,Yes,Yes,24.98,0,Low,16.3,P4 - Monitor,Offer annual contract incentive
5914-DVBWJ,18,Month-to-month,Fiber optic,Electronic check,85.45,1505.85,Yes,No,75.45,1,Critical,64.47,P2 - High,Offer annual contract incentive
2533-QVMSK,61,Two year,Fiber optic,Electronic check,94.1,5638.3,Yes,No,25.45,0,Medium,23.95,P4 - Monitor,Offer Online Security bundle
8644-XLFBW,1,Month-to-month,Fiber optic,Electronic check,71.65,71.65,No,No,88.79,1,Critical,63.62,P2 - High,Offer annual contract incentive
8625-AZYZY,24,Month-to-month,Fiber optic,Electronic check,104.65,2542.45,No,No,80.66,1,Critical,84.41,P1 - Immediate,Offer annual contract incentive
9306-CPCBC,3,Month-to-month,Fiber optic,Electronic check,74.25,210.3,No,No,86.34,1,Critical,64.11,P2 - High,Offer annual contract incentive
1833-VGRUM,1,Month-to-month,Fiber optic,Electronic check,74.2,74.2,No,No,89.69,1,Critical,66.55,P2 - High,Offer annual contract incentive
8374-XGEJJ,43,Month-to-month,Fiber optic,Electronic check,101.0,4388.4,No,No,78.37,1,Critical,79.15,P1 - Immediate,Offer annual contract incentive
2656-TABEH,4,Month-to-month,Fiber optic,Electronic check,100.2,420.2,No,No,90.58,1,Critical,90.76,P1 - Immediate,Offer annual contract incentive
6946-LMSQS,25,One year,Fiber optic,Electronic check,89.05,2177.45,No,Yes,42.64,0,Medium,37.97,P4 - Monitor,Offer Tech Support trial/bundle
2325-ZUSFD,57,One year,DSL,Bank transfer (automatic),70.1,3913.3,No,Yes,15.69,0,Low,11.0,P4 - Monitor,Offer Tech Support trial/bundle
3932-CMDTD,4,One year,Fiber optic,Electronic check,105.65,443.9,Yes,No,61.92,1,High,65.42,P2 - High,Offer Online Security bundle
4039-HEUNW,36,Month-to-month,Fiber optic,Electronic check,96.5,3436.1,No,No,78.3,1,Critical,75.56,P1 - Immediate,Offer annual contract incentive
0812-WUPTB,1,Month-to-month,Fiber optic,Mailed check,70.85,70.85,No,No,85.86,1,Critical,60.83,P2 - High,Offer annual contract incentive
3594-UVONA,35,One year,DSL,Credit card (automatic),85.95,3110.1,Yes,Yes,26.22,0,Medium,22.54,P4 - Monitor,Standard retention campaign
0004-TLHLJ,4,Month-to-month,Fiber optic,Electronic check,73.9,280.85,No,No,83.71,1,Critical,61.86,P2 - High,Offer annual contract incentive
5089-IFSDP,58,Two year,Fiber optic,Bank transfer (automatic),109.45,6144.55,No,Yes,36.82,0,Medium,40.3,P4 - Monitor,Offer Tech Support trial/bundle
4817-VYYWS,30,Month-to-month,Fiber optic,Electronic check,100.2,2983.8,No,No,79.48,1,Critical,79.64,P1 - Immediate,Offer annual contract incentive
1396-QWFBJ,21,Month-to-month,Fiber optic,Bank transfer (automatic),74.05,1565.7,No,No,69.79,1,High,51.68,P2 - High,Offer annual contract incentive
5299-SJCZT,3,Month-to-month,Fiber optic,Bank transfer (automatic),101.55,298.35,No,No,89.9,1,Critical,91.29,P1 - Immediate,Offer annual contract incentive
2403-BCASL,41,One year,Fiber optic,Electronic check,111.95,4534.9,Yes,No,61.74,1,High,69.12,P2 - High,Offer Online Security bundle
2898-LSJGD,21,One year,DSL,Electronic check,55.95,1157.05,No,Yes,47.43,0,Medium,26.54,P4 - Monitor,Offer Tech Support trial/bundle
7359-PTSXY,1,Month-to-month,DSL,Electronic check,45.75,45.75,No,No,79.41,1,Critical,36.33,P3 - Medium,Offer annual contract incentive
4503-BDXBD,11,Month-to-month,Fiber optic,Electronic check,74.95,815.5,No,No,71.75,1,High,53.78,P2 - High,Offer annual contract incentive
6086-ESGRL,1,Month-to-month,Fiber optic,Credit card (automatic),80.15,80.15,No,No,87.48,1,Critical,70.12,P2 - High,Offer annual contract incentive
3886-CERTZ,72,One year,Fiber optic,Electronic check,109.25,8109.8,Yes,No,52.43,1,High,57.28,P2 - High,Offer Online Security bundle
5759-RCVCB,3,Month-to-month,DSL,Credit card (automatic),35.2,108.95,No,No,72.35,1,High,25.47,P3 - Medium,Offer annual contract incentive
6372-RFVNS,1,Month-to-month,Fiber optic,Electronic check,78.8,78.8,No,No,90.19,1,Critical,71.07,P2 - High,Offer annual contract incentive
8938-UMKPI,47,Month-to-month,Fiber optic,Electronic check,106.4,5127.95,No,No,74.76,1,High,79.54,P2 - High,Offer annual contract incentive
0991-BRRFB,18,Month-to-month,DSL,Electronic check,49.4,874.8,No,Yes,57.71,1,High,28.51,P3 - Medium,Offer annual contract incentive
3871-IKPYH,1,Month-to-month,Fiber optic,Electronic check,69.1,69.1,No,No,86.82,1,Critical,59.99,P2 - High,Offer annual contract incentive
6319-IEJWJ,20,Month-to-month,Fiber optic,Electronic check,90.2,1776.55,No,No,77.77,1,Critical,70.15,P2 - High,Offer annual contract incentive
9025-AOMKI,6,Month-to-month,Fiber optic,Bank transfer (automatic),93.55,536.4,No,No,89.6,1,Critical,83.82,P1 - Immediate,Offer annual contract incentive
5275-SQEIZ,1,Month-to-month,Fiber optic,Mailed check,80.85,80.85,No,No,88.38,1,Critical,71.46,P2 - High,Offer annual contract incentive
7716-YTYHG,48,One year,Fiber optic,Mailed check,82.05,4029.95,No,No,45.83,0,Medium,37.6,P4 - Monitor,Offer Tech Support trial/bundle
4390-KYULV,3,Month-to-month,No,Credit card (automatic),20.55,51.15,No internet service,No internet service,35.88,0,Medium,7.37,P4 - Monitor,Offer annual contract incentive
1304-NECVQ,2,Month-to-month,Fiber optic,Electronic check,78.55,149.55,No,No,88.88,1,Critical,69.82,P2 - High,Offer annual contract incentive
8945-GRKHX,1,Month-to-month,Fiber optic,Electronic check,78.65,78.65,No,No,89.3,1,Critical,70.23,P2 - High,Offer annual contract incentive
6959-UWKHF,1,Month-to-month,DSL,Electronic check,42.9,42.9,No,No,78.19,1,Critical,33.54,P3 - Medium,Offer annual contract incentive
3815-SLMEF,3,Month-to-month,DSL,Mailed check,34.25,139.35,Yes,Yes,61.19,1,High,20.96,P3 - Medium,Offer annual contract incentive
5154-VEKBL,9,Month-to-month,DSL,Mailed check,58.5,539.85,Yes,Yes,52.19,1,High,30.53,P3 - Medium,Offer annual contract incentive
5655-JSMZM,49,Month-to-month,Fiber optic,Electronic check,96.2,4718.25,No,No,79.73,1,Critical,76.7,P1 - Immediate,Offer annual contract incentive
4505-EXZHB,6,Month-to-month,Fiber optic,Electronic check,74.4,434.1,No,No,81.13,1,Critical,60.36,P2 - High,Offer annual contract incentive
4587-VVTOX,6,Month-to-month,Fiber optic,Electronic check,105.3,545.2,No,No,89.22,1,Critical,93.95,P1 - Immediate,Offer annual contract incentive
4652-NNHNY,16,Month-to-month,Fiber optic,Bank transfer (automatic),73.85,1284.2,No,No,75.68,1,Critical,55.89,P2 - High,Offer annual contract incentive
8972-HJWNV,7,Month-to-month,Fiber optic,Electronic check,84.55,646.85,No,No,89.61,1,Critical,75.77,P1 - Immediate,Offer annual contract incentive
8515-OCTJS,25,Two year,No,Credit card (automatic),24.75,692.1,No internet service,No internet service,18.15,0,Low,4.49,P4 - Monitor,Standard retention campaign
2860-RANUS,20,Month-to-month,Fiber optic,Credit card (automatic),85.8,1727.5,No,No,75.22,1,Critical,64.54,P2 - High,Offer annual contract incentive
5261-QSHQM,4,Month-to-month,DSL,Electronic check,24.45,86.6,No,No,79.91,1,Critical,19.54,P3 - Medium,Offer annual contract incentive
8868-WOZGU,28,Month-to-month,Fiber optic,Electronic check,105.7,2979.5,No,No,79.43,1,Critical,83.96,P1 - Immediate,Offer annual contract incentive
1334-FJSVR,1,Month-to-month,DSL,Electronic check,24.25,24.25,No,No,83.38,1,Critical,20.22,P3 - Medium,Offer annual contract incentive
7625-XCQRH,11,Month-to-month,Fiber optic,Electronic check,76.5,837.95,No,No,83.12,1,Critical,63.59,P2 - High,Offer annual contract incentive
1731-TVIUK,4,Month-to-month,Fiber optic,Electronic check,93.5,362.2,Yes,No,82.52,1,Critical,77.16,P1 - Immediate,Offer annual contract incentive
0406-BPDVR,54,One year,Fiber optic,Credit card (automatic),101.5,5373.1,No,No,51.94,1,High,52.72,P2 - High,Offer Tech Support trial/bundle
0618-XWMSS,28,Month-to-month,Fiber optic,Bank transfer (automatic),74.9,2068.55,No,Yes,58.72,1,High,43.98,P3 - Medium,Offer annual contract incentive
5276-KQWHG,2,Month-to-month,Fiber optic,Electronic check,69.6,131.65,No,No,85.08,1,Critical,59.22,P2 - High,Offer annual contract incentive
2565-JSLRY,1,Month-to-month,No,Mailed check,24.05,24.05,No internet service,No internet service,49.25,0,Medium,11.84,P4 - Monitor,Offer annual contract incentive
6689-KXGBO,1,Month-to-month,DSL,Electronic check,50.55,50.55,No,No,69.51,1,High,35.14,P3 - Medium,Offer annual contract incentive
6615-NGGZJ,14,Month-to-month,Fiber optic,Electronic check,100.55,1415.55,No,No,85.47,1,Critical,85.94,P1 - Immediate,Offer annual contract incentive
4255-DDUOU,1,Month-to-month,No,Mailed check,20.5,20.5,No internet service,No internet service,59.62,1,High,12.22,P3 - Medium,Offer annual contract incentive
2984-MIIZL,4,Month-to-month,Fiber optic,Bank transfer (automatic),74.8,321.9,No,No,82.73,1,Critical,61.88,P2 - High,Offer annual contract incentive
5590-YRFJT,20,Month-to-month,DSL,Electronic check,24.45,482.8,No,No,65.81,1,High,16.09,P3 - Medium,Offer annual contract incentive
3677-TNKIO,14,Month-to-month,Fiber optic,Credit card (automatic),71.0,914.0,No,No,74.61,1,High,52.97,P2 - High,Offer annual contract incentive
9667-EQRXU,30,Month-to-month,DSL,Electronic check,40.3,1172.95,No,No,65.08,1,High,26.23,P3 - Medium,Offer annual contract incentive
3329-WDIOK,3,Month-to-month,DSL,Electronic check,50.6,155.35,No,No,77.52,1,Critical,39.23,P3 - Medium,Offer annual contract incentive
2873-ZLIWT,40,Month-to-month,Fiber optic,Electronic check,84.85,3303.05,Yes,No,69.82,1,High,59.24,P2 - High,Offer annual contract incentive
3415-TAILE,2,Month-to-month,DSL,Mailed check,65.7,134.35,No,No,53.19,1,High,34.95,P3 - Medium,Offer annual contract incentive
1915-IOFGU,1,Month-to-month,Fiber optic,Electronic check,70.5,70.5,No,No,87.15,1,Critical,61.44,P2 - High,Offer annual contract incentive
3045-XETSH,10,Month-to-month,Fiber optic,Electronic check,94.85,953.45,No,No,86.47,1,Critical,82.02,P1 - Immediate,Offer annual contract incentive
7239-HZZCX,1,Month-to-month,No,Mailed check,19.75,19.75,No internet service,No internet service,54.26,1,High,10.72,P3 - Medium,Offer annual contract incentive
7683-CBDKJ,14,Month-to-month,DSL,Electronic check,65.45,937.6,No,Yes,38.17,0,Medium,24.98,P4 - Monitor,Offer annual contract incentive
0946-CLJTI,58,Month-to-month,Fiber optic,Electronic check,98.7,5812.6,No,No,73.97,1,High,73.01,P2 - High,Offer annual contract incentive
0628-CNQRM,22,One year,DSL,Bank transfer (automatic),67.5,1544.05,Yes,Yes,19.0,0,Low,12.82,P4 - Monitor,Standard retention campaign
7665-TOALD,1,Month-to-month,Fiber optic,Electronic check,69.6,69.6,No,No,89.37,1,Critical,62.2,P2 - High,Offer annual contract incentive
0112-QWPNC,49,One year,DSL,Electronic check,84.35,4059.35,Yes,Yes,36.02,0,Medium,30.38,P4 - Monitor,Promote automatic payment
0324-BRPCJ,68,Month-to-month,Fiber optic,Electronic check,100.2,6851.65,No,No,72.21,1,High,72.35,P2 - High,Offer annual contract incentive
2777-PHDEI,1,Month-to-month,Fiber optic,Electronic check,78.05,78.05,No,No,90.01,1,Critical,70.25,P2 - High,Offer annual contract incentive
1196-AMORA,7,Month-to-month,Fiber optic,Electronic check,73.6,520.0,No,No,81.51,1,Critical,59.99,P2 - High,Offer annual contract incentive
4282-YMKNA,9,Month-to-month,Fiber optic,Electronic check,74.75,706.6,No,No,84.0,1,Critical,62.79,P2 - High,Offer annual contract incentive
5356-RHIPP,1,Month-to-month,No,Mailed check,20.2,20.2,No internet service,No internet service,61.48,1,High,12.42,P3 - Medium,Offer annual contract incentive
9189-JWSHV,24,Month-to-month,Fiber optic,Electronic check,93.55,2264.05,No,No,80.4,1,Critical,75.21,P1 - Immediate,Offer annual contract incentive
0746-JTRFU,2,Month-to-month,DSL,Electronic check,25.05,56.35,No,No,82.35,1,Critical,20.63,P3 - Medium,Offer annual contract incentive
0576-WNXXC,27,Month-to-month,Fiber optic,Electronic check,95.55,2510.2,No,No,76.96,1,Critical,73.54,P2 - High,Offer annual contract incentive
4628-CTTLA,57,Month-to-month,DSL,Electronic check,39.3,2111.45,No,No,60.47,1,High,23.76,P3 - Medium,Offer annual contract incentive
2876-VBBBL,1,Month-to-month,No,Mailed check,20.25,20.25,No internet service,No internet service,63.42,1,High,12.84,P3 - Medium,Offer annual contract incentive
6834-NXDCA,13,Month-to-month,DSL,Electronic check,23.9,300.8,No,No,71.14,1,High,17.0,P3 - Medium,Offer annual contract incentive
5597-GLBUC,1,Month-to-month,Fiber optic,Electronic check,85.45,85.45,No,No,90.89,1,Critical,77.67,P1 - Immediate,Offer annual contract incentive
2748-MYRVK,63,One year,Fiber optic,Bank transfer (automatic),99.9,6137.0,No,No,42.44,0,Medium,42.4,P4 - Monitor,Offer Tech Support trial/bundle
4822-YCXMX,25,Month-to-month,Fiber optic,Electronic check,84.8,2043.45,No,No,78.72,1,Critical,66.75,P2 - High,Offer annual contract incentive
9821-POOTN,35,Month-to-month,Fiber optic,Electronic check,75.2,2576.2,No,No,76.23,1,Critical,57.32,P2 - High,Offer annual contract incentive
6559-ILWKJ,71,Two year,DSL,Electronic check,49.35,3515.25,No,No,43.54,0,Medium,21.49,P4 - Monitor,Offer Tech Support trial/bundle
4229-CZMLL,6,Month-to-month,Fiber optic,Electronic check,74.9,469.8,No,No,85.58,1,Critical,64.1,P2 - High,Offer annual contract incentive
3663-MITLP,15,Month-to-month,Fiber optic,Electronic check,101.25,1457.25,No,No,81.71,1,Critical,82.73,P1 - Immediate,Offer annual contract incentive
9025-ZRPVR,9,Month-to-month,No,Mailed check,18.95,185.6,No internet service,No internet service,26.13,0,Medium,4.95,P4 - Monitor,Offer annual contract incentive
3285-UCQVC,37,Month-to-month,DSL,Credit card (automatic),28.6,973.55,Yes,No,47.86,0,Medium,13.69,P4 - Monitor,Offer annual contract incentive
5482-PLVPE,2,Month-to-month,DSL,Electronic check,24.35,41.85,No,No,84.23,1,Critical,20.51,P3 - Medium,Offer annual contract incentive
4902-OHLSK,29,Month-to-month,Fiber optic,Electronic check,98.65,2862.75,Yes,No,70.97,1,High,70.01,P2 - High,Offer annual contract incentive
0495-ZBNGW,5,Month-to-month,Fiber optic,Bank transfer (automatic),79.9,343.95,No,No,87.67,1,Critical,70.05,P2 - High,Offer annual contract incentive
2357-COQEK,28,Month-to-month,Fiber optic,Electronic check,103.3,2890.65,Yes,No,74.11,1,High,76.56,P2 - High,Offer annual contract incentive
3737-GCSPV,11,Month-to-month,Fiber optic,Credit card (automatic),96.2,1222.05,Yes,Yes,74.8,1,High,71.96,P2 - High,Offer annual contract incentive
4088-YLDSU,55,One year,Fiber optic,Electronic check,104.15,5743.05,Yes,No,63.48,1,High,66.11,P2 - High,Offer Online Security bundle
2034-CGRHZ,24,Month-to-month,Fiber optic,Credit card (automatic),102.95,2496.7,No,No,76.85,1,Critical,79.12,P1 - Immediate,Offer annual contract incentive
5797-APWZC,1,Month-to-month,Fiber optic,Electronic check,90.6,90.6,No,No,91.23,1,Critical,82.65,P1 - Immediate,Offer annual contract incentive
3683-QKIUE,6,Month-to-month,DSL,Bank transfer (automatic),50.8,288.05,Yes,No,62.01,1,High,31.5,P3 - Medium,Offer annual contract incentive
4228-ZGYUW,4,Month-to-month,Fiber optic,Electronic check,90.05,368.1,No,No,88.32,1,Critical,79.53,P1 - Immediate,Offer annual contract incentive
3519-ZKXGG,3,Month-to-month,Fiber optic,Electronic check,75.85,256.6,No,No,87.82,1,Critical,66.61,P2 - High,Offer annual contract incentive
6416-TVAIH,1,Month-to-month,Fiber optic,Electronic check,68.5,68.5,No,No,88.18,1,Critical,60.4,P2 - High,Offer annual contract incentive
5108-ADXWO,11,Month-to-month,Fiber optic,Electronic check,73.5,791.75,No,Yes,68.26,1,High,50.17,P2 - High,Offer annual contract incentive
3066-RRJIO,1,Month-to-month,Fiber optic,Mailed check,69.95,69.95,No,No,86.82,1,Critical,60.73,P2 - High,Offer annual contract incentive
6715-OFDBP,5,Month-to-month,DSL,Electronic check,70.05,346.4,No,No,67.11,1,High,47.01,P3 - Medium,Offer annual contract incentive
1567-DSCIC,8,Month-to-month,Fiber optic,Electronic check,94.0,773.65,No,No,87.48,1,Critical,82.23,P1 - Immediate,Offer annual contract incentive
2150-UWTFY,22,Month-to-month,DSL,Mailed check,61.15,1422.05,No,Yes,32.04,0,Medium,19.59,P4 - Monitor,Offer annual contract incentive
2683-BPJSO,29,Month-to-month,Fiber optic,Electronic check,84.45,2467.1,No,Yes,64.78,1,High,54.71,P2 - High,Offer annual contract incentive
2157-MXBJS,13,One year,DSL,Mailed check,75.3,989.45,No,No,59.55,1,High,44.84,P3 - Medium,Offer Tech Support trial/bundle
9360-AHGNL,43,One year,Fiber optic,Mailed check,109.55,4830.25,Yes,Yes,51.01,1,High,55.88,P2 - High,Review Fiber pricing/service quality
1087-UDSIH,3,Month-to-month,No,Mailed check,19.6,59.75,No internet service,No internet service,33.91,0,Medium,6.65,P4 - Monitor,Offer annual contract incentive
5485-WUYWF,2,Month-to-month,DSL,Bank transfer (automatic),66.4,94.55,No,Yes,65.25,1,High,43.33,P3 - Medium,Offer annual contract incentive
2632-UCGVD,66,Month-to-month,Fiber optic,Credit card (automatic),100.05,6871.9,Yes,No,62.36,1,High,62.39,P2 - High,Offer annual contract incentive
5445-PZWGX,62,One year,Fiber optic,Electronic check,102.0,6529.25,Yes,Yes,34.85,0,Medium,35.55,P4 - Monitor,Promote automatic payment
9170-CCKOU,17,Month-to-month,Fiber optic,Credit card (automatic),90.2,1454.15,No,Yes,60.06,1,High,54.17,P2 - High,Offer annual contract incentive
1043-YCUTE,56,Two year,No,Credit card (automatic),25.15,1327.15,No internet service,No internet service,16.87,0,Low,4.24,P4 - Monitor,Standard retention campaign
3814-MLAXC,31,Month-to-month,Fiber optic,Credit card (automatic),79.85,2404.15,Yes,No,59.09,1,High,47.18,P3 - Medium,Offer annual contract incentive
1226-UDFZR,2,Month-to-month,DSL,Mailed check,49.6,114.7,No,No,72.49,1,High,35.96,P3 - Medium,Offer annual contract incentive
6425-YQLLO,66,One year,Fiber optic,Credit card (automatic),105.95,6975.25,Yes,No,52.16,1,High,55.26,P2 - High,Offer Online Security bundle
5442-UTCVD,3,Month-to-month,Fiber optic,Electronic check,91.85,257.05,No,No,86.64,1,Critical,79.58,P1 - Immediate,Offer annual contract incentive
7734-DBOAI,1,Month-to-month,DSL,Electronic check,40.1,40.1,Yes,No,65.19,1,High,26.14,P3 - Medium,Offer annual contract incentive
2091-RFFBA,31,Month-to-month,Fiber optic,Electronic check,73.9,2217.15,No,No,75.12,1,Critical,55.51,P2 - High,Offer annual contract incentive
2114-MGINA,14,Month-to-month,Fiber optic,Mailed check,89.8,1129.1,No,No,83.5,1,Critical,74.98,P2 - High,Offer annual contract incentive
4489-SNOJF,35,Month-to-month,DSL,Electronic check,72.25,2568.55,Yes,Yes,17.0,0,Low,12.28,P4 - Monitor,Offer annual contract incentive
6899-PPEEA,37,Month-to-month,Fiber optic,Electronic check,96.55,3580.3,No,No,79.7,1,Critical,76.95,P1 - Immediate,Offer annual contract incentive
2187-LZGPL,7,Month-to-month,DSL,Credit card (automatic),40.1,293.3,No,No,66.96,1,High,26.85,P3 - Medium,Offer annual contract incentive
4597-NUCQV,24,Month-to-month,Fiber optic,Electronic check,101.25,2440.15,No,No,80.92,1,Critical,81.93,P1 - Immediate,Offer annual contract incentive
9019-QVLZD,1,Month-to-month,Fiber optic,Electronic check,79.55,79.55,No,No,90.14,1,Critical,71.71,P2 - High,Offer annual contract incentive
3707-LRWZD,32,One year,Fiber optic,Electronic check,84.05,2781.85,No,No,50.06,1,High,42.08,P3 - Medium,Offer Tech Support trial/bundle
1455-ESIQH,1,Month-to-month,Fiber optic,Electronic check,89.1,89.1,No,No,91.76,1,Critical,81.76,P1 - Immediate,Offer annual contract incentive
2979-SXESE,17,Month-to-month,Fiber optic,Electronic check,94.4,1607.2,No,Yes,73.9,1,High,69.76,P2 - High,Offer annual contract incentive
4013-TLDHQ,19,Month-to-month,Fiber optic,Electronic check,78.25,1490.95,No,No,75.49,1,Critical,59.07,P2 - High,Offer annual contract incentive
3754-DXMRT,2,Month-to-month,DSL,Electronic check,44.15,92.65,No,No,80.48,1,Critical,35.53,P3 - Medium,Offer annual contract incentive
7130-VTEWQ,8,Month-to-month,Fiber optic,Electronic check,75.75,606.25,No,No,85.58,1,Critical,64.83,P2 - High,Offer annual contract incentive
6121-VZNQB,1,Month-to-month,No,Mailed check,19.1,19.1,No internet service,No internet service,54.6,1,High,10.43,P3 - Medium,Offer annual contract incentive
7903-CMPEY,1,Month-to-month,Fiber optic,Electronic check,80.3,80.3,No,Yes,76.93,1,Critical,61.77,P2 - High,Offer annual contract incentive
6996-KNSML,1,Month-to-month,Fiber optic,Electronic check,74.9,74.9,No,No,89.06,1,Critical,66.71,P2 - High,Offer annual contract incentive
1704-NRWYE,9,Month-to-month,Fiber optic,Electronic check,80.85,751.65,No,No,85.89,1,Critical,69.44,P2 - High,Offer annual contract incentive
2592-SEIFQ,3,Month-to-month,DSL,Electronic check,24.75,66.95,No,No,80.48,1,Critical,19.92,P3 - Medium,Offer annual contract incentive
7481-ATQQS,49,Month-to-month,Fiber optic,Credit card (automatic),90.85,4515.85,No,No,70.95,1,High,64.46,P2 - High,Offer annual contract incentive
8642-GVWRF,2,Month-to-month,Fiber optic,Bank transfer (automatic),79.7,165.0,No,No,79.7,1,Critical,63.52,P2 - High,Offer annual contract incentive
3400-ESFUW,55,Two year,DSL,Bank transfer (automatic),57.55,3046.4,Yes,Yes,4.65,0,Low,2.68,P4 - Monitor,Standard retention campaign
2057-ZBLPD,21,Month-to-month,Fiber optic,Electronic check,86.5,1808.7,No,No,79.58,1,Critical,68.84,P2 - High,Offer annual contract incentive
5502-RLUYV,69,Month-to-month,Fiber optic,Electronic check,103.95,7446.9,No,No,72.41,1,High,75.27,P2 - High,Offer annual contract incentive
0023-HGHWL,1,Month-to-month,DSL,Electronic check,25.1,25.1,No,No,85.86,1,Critical,21.55,P3 - Medium,Offer annual contract incentive
9039-RBEEE,39,Month-to-month,DSL,Credit card (automatic),48.95,1880.85,Yes,Yes,30.13,0,Medium,14.75,P4 - Monitor,Offer annual contract incentive
8417-FMLZI,6,Month-to-month,Fiber optic,Credit card (automatic),83.55,477.55,No,No,82.53,1,Critical,68.95,P2 - High,Offer annual contract incentive
1792-UXAFY,17,Month-to-month,Fiber optic,Electronic check,89.15,1496.9,No,No,79.8,1,Critical,71.14,P2 - High,Offer annual contract incentive
0515-YPMCW,1,Month-to-month,Fiber optic,Mailed check,70.45,70.45,No,No,86.53,1,Critical,60.96,P2 - High,Offer annual contract incentive
0378-XSZPU,58,One year,DSL,Credit card (automatic),60.3,3563.8,No,Yes,20.23,0,Low,12.2,P4 - Monitor,Offer Tech Support trial/bundle
4729-XKASR,1,Month-to-month,DSL,Electronic check,24.75,24.75,No,No,68.28,1,High,16.9,P3 - Medium,Offer annual contract incentive
5449-FIBXJ,19,Month-to-month,Fiber optic,Electronic check,103.3,2012.7,Yes,No,73.02,1,High,75.43,P2 - High,Offer annual contract incentive
9837-BMCLM,3,Month-to-month,Fiber optic,Electronic check,78.5,242.05,No,No,87.69,1,Critical,68.84,P2 - High,Offer annual contract incentive
0137-UDEUO,3,Month-to-month,No,Mailed check,19.85,63.75,No internet service,No internet service,36.56,0,Medium,7.26,P4 - Monitor,Offer annual contract incentive
6161-UUUTA,3,Month-to-month,Fiber optic,Electronic check,79.9,260.9,No,No,87.97,1,Critical,70.29,P2 - High,Offer annual contract incentive
6543-XRMYR,30,Month-to-month,Fiber optic,Electronic check,99.7,2967.35,No,No,79.76,1,Critical,79.52,P1 - Immediate,Offer annual contract incentive
4925-LMHOK,15,Month-to-month,DSL,Credit card (automatic),58.6,939.7,Yes,No,51.59,1,High,30.23,P3 - Medium,Offer annual contract incentive
1455-UGQVH,10,Month-to-month,Fiber optic,Electronic check,98.5,1037.75,No,No,89.92,1,Critical,88.57,P1 - Immediate,Offer annual contract incentive
8280-MQRQN,1,Month-to-month,DSL,Mailed check,50.45,50.45,No,No,75.4,1,Critical,38.04,P3 - Medium,Offer annual contract incentive
2037-SGXHH,38,Month-to-month,Fiber optic,Electronic check,94.65,3624.3,No,No,75.38,1,Critical,71.35,P2 - High,Offer annual contract incentive
3178-FESZO,1,Month-to-month,Fiber optic,Credit card (automatic),100.25,100.25,No,No,89.56,1,Critical,89.78,P1 - Immediate,Offer annual contract incentive
6087-MVHJH,16,Month-to-month,Fiber optic,Electronic check,88.45,1422.1,No,No,82.86,1,Critical,73.29,P2 - High,Offer annual contract incentive
4603-JANFB,1,Month-to-month,Fiber optic,Electronic check,69.85,69.85,No,No,89.07,1,Critical,62.22,P2 - High,Offer annual contract incentive
3018-TFTSU,12,Month-to-month,Fiber optic,Bank transfer (automatic),81.7,858.6,No,Yes,59.04,1,High,48.24,P3 - Medium,Offer annual contract incentive
4806-KEXQR,4,Month-to-month,Fiber optic,Electronic check,79.9,324.3,No,No,86.24,1,Critical,68.91,P2 - High,Offer annual contract incentive
7083-YNSKY,15,Month-to-month,No,Credit card (automatic),25.4,399.6,No internet service,No internet service,34.48,0,Medium,8.76,P4 - Monitor,Offer annual contract incentive
2479-BRAMR,41,Month-to-month,Fiber optic,Bank transfer (automatic),83.75,3273.55,No,Yes,62.31,1,High,52.18,P2 - High,Offer annual contract incentive
7434-SHXLS,1,Month-to-month,No,Mailed check,20.9,20.9,No internet service,No internet service,54.53,1,High,11.4,P3 - Medium,Offer annual contract incentive
7908-QCBCA,1,Month-to-month,Fiber optic,Mailed check,69.4,69.4,No,No,87.51,1,Critical,60.73,P2 - High,Offer annual contract incentive
6711-FLDFB,7,Month-to-month,Fiber optic,Electronic check,74.9,541.15,No,No,85.32,1,Critical,63.9,P2 - High,Offer annual contract incentive
3714-JTVOV,42,Month-to-month,Fiber optic,Credit card (automatic),74.15,3229.4,No,Yes,61.96,1,High,45.94,P3 - Medium,Offer annual contract incentive
4702-IOQDC,1,Month-to-month,Fiber optic,Electronic check,70.1,70.1,No,No,88.86,1,Critical,62.29,P2 - High,Offer annual contract incentive
6178-KFNHS,12,Month-to-month,Fiber optic,Electronic check,78.3,909.25,No,Yes,67.01,1,High,52.47,P2 - High,Offer annual contract incentive
1264-BYWMS,55,Month-to-month,Fiber optic,Electronic check,96.8,5283.95,No,No,77.39,1,Critical,74.91,P2 - High,Offer annual contract incentive
9658-WYUFB,17,Month-to-month,Fiber optic,Electronic check,94.4,1617.5,No,Yes,76.57,1,Critical,72.28,P2 - High,Offer annual contract incentive
2013-SGDXK,1,Month-to-month,Fiber optic,Electronic check,84.3,84.3,No,No,85.14,1,Critical,71.77,P2 - High,Offer annual contract incentive
8580-QVLOC,72,Two year,DSL,Credit card (automatic),92.45,6440.25,Yes,Yes,19.95,0,Low,18.44,P4 - Monitor,Standard retention campaign
2012-NWRPA,11,Month-to-month,Fiber optic,Electronic check,99.55,1131.2,No,No,90.2,1,Critical,89.79,P1 - Immediate,Offer annual contract incentive
8808-ELEHO,8,Month-to-month,Fiber optic,Electronic check,81.25,585.95,No,No,85.82,1,Critical,69.73,P2 - High,Offer annual contract incentive
3506-LCJDC,1,Month-to-month,No,Bank transfer (automatic),19.95,19.95,No internet service,No internet service,53.56,1,High,10.69,P3 - Medium,Offer annual contract incentive
3934-HXCFZ,23,Month-to-month,Fiber optic,Electronic check,99.25,2186.4,No,Yes,72.75,1,High,72.2,P2 - High,Offer annual contract incentive
7666-WKRON,39,Two year,Fiber optic,Electronic check,80.45,3201.55,Yes,No,28.87,0,Medium,23.23,P4 - Monitor,Offer Online Security bundle
4910-AQFFX,9,Month-to-month,Fiber optic,Bank transfer (automatic),79.35,661.25,No,No,83.72,1,Critical,66.43,P2 - High,Offer annual contract incentive
2154-KVJFF,15,Month-to-month,Fiber optic,Electronic check,79.75,1111.85,No,No,83.69,1,Critical,66.74,P2 - High,Offer annual contract incentive
9647-ERGBE,30,Month-to-month,Fiber optic,Electronic check,100.05,3046.15,No,No,80.3,1,Critical,80.34,P1 - Immediate,Offer annual contract incentive
3428-XZMAZ,1,Month-to-month,Fiber optic,Electronic check,69.35,69.35,No,No,89.3,1,Critical,61.93,P2 - High,Offer annual contract incentive
0378-TOVMS,3,Month-to-month,Fiber optic,Electronic check,85.8,272.2,Yes,No,80.63,1,Critical,69.18,P2 - High,Offer annual contract incentive
4355-HBJHH,67,Two year,DSL,Electronic check,79.7,5293.4,No,Yes,28.46,0,Medium,22.68,P4 - Monitor,Offer Tech Support trial/bundle
9058-CBREO,1,Month-to-month,DSL,Mailed check,50.55,50.55,No,No,80.82,1,Critical,40.85,P3 - Medium,Offer annual contract incentive
0318-QUUOB,1,Month-to-month,Fiber optic,Electronic check,80.55,80.55,No,No,91.25,1,Critical,73.5,P2 - High,Offer annual contract incentive
5520-FVEWJ,12,Month-to-month,Fiber optic,Electronic check,84.5,916.9,No,No,84.9,1,Critical,71.74,P2 - High,Offer annual contract incentive
5572-ZDXHY,22,Month-to-month,Fiber optic,Mailed check,84.3,1855.65,No,No,69.67,1,High,58.73,P2 - High,Offer annual contract incentive
3750-CKVKH,2,Month-to-month,Fiber optic,Electronic check,67.75,116.65,No,No,84.14,1,Critical,57.0,P2 - High,Offer annual contract incentive
8063-GBATB,27,Month-to-month,Fiber optic,Electronic check,85.25,2287.25,No,No,78.17,1,Critical,66.64,P2 - High,Offer annual contract incentive
4547-KQRTM,10,Month-to-month,Fiber optic,Bank transfer (automatic),80.05,830.7,No,No,83.16,1,Critical,66.57,P2 - High,Offer annual contract incentive
4877-EVATK,1,Month-to-month,No,Mailed check,20.0,20.0,No internet service,No internet service,54.47,1,High,10.89,P3 - Medium,Offer annual contract incentive
7639-SUPCW,22,Month-to-month,DSL,Credit card (automatic),48.8,1054.6,No,Yes,52.88,1,High,25.81,P3 - Medium,Offer annual contract incentive
1069-XAIEM,1,Month-to-month,Fiber optic,Electronic check,85.05,85.05,No,No,92.2,1,Critical,78.42,P1 - Immediate,Offer annual contract incentive
4658-HCOHW,21,Month-to-month,Fiber optic,Electronic check,102.8,2110.15,Yes,No,72.15,1,High,74.17,P2 - High,Offer annual contract incentive
3440-JPSCL,6,Month-to-month,Fiber optic,Mailed check,99.95,547.65,Yes,No,82.8,1,Critical,82.76,P1 - Immediate,Offer annual contract incentive
2889-FPWRM,72,One year,Fiber optic,Bank transfer (automatic),117.8,8684.8,Yes,Yes,44.52,0,Medium,52.44,P4 - Monitor,Review Fiber pricing/service quality
6987-XQSJT,54,Month-to-month,Fiber optic,Electronic check,79.5,4370.25,No,No,73.93,1,High,58.77,P2 - High,Offer annual contract incentive
4290-BSXUX,3,Month-to-month,Fiber optic,Bank transfer (automatic),79.65,251.75,Yes,No,82.33,1,Critical,65.58,P2 - High,Offer annual contract incentive
0325-XBFAC,8,Month-to-month,Fiber optic,Electronic check,94.7,740.3,No,No,87.87,1,Critical,83.21,P1 - Immediate,Offer annual contract incentive
2462-XIIJB,5,Month-to-month,Fiber optic,Electronic check,92.5,452.7,No,No,88.95,1,Critical,82.28,P1 - Immediate,Offer annual contract incentive
4760-XOHVN,1,Month-to-month,No,Mailed check,19.45,19.45,No internet service,No internet service,54.95,1,High,10.69,P3 - Medium,Offer annual contract incentive
7817-BOQPW,2,Month-to-month,Fiber optic,Electronic check,75.55,166.3,No,No,88.05,1,Critical,66.52,P2 - High,Offer annual contract incentive
1853-UDXBW,1,Month-to-month,Fiber optic,Electronic check,70.0,70.0,No,No,89.25,1,Critical,62.47,P2 - High,Offer annual contract incentive
5458-CQJTA,65,Two year,DSL,Bank transfer (automatic),74.8,4820.15,Yes,Yes,6.74,0,Low,5.04,P4 - Monitor,Standard retention campaign
5219-YIPTK,33,Month-to-month,Fiber optic,Electronic check,104.4,3409.6,No,No,77.61,1,Critical,81.02,P1 - Immediate,Offer annual contract incentive
3540-RZJYU,15,Month-to-month,Fiber optic,Electronic check,86.2,1270.2,No,Yes,70.88,1,High,61.1,P2 - High,Offer annual contract incentive
2091-MJTFX,30,Month-to-month,DSL,Credit card (automatic),51.2,1561.5,Yes,No,21.4,0,Low,10.96,P4 - Monitor,Offer annual contract incentive
0883-EIBTI,2,Month-to-month,No,Mailed check,19.5,31.55,No internet service,No internet service,44.71,0,Medium,8.72,P4 - Monitor,Offer annual contract incentive
0722-TROQR,4,Month-to-month,Fiber optic,Electronic check,74.9,321.75,No,No,87.36,1,Critical,65.43,P2 - High,Offer annual contract incentive
7571-YXDAD,2,Month-to-month,Fiber optic,Credit card (automatic),74.9,147.15,No,No,84.57,1,Critical,63.34,P2 - High,Offer annual contract incentive
3393-FMZPV,25,Month-to-month,Fiber optic,Electronic check,100.25,2387.75,No,No,81.12,1,Critical,81.32,P1 - Immediate,Offer annual contract incentive
6402-ZFPPI,25,Month-to-month,Fiber optic,Mailed check,102.8,2660.2,No,Yes,71.22,1,High,73.21,P2 - High,Offer annual contract incentive
7486-KSRVI,43,One year,Fiber optic,Electronic check,100.0,4211.55,Yes,No,58.65,1,High,58.65,P2 - High,Offer Online Security bundle
8443-WVPSS,10,Month-to-month,Fiber optic,Electronic check,99.85,990.9,Yes,No,82.36,1,Critical,82.24,P1 - Immediate,Offer annual contract incentive
3006-XIMLN,2,Month-to-month,Fiber optic,Bank transfer (automatic),94.2,193.8,No,No,91.01,1,Critical,85.73,P1 - Immediate,Offer annual contract incentive
9965-YOKZB,9,Month-to-month,Fiber optic,Electronic check,83.85,790.15,No,No,87.95,1,Critical,73.75,P2 - High,Offer annual contract incentive
0504-HHAPI,27,Month-to-month,Fiber optic,Credit card (automatic),88.3,2467.75,No,No,68.37,1,High,60.37,P2 - High,Offer annual contract incentive
6305-YLBMM,69,One year,Fiber optic,Bank transfer (automatic),104.05,7262.0,Yes,No,52.4,1,High,54.52,P2 - High,Offer Online Security bundle
3647-GMGDH,22,Month-to-month,Fiber optic,Credit card (automatic),94.7,1914.9,No,No,71.12,1,High,67.35,P2 - High,Offer annual contract incentive
3791-LGQCY,56,Month-to-month,Fiber optic,Bank transfer (automatic),100.65,5688.05,No,No,70.32,1,High,70.78,P2 - High,Offer annual contract incentive
8166-ZZTFS,66,Two year,DSL,Bank transfer (automatic),80.55,5265.1,No,No,16.26,0,Low,13.1,P4 - Monitor,Offer Tech Support trial/bundle
2956-GGUCQ,24,Month-to-month,Fiber optic,Electronic check,78.85,1772.25,No,Yes,66.92,1,High,52.77,P2 - High,Offer annual contract incentive
6595-COKXZ,1,Month-to-month,DSL,Mailed check,44.45,44.45,No,No,75.31,1,Critical,33.48,P3 - Medium,Offer annual contract incentive
0362-ZBZWJ,36,Month-to-month,Fiber optic,Electronic check,84.9,3067.2,No,No,77.9,1,Critical,66.14,P2 - High,Offer annual contract incentive
4211-MMAZN,1,Month-to-month,No,Mailed check,20.25,20.25,No internet service,No internet service,51.3,1,High,10.39,P3 - Medium,Offer annual contract incentive
4274-OWWYO,1,Month-to-month,Fiber optic,Electronic check,74.35,74.35,No,No,87.42,1,Critical,65.0,P2 - High,Offer annual contract incentive
1541-ETJZO,1,Month-to-month,DSL,Mailed check,62.05,62.05,Yes,No,57.46,1,High,35.65,P3 - Medium,Offer annual contract incentive
4106-HADHQ,39,One year,DSL,Credit card (automatic),80.0,3182.95,Yes,Yes,32.06,0,Medium,25.65,P4 - Monitor,Standard retention campaign
2369-UAPKZ,5,Month-to-month,Fiber optic,Mailed check,104.1,541.9,No,No,82.35,1,Critical,85.73,P1 - Immediate,Offer annual contract incentive
2778-OCLGR,24,Month-to-month,DSL,Bank transfer (automatic),39.1,971.3,No,Yes,52.46,1,High,20.51,P3 - Medium,Offer annual contract incentive
0637-KVDLV,2,Month-to-month,Fiber optic,Electronic check,76.5,162.45,No,No,88.2,1,Critical,67.47,P2 - High,Offer annual contract incentive
6633-MPWBS,5,Month-to-month,DSL,Electronic check,49.2,216.9,Yes,No,66.91,1,High,32.92,P3 - Medium,Offer annual contract incentive
8785-EPNCG,11,Month-to-month,No,Credit card (automatic),23.15,245.2,No internet service,No internet service,34.01,0,Medium,7.87,P4 - Monitor,Offer annual contract incentive
5729-KLZAR,4,Month-to-month,Fiber optic,Electronic check,80.85,302.75,No,No,85.83,1,Critical,69.39,P2 - High,Offer annual contract incentive
1582-RAFML,1,Month-to-month,DSL,Mailed check,60.1,60.1,Yes,No,62.29,1,High,37.44,P3 - Medium,Offer annual contract incentive
8740-CRYFY,1,Month-to-month,Fiber optic,Electronic check,78.95,78.95,No,No,91.29,1,Critical,72.07,P2 - High,Offer annual contract incentive
2962-XPMCQ,2,Month-to-month,DSL,Electronic check,45.15,98.5,No,No,78.88,1,Critical,35.61,P3 - Medium,Offer annual contract incentive
1678-FYZOW,3,Month-to-month,Fiber optic,Electronic check,79.4,244.65,No,No,87.93,1,Critical,69.82,P2 - High,Offer annual contract incentive
8627-EHGIP,44,One year,DSL,Mailed check,53.95,2375.4,No,No,44.99,0,Medium,24.27,P4 - Monitor,Offer Tech Support trial/bundle
5480-TBGPH,24,Month-to-month,Fiber optic,Credit card (automatic),99.3,2431.35,No,No,72.1,1,High,71.6,P2 - High,Offer annual contract incentive
8854-CCVSQ,18,Month-to-month,Fiber optic,Electronic check,80.65,1451.9,No,No,79.07,1,Critical,63.77,P2 - High,Offer annual contract incentive
0511-JTEOY,1,Month-to-month,Fiber optic,Mailed check,71.1,71.1,No,No,86.4,1,Critical,61.43,P2 - High,Offer annual contract incentive
7067-KSAZT,65,One year,Fiber optic,Electronic check,106.25,6979.8,No,No,53.16,1,High,56.48,P2 - High,Offer Tech Support trial/bundle
6532-YLWSI,53,One year,No,Bank transfer (automatic),20.8,1021.8,No internet service,No internet service,16.05,0,Low,3.34,P4 - Monitor,Standard retention campaign
9300-AGZNL,1,Month-to-month,Fiber optic,Electronic check,94.0,94.0,No,No,93.2,1,Critical,87.61,P1 - Immediate,Offer annual contract incentive
1112-CUNAO,15,Month-to-month,Fiber optic,Electronic check,89.85,1424.95,No,No,75.66,1,Critical,67.98,P2 - High,Offer annual contract incentive
5175-AOBHI,4,Month-to-month,DSL,Mailed check,46.0,193.6,No,No,73.4,1,High,33.76,P3 - Medium,Offer annual contract incentive
5174-RNGBH,9,Month-to-month,DSL,Mailed check,66.25,620.55,Yes,No,47.46,0,Medium,31.44,P4 - Monitor,Offer annual contract incentive
7270-BDIOA,22,Month-to-month,Fiber optic,Electronic check,90.0,1993.8,Yes,No,75.37,1,Critical,67.83,P2 - High,Offer annual contract incentive
9565-JSNFM,38,One year,Fiber optic,Bank transfer (automatic),70.45,2597.6,No,No,28.73,0,Medium,20.24,P4 - Monitor,Offer Tech Support trial/bundle
0607-DAAHE,53,Two year,No,Bank transfer (automatic),19.75,1052.35,No internet service,No internet service,13.57,0,Low,2.68,P4 - Monitor,Standard retention campaign
9732-KPKBW,1,Month-to-month,DSL,Electronic check,53.95,53.95,Yes,Yes,63.52,1,High,34.27,P3 - Medium,Offer annual contract incentive
3389-YGYAI,8,Month-to-month,Fiber optic,Electronic check,105.5,829.55,No,No,89.45,1,Critical,94.37,P1 - Immediate,Offer annual contract incentive
9560-ARGQJ,16,Month-to-month,Fiber optic,Electronic check,81.0,1312.15,No,No,79.63,1,Critical,64.5,P2 - High,Offer annual contract incentive
5134-IKDAY,1,Month-to-month,Fiber optic,Electronic check,69.8,69.8,No,No,89.2,1,Critical,62.26,P2 - High,Offer annual contract incentive
3070-DVEYC,7,Month-to-month,Fiber optic,Mailed check,73.75,545.15,No,No,80.15,1,Critical,59.11,P2 - High,Offer annual contract incentive
5707-ORNDZ,9,Month-to-month,DSL,Electronic check,54.55,494.05,No,Yes,63.08,1,High,34.41,P3 - Medium,Offer annual contract incentive
8696-JKZNU,37,Month-to-month,Fiber optic,Electronic check,76.25,2841.55,No,No,74.99,1,High,57.18,P2 - High,Offer annual contract incentive
5380-AFSSK,5,Month-to-month,Fiber optic,Mailed check,93.9,486.85,No,No,89.77,1,Critical,84.29,P1 - Immediate,Offer annual contract incentive
2055-PDADH,3,Month-to-month,Fiber optic,Electronic check,70.4,204.7,No,No,83.6,1,Critical,58.85,P2 - High,Offer annual contract incentive
8714-EUHJO,31,Month-to-month,Fiber optic,Electronic check,91.15,2995.45,No,No,76.1,1,Critical,69.37,P2 - High,Offer annual contract incentive
3721-CNEYS,2,Month-to-month,Fiber optic,Electronic check,70.95,137.95,No,No,85.01,1,Critical,60.31,P2 - High,Offer annual contract incentive
2568-OIADY,37,Month-to-month,Fiber optic,Electronic check,99.5,3762.0,No,No,79.06,1,Critical,78.66,P1 - Immediate,Offer annual contract incentive
1193-RTSLK,38,Month-to-month,Fiber optic,Credit card (automatic),83.9,3233.6,No,Yes,58.95,1,High,49.46,P3 - Medium,Offer annual contract incentive
2302-ANTDP,48,Month-to-month,Fiber optic,Electronic check,117.45,5438.9,Yes,Yes,60.31,1,High,70.83,P2 - High,Offer annual contract incentive
5923-GXUOC,10,Month-to-month,Fiber optic,Electronic check,104.4,1081.45,No,Yes,76.98,1,Critical,80.37,P1 - Immediate,Offer annual contract incentive
5233-GEEAX,8,Month-to-month,DSL,Electronic check,29.4,221.9,No,No,80.1,1,Critical,23.55,P3 - Medium,Offer annual contract incentive
4432-ADRLB,2,Month-to-month,DSL,Mailed check,44.65,74.9,No,No,76.58,1,Critical,34.19,P3 - Medium,Offer annual contract incentive
8993-PHFWD,3,Month-to-month,DSL,Electronic check,25.25,58.9,No,No,77.63,1,Critical,19.6,P3 - Medium,Offer annual contract incentive
1565-RHDJD,4,Month-to-month,Fiber optic,Bank transfer (automatic),84.05,333.55,No,No,81.14,1,Critical,68.2,P2 - High,Offer annual contract incentive
7137-RYLPP,37,Month-to-month,Fiber optic,Electronic check,85.7,3171.15,No,No,78.18,1,Critical,67.0,P2 - High,Offer annual contract incentive
3765-JXVKY,1,Month-to-month,Fiber optic,Electronic check,74.7,74.7,No,No,87.83,1,Critical,65.61,P2 - High,Offer annual contract incentive
7330-WZLNC,5,Month-to-month,Fiber optic,Electronic check,90.8,455.5,No,No,89.13,1,Critical,80.93,P1 - Immediate,Offer annual contract incentive
3957-LXOLK,28,Month-to-month,Fiber optic,Electronic check,106.15,3152.5,No,No,78.58,1,Critical,83.41,P1 - Immediate,Offer annual contract incentive
6635-MYYYZ,30,One year,DSL,Bank transfer (automatic),85.35,2530.4,Yes,Yes,31.88,0,Medium,27.21,P4 - Monitor,Standard retention campaign
5281-BUZGT,36,Month-to-month,Fiber optic,Electronic check,90.85,3186.7,No,Yes,69.61,1,High,63.24,P2 - High,Offer annual contract incentive
5378-IKEEG,1,Month-to-month,DSL,Electronic check,35.75,35.75,No,No,82.59,1,Critical,29.53,P3 - Medium,Offer annual contract incentive
2718-GAXQD,4,Month-to-month,DSL,Electronic check,46.0,181.6,No,No,60.03,1,High,27.61,P3 - Medium,Offer annual contract incentive
6413-XKKPU,17,Month-to-month,Fiber optic,Electronic check,89.4,1539.45,No,Yes,74.86,1,High,66.92,P2 - High,Offer annual contract incentive
1449-XQEMT,3,Month-to-month,No,Mailed check,19.8,58.15,No internet service,No internet service,33.92,0,Medium,6.72,P4 - Monitor,Offer annual contract incentive
2626-URJFX,4,Month-to-month,DSL,Electronic check,50.9,225.6,No,No,63.34,1,High,32.24,P3 - Medium,Offer annual contract incentive
2612-RRIDN,4,Month-to-month,Fiber optic,Electronic check,81.0,340.85,No,No,87.71,1,Critical,71.05,P2 - High,Offer annual contract incentive
4735-ASGMA,26,Month-to-month,Fiber optic,Electronic check,98.35,2515.3,No,No,81.12,1,Critical,79.78,P1 - Immediate,Offer annual contract incentive
3669-LVWZB,5,Month-to-month,DSL,Mailed check,51.0,305.95,No,No,70.8,1,High,36.11,P3 - Medium,Offer annual contract incentive
6892-EZDTG,4,Month-to-month,Fiber optic,Electronic check,91.65,365.4,No,No,89.63,1,Critical,82.15,P1 - Immediate,Offer annual contract incentive
9725-SCPZG,1,Month-to-month,Fiber optic,Electronic check,90.85,90.85,No,No,91.48,1,Critical,83.11,P1 - Immediate,Offer annual contract incentive
5884-GCYMI,1,Month-to-month,Fiber optic,Mailed check,69.4,69.4,No,No,85.75,1,Critical,59.51,P2 - High,Offer annual contract incentive
3217-FZDMN,8,Month-to-month,Fiber optic,Credit card (automatic),94.45,742.95,No,No,86.62,1,Critical,81.81,P1 - Immediate,Offer annual contract incentive
7853-GVUDZ,1,Month-to-month,No,Credit card (automatic),20.15,20.15,No internet service,No internet service,58.7,1,High,11.83,P3 - Medium,Offer annual contract incentive
7480-QNVZJ,50,Month-to-month,Fiber optic,Electronic check,95.7,4816.7,No,No,79.74,1,Critical,76.31,P1 - Immediate,Offer annual contract incentive
3943-KDREE,26,Month-to-month,Fiber optic,Bank transfer (automatic),74.95,1834.95,No,No,69.57,1,High,52.14,P2 - High,Offer annual contract incentive
9239-ZBZZV,6,Month-to-month,DSL,Electronic check,47.95,305.1,No,No,78.32,1,Critical,37.55,P3 - Medium,Offer annual contract incentive
4398-HSCJH,3,Month-to-month,DSL,Electronic check,63.6,155.65,Yes,No,68.28,1,High,43.43,P3 - Medium,Offer annual contract incentive
4430-UZIPO,3,Month-to-month,DSL,Mailed check,36.85,108.7,Yes,No,69.85,1,High,25.74,P3 - Medium,Offer annual contract incentive
4855-SNKMY,1,Month-to-month,DSL,Electronic check,44.1,44.1,No,No,77.23,1,Critical,34.06,P3 - Medium,Offer annual contract incentive
8008-HAWED,14,Month-to-month,DSL,Electronic check,50.75,712.75,No,No,71.74,1,High,36.41,P3 - Medium,Offer annual contract incentive
7124-UGSUR,61,One year,Fiber optic,Credit card (automatic),104.4,6405.0,No,No,48.45,0,Medium,50.58,P4 - Monitor,Offer Tech Support trial/bundle
1862-SKORY,40,Month-to-month,DSL,Electronic check,39.3,1637.4,No,No,63.58,1,High,24.99,P3 - Medium,Offer annual contract incentive
1502-XFCVR,58,One year,Fiber optic,Electronic check,106.45,6145.85,No,Yes,51.31,1,High,54.62,P2 - High,Offer Tech Support trial/bundle
9692-TUSXH,18,Month-to-month,Fiber optic,Electronic check,96.05,1740.7,No,Yes,77.91,1,Critical,74.83,P2 - High,Offer annual contract incentive
7912-SYRQT,7,Month-to-month,Fiber optic,Bank transfer (automatic),75.1,552.95,No,No,83.42,1,Critical,62.65,P2 - High,Offer annual contract incentive
4816-JBHOV,2,Month-to-month,DSL,Electronic check,44.7,93.7,No,No,80.77,1,Critical,36.1,P3 - Medium,Offer annual contract incentive
8292-TYSPY,19,Month-to-month,DSL,Credit card (automatic),55.0,1046.5,Yes,No,46.53,0,Medium,25.59,P4 - Monitor,Offer annual contract incentive
1867-BDVFH,11,Month-to-month,Fiber optic,Electronic check,74.35,834.2,No,No,83.66,1,Critical,62.2,P2 - High,Offer annual contract incentive
2359-QWQUL,39,One year,Fiber optic,Credit card (automatic),104.7,4134.85,Yes,Yes,52.21,1,High,54.66,P2 - High,Review Fiber pricing/service quality
9103-TCIHJ,15,Month-to-month,DSL,Mailed check,55.7,899.8,No,Yes,46.96,0,Medium,26.16,P4 - Monitor,Offer annual contract incentive
4140-WJAWW,5,Month-to-month,No,Credit card (automatic),19.85,108.05,No internet service,No internet service,34.67,0,Medium,6.88,P4 - Monitor,Offer annual contract incentive
6653-CBBOM,1,Month-to-month,Fiber optic,Electronic check,70.3,70.3,No,No,88.84,1,Critical,62.45,P2 - High,Offer annual contract incentive
3247-ZVOUO,10,Month-to-month,Fiber optic,Electronic check,85.55,851.75,No,No,84.09,1,Critical,71.94,P2 - High,Offer annual contract incentive
6101-IMRMM,6,Month-to-month,Fiber optic,Mailed check,94.5,575.45,No,No,84.8,1,Critical,80.14,P1 - Immediate,Offer annual contract incentive
1268-ASBGA,16,Month-to-month,Fiber optic,Credit card (automatic),85.35,1375.15,No,No,80.74,1,Critical,68.91,P2 - High,Offer annual contract incentive
8943-URTMR,2,Month-to-month,Fiber optic,Mailed check,79.65,152.7,No,No,87.02,1,Critical,69.31,P2 - High,Offer annual contract incentive
4713-LZDRV,2,Month-to-month,Fiber optic,Electronic check,79.6,195.05,No,No,87.78,1,Critical,69.87,P2 - High,Offer annual contract incentive
4325-NFSKC,19,Month-to-month,Fiber optic,Electronic check,90.6,1660.0,No,Yes,77.17,1,Critical,69.92,P2 - High,Offer annual contract incentive
2955-PSXOE,1,Month-to-month,No,Bank transfer (automatic),20.2,20.2,No internet service,No internet service,57.47,1,High,11.61,P3 - Medium,Offer annual contract incentive
7762-URZQH,66,Two year,Fiber optic,Credit card (automatic),106.05,6981.35,No,Yes,39.74,0,Medium,42.14,P4 - Monitor,Offer Tech Support trial/bundle
6907-NZZIJ,36,Month-to-month,Fiber optic,Electronic check,99.15,3615.6,No,No,78.25,1,Critical,77.58,P1 - Immediate,Offer annual contract incentive
2911-UREFD,39,Month-to-month,DSL,Electronic check,55.9,2184.35,No,Yes,52.01,1,High,29.07,P3 - Medium,Offer annual contract incentive
3744-ZRRDZ,21,Month-to-month,Fiber optic,Electronic check,82.35,1852.85,No,No,78.07,1,Critical,64.29,P2 - High,Offer annual contract incentive
5673-TIYIB,2,Month-to-month,DSL,Credit card (automatic),40.4,77.15,Yes,No,69.77,1,High,28.19,P3 - Medium,Offer annual contract incentive
1602-IJQQE,4,Month-to-month,Fiber optic,Electronic check,75.35,338.1,No,No,84.44,1,Critical,63.63,P2 - High,Offer annual contract incentive
4628-WQCQQ,35,One year,Fiber optic,Electronic check,85.15,3030.6,No,No,55.05,1,High,46.88,P3 - Medium,Offer Tech Support trial/bundle
1644-IRKSF,33,One year,Fiber optic,Electronic check,93.8,3124.5,No,No,60.28,1,High,56.54,P2 - High,Offer Tech Support trial/bundle
3705-PSNGL,45,One year,No,Electronic check,20.4,930.45,No internet service,No internet service,5.32,0,Low,1.09,P4 - Monitor,Promote automatic payment
6502-HCJTI,7,Month-to-month,Fiber optic,Credit card (automatic),94.7,673.1,No,Yes,74.69,1,High,70.73,P2 - High,Offer annual contract incentive
2606-RMDHZ,6,Month-to-month,DSL,Credit card (automatic),30.5,208.7,No,No,66.27,1,High,20.21,P3 - Medium,Offer annual contract incentive
8258-GSTJK,3,Month-to-month,Fiber optic,Electronic check,77.0,237.75,No,No,88.05,1,Critical,67.8,P2 - High,Offer annual contract incentive
6861-OKBCE,11,Month-to-month,No,Credit card (automatic),20.1,221.35,No internet service,No internet service,24.94,0,Low,5.01,P4 - Monitor,Offer annual contract incentive
9940-RHLFB,1,Month-to-month,Fiber optic,Electronic check,75.3,75.3,No,No,86.68,1,Critical,65.27,P2 - High,Offer annual contract incentive
2995-UPRYS,40,One year,Fiber optic,Credit card (automatic),99.2,4062.2,Yes,No,42.66,0,Medium,42.32,P4 - Monitor,Offer Online Security bundle
6686-YPGHK,47,Month-to-month,Fiber optic,Mailed check,85.5,4042.3,No,Yes,58.75,1,High,50.23,P2 - High,Offer annual contract incentive
1383-EZRWL,7,Month-to-month,No,Mailed check,20.05,164.85,No internet service,No internet service,33.03,0,Medium,6.62,P4 - Monitor,Offer annual contract incentive
4759-TRPLW,1,Month-to-month,Fiber optic,Electronic check,70.4,70.4,No,No,87.11,1,Critical,61.33,P2 - High,Offer annual contract incentive
8563-IIOXK,7,One year,DSL,Electronic check,49.75,331.3,No,Yes,48.27,0,Medium,24.01,P4 - Monitor,Offer Tech Support trial/bundle
8020-BWHYL,15,Month-to-month,Fiber optic,Credit card (automatic),75.3,1147.45,No,No,76.81,1,Critical,57.84,P2 - High,Offer annual contract incentive
2982-VPSGI,11,Month-to-month,Fiber optic,Electronic check,94.0,1078.9,No,No,89.18,1,Critical,83.83,P1 - Immediate,Offer annual contract incentive
8199-ZLLSA,67,One year,Fiber optic,Bank transfer (automatic),118.35,7804.15,Yes,Yes,47.7,0,Medium,56.45,P4 - Monitor,Review Fiber pricing/service quality
4625-EWPTF,8,Month-to-month,DSL,Electronic check,30.45,226.45,No,Yes,69.55,1,High,21.18,P3 - Medium,Offer annual contract incentive
5980-NOPLP,44,Month-to-month,Fiber optic,Electronic check,96.1,4364.1,No,No,78.29,1,Critical,75.24,P1 - Immediate,Offer annual contract incentive
6892-XPFPU,24,Month-to-month,Fiber optic,Electronic check,104.25,2433.9,No,No,80.83,1,Critical,84.27,P1 - Immediate,Offer annual contract incentive
8010-EZLOU,15,Month-to-month,Fiber optic,Electronic check,80.2,1217.25,No,No,82.93,1,Critical,66.51,P2 - High,Offer annual contract incentive
9874-QLCLH,17,Month-to-month,Fiber optic,Electronic check,104.2,1743.5,No,Yes,79.62,1,Critical,82.96,P1 - Immediate,Offer annual contract incentive
8062-YBDOE,1,Month-to-month,Fiber optic,Electronic check,69.65,69.65,No,No,89.12,1,Critical,62.07,P2 - High,Offer annual contract incentive
6000-APYLU,9,Month-to-month,Fiber optic,Electronic check,80.8,713.1,No,No,84.23,1,Critical,68.06,P2 - High,Offer annual contract incentive
0947-IDHRQ,7,Month-to-month,Fiber optic,Mailed check,80.3,526.7,No,No,84.72,1,Critical,68.03,P2 - High,Offer annual contract incentive
3672-YITQD,36,Month-to-month,Fiber optic,Electronic check,84.1,3021.6,No,No,77.57,1,Critical,65.24,P2 - High,Offer annual contract incentive
9048-JVYVF,3,Month-to-month,DSL,Electronic check,69.35,191.35,Yes,No,61.66,1,High,42.76,P3 - Medium,Offer annual contract incentive
8988-ECPJR,34,Month-to-month,Fiber optic,Mailed check,79.6,2718.3,No,No,67.24,1,High,53.52,P2 - High,Offer annual contract incentive
3776-EKTKM,1,Month-to-month,DSL,Electronic check,36.45,36.45,No,No,86.21,1,Critical,31.42,P3 - Medium,Offer annual contract incentive
1902-XBTFB,22,Month-to-month,Fiber optic,Electronic check,89.4,2001.5,No,No,76.26,1,Critical,68.18,P2 - High,Offer annual contract incentive
0643-OKLRP,47,Month-to-month,Fiber optic,Electronic check,80.35,3825.85,No,Yes,64.44,1,High,51.78,P2 - High,Offer annual contract incentive
9381-NDKME,24,Month-to-month,DSL,Credit card (automatic),40.65,933.3,No,No,62.39,1,High,25.36,P3 - Medium,Offer annual contract incentive
2794-XIMMO,53,One year,DSL,Electronic check,60.45,3184.25,Yes,No,38.66,0,Medium,23.37,P4 - Monitor,Offer Online Security bundle
8382-SHQEH,8,Month-to-month,Fiber optic,Electronic check,84.9,764.95,No,No,88.9,1,Critical,75.48,P1 - Immediate,Offer annual contract incentive
2983-ZANRP,2,Month-to-month,Fiber optic,Bank transfer (automatic),73.55,145.4,No,No,83.64,1,Critical,61.52,P2 - High,Offer annual contract incentive
7845-URHJN,8,Month-to-month,No,Bank transfer (automatic),20.15,156.25,No internet service,No internet service,41.06,0,Medium,8.27,P4 - Monitor,Offer annual contract incentive
3034-ZBEQN,48,One year,DSL,Mailed check,34.7,1604.5,No,No,37.57,0,Medium,13.04,P4 - Monitor,Offer Tech Support trial/bundle
8327-LZKAS,43,One year,Fiber optic,Electronic check,107.55,4533.9,Yes,No,64.74,1,High,69.63,P2 - High,Offer Online Security bundle
1075-BGWOH,16,Month-to-month,Fiber optic,Electronic check,98.75,1587.55,No,No,84.89,1,Critical,83.83,P1 - Immediate,Offer annual contract incentive
0302-JOIVN,8,Month-to-month,Fiber optic,Electronic check,101.15,842.9,No,No,83.62,1,Critical,84.58,P1 - Immediate,Offer annual contract incentive
5366-IJEQJ,20,Month-to-month,Fiber optic,Electronic check,88.7,1761.45,No,No,80.3,1,Critical,71.23,P2 - High,Offer annual contract incentive
1981-INRFU,2,Month-to-month,Fiber optic,Electronic check,79.75,164.5,No,No,88.92,1,Critical,70.91,P2 - High,Offer annual contract incentive
4971-PUYQO,27,Month-to-month,Fiber optic,Mailed check,94.55,2724.6,No,No,75.12,1,Critical,71.03,P2 - High,Offer annual contract incentive
8485-GJCDN,5,Month-to-month,Fiber optic,Mailed check,69.05,318.5,No,No,80.09,1,Critical,55.3,P2 - High,Offer annual contract incentive
1527-SXDPN,52,Two year,Fiber optic,Bank transfer (automatic),96.25,4990.25,Yes,No,38.34,0,Medium,36.9,P4 - Monitor,Offer Online Security bundle
6029-WTIPC,37,Month-to-month,Fiber optic,Electronic check,101.1,3744.05,No,No,79.78,1,Critical,80.66,P1 - Immediate,Offer annual contract incentive
8634-CILSZ,69,One year,Fiber optic,Bank transfer (automatic),104.7,7220.35,Yes,No,51.65,1,High,54.08,P2 - High,Offer Online Security bundle
6682-QJDGB,40,Month-to-month,DSL,Mailed check,55.25,2139.2,No,Yes,20.87,0,Low,11.53,P4 - Monitor,Offer annual contract incentive
8780-IXSTS,6,Month-to-month,Fiber optic,Electronic check,90.1,521.3,No,No,88.96,1,Critical,80.15,P1 - Immediate,Offer annual contract incentive
9530-EHPOH,11,Month-to-month,DSL,Electronic check,53.75,608.0,No,No,60.57,1,High,32.56,P3 - Medium,Offer annual contract incentive
0345-HKJVM,6,Month-to-month,Fiber optic,Electronic check,89.3,577.6,No,No,86.93,1,Critical,77.63,P1 - Immediate,Offer annual contract incentive
3049-SOLAY,3,Month-to-month,Fiber optic,Electronic check,95.2,292.85,No,No,91.73,1,Critical,87.33,P1 - Immediate,Offer annual contract incentive
3317-HRTNN,5,Month-to-month,DSL,Electronic check,45.7,198.0,No,No,80.47,1,Critical,36.77,P3 - Medium,Offer annual contract incentive
3235-ETOOB,8,Month-to-month,Fiber optic,Electronic check,74.5,609.9,No,Yes,70.58,1,High,52.58,P2 - High,Offer annual contract incentive
8058-INTPH,1,Month-to-month,Fiber optic,Electronic check,79.65,79.65,No,No,91.34,1,Critical,72.75,P2 - High,Offer annual contract incentive
5569-OUICF,28,Month-to-month,Fiber optic,Credit card (automatic),101.3,2812.2,Yes,No,70.02,1,High,70.93,P2 - High,Offer annual contract incentive
8821-XNHVZ,1,Month-to-month,Fiber optic,Mailed check,80.05,80.05,No,No,89.51,1,Critical,71.65,P2 - High,Offer annual contract incentive
2082-OJVTK,29,Month-to-month,Fiber optic,Electronic check,89.2,2698.35,No,No,77.57,1,Critical,69.19,P2 - High,Offer annual contract incentive
5940-NFXKV,19,Month-to-month,Fiber optic,Electronic check,83.65,1465.75,No,No,81.41,1,Critical,68.1,P2 - High,Offer annual contract incentive
8053-WWDRO,6,Month-to-month,No,Bank transfer (automatic),19.5,146.3,No internet service,No internet service,39.94,0,Medium,7.79,P4 - Monitor,Offer annual contract incentive
9564-KCLHR,1,Month-to-month,DSL,Mailed check,51.25,51.25,Yes,No,63.15,1,High,32.36,P3 - Medium,Offer annual contract incentive
2082-CEFLT,1,Month-to-month,DSL,Electronic check,45.6,45.6,No,No,79.52,1,Critical,36.26,P3 - Medium,Offer annual contract incentive
1213-NGCUN,6,Month-to-month,DSL,Bank transfer (automatic),49.65,267.35,Yes,No,62.9,1,High,31.23,P3 - Medium,Offer annual contract incentive
5688-KZTSN,15,Month-to-month,No,Electronic check,20.0,288.05,No internet service,No internet service,28.22,0,Medium,5.64,P4 - Monitor,Offer annual contract incentive
2894-QOJRX,25,Month-to-month,DSL,Bank transfer (automatic),34.0,853.0,No,No,55.41,1,High,18.84,P3 - Medium,Offer annual contract incentive
5747-PMBSQ,10,Month-to-month,Fiber optic,Mailed check,92.5,934.1,Yes,No,81.91,1,Critical,75.77,P1 - Immediate,Offer annual contract incentive
3143-JQEGI,13,Month-to-month,Fiber optic,Electronic check,88.35,1222.8,No,No,81.89,1,Critical,72.35,P2 - High,Offer annual contract incentive
6386-SZZKH,49,Two year,Fiber optic,Bank transfer (automatic),107.95,5293.2,Yes,No,40.49,0,Medium,43.71,P4 - Monitor,Offer Online Security bundle
2982-IHMFT,1,Month-to-month,Fiber optic,Mailed check,74.45,74.45,No,No,89.09,1,Critical,66.33,P2 - High,Offer annual contract incentive
3521-SYVOR,37,Month-to-month,DSL,Electronic check,64.75,2345.2,No,No,54.05,1,High,35.0,P3 - Medium,Offer annual contract incentive
9526-JAWYF,26,Month-to-month,Fiber optic,Electronic check,89.8,2335.3,No,No,69.97,1,High,62.83,P2 - High,Offer annual contract incentive
5649-VUKMC,12,One year,Fiber optic,Mailed check,95.5,1115.15,No,No,64.83,1,High,61.91,P2 - High,Offer Tech Support trial/bundle
5143-EGQFK,10,Month-to-month,DSL,Electronic check,29.65,291.4,Yes,No,72.36,1,High,21.45,P3 - Medium,Offer annual contract incentive
4919-IKATY,5,Month-to-month,Fiber optic,Electronic check,84.5,453.75,No,Yes,68.89,1,High,58.21,P2 - High,Offer annual contract incentive
9050-QLROH,18,Month-to-month,Fiber optic,Credit card (automatic),90.7,1597.25,No,No,72.84,1,High,66.07,P2 - High,Offer annual contract incentive
6168-WFVVF,3,Month-to-month,Fiber optic,Electronic check,70.3,235.5,No,No,83.76,1,Critical,58.88,P2 - High,Offer annual contract incentive
0877-SDMBN,54,One year,Fiber optic,Bank transfer (automatic),103.95,5639.05,No,Yes,50.43,1,High,52.42,P2 - High,Offer Tech Support trial/bundle
8065-YKXKD,10,Month-to-month,Fiber optic,Electronic check,74.75,799.65,No,No,83.93,1,Critical,62.74,P2 - High,Offer annual contract incentive
9637-EIHEQ,1,Month-to-month,DSL,Electronic check,50.8,50.8,Yes,No,71.41,1,High,36.28,P3 - Medium,Offer annual contract incentive
9689-PTNPG,2,Month-to-month,Fiber optic,Electronic check,80.25,144.55,No,No,88.38,1,Critical,70.92,P2 - High,Offer annual contract incentive
9465-RWMXL,32,Month-to-month,Fiber optic,Electronic check,78.9,2447.95,No,No,76.0,1,Critical,59.96,P2 - High,Offer annual contract incentive
2362-IBOOY,36,Month-to-month,Fiber optic,Electronic check,84.75,3050.15,No,No,77.85,1,Critical,65.98,P2 - High,Offer annual contract incentive
0843-WTBXE,53,Month-to-month,Fiber optic,Bank transfer (automatic),85.45,4517.25,No,No,61.87,1,High,52.87,P2 - High,Offer annual contract incentive
5515-IDEJJ,1,Month-to-month,No,Mailed check,19.9,19.9,No internet service,No internet service,56.27,1,High,11.2,P3 - Medium,Offer annual contract incentive
7450-NWRTR,12,Month-to-month,Fiber optic,Electronic check,99.45,1200.15,No,No,88.18,1,Critical,87.7,P1 - Immediate,Offer annual contract incentive
5376-DEQCP,1,Month-to-month,Fiber optic,Electronic check,70.6,70.6,No,No,88.59,1,Critical,62.54,P2 - High,Offer annual contract incentive
9095-HFAFX,5,Month-to-month,Fiber optic,Credit card (automatic),81.0,389.6,No,No,84.29,1,Critical,68.27,P2 - High,Offer annual contract incentive
2379-ENZGV,6,Month-to-month,Fiber optic,Electronic check,84.85,523.5,No,No,85.96,1,Critical,72.94,P2 - High,Offer annual contract incentive
6005-OBZPH,26,Month-to-month,Fiber optic,Electronic check,89.15,2277.65,No,No,79.25,1,Critical,70.65,P2 - High,Offer annual contract incentive
7932-WPTDS,1,Month-to-month,DSL,Electronic check,24.8,24.8,No,No,84.84,1,Critical,21.04,P3 - Medium,Offer annual contract incentive
2722-VOJQL,64,One year,Fiber optic,Credit card (automatic),105.65,6903.1,Yes,No,53.36,1,High,56.37,P2 - High,Offer Online Security bundle
5228-EXCET,13,Month-to-month,Fiber optic,Electronic check,80.85,1008.7,No,No,81.99,1,Critical,66.29,P2 - High,Offer annual contract incentive
7394-FKDNK,9,Month-to-month,Fiber optic,Electronic check,89.45,853.1,No,No,86.33,1,Critical,77.22,P1 - Immediate,Offer annual contract incentive
6331-LWDTQ,10,Month-to-month,DSL,Credit card (automatic),72.15,794.25,No,No,58.84,1,High,42.45,P3 - Medium,Offer annual contract incentive
1597-FZREH,2,Month-to-month,DSL,Electronic check,76.4,160.8,Yes,No,65.26,1,High,49.86,P3 - Medium,Offer annual contract incentive
7000-WCEVQ,20,Month-to-month,DSL,Mailed check,61.6,1174.35,No,No,57.16,1,High,35.21,P3 - Medium,Offer annual contract incentive
0727-IWKVK,9,Month-to-month,Fiber optic,Electronic check,79.9,741.7,No,No,83.82,1,Critical,66.97,P2 - High,Offer annual contract incentive
5959-BELXA,32,Month-to-month,Fiber optic,Credit card (automatic),96.15,3019.25,No,No,76.33,1,Critical,73.39,P2 - High,Offer annual contract incentive
3512-IZIKN,70,Two year,DSL,Credit card (automatic),65.3,4759.75,Yes,Yes,15.32,0,Low,10.0,P4 - Monitor,Standard retention campaign
6141-OOXUQ,1,Month-to-month,No,Mailed check,19.65,19.65,No internet service,No internet service,54.03,1,High,10.62,P3 - Medium,Offer annual contract incentive
7503-ZGUZJ,1,Month-to-month,Fiber optic,Mailed check,84.65,84.65,No,No,90.29,1,Critical,76.43,P1 - Immediate,Offer annual contract incentive
2506-TNFCO,1,Month-to-month,Fiber optic,Electronic check,69.55,69.55,No,No,89.16,1,Critical,62.01,P2 - High,Offer annual contract incentive
8718-PTMEZ,13,Month-to-month,DSL,Electronic check,31.05,347.25,No,No,64.43,1,High,20.01,P3 - Medium,Offer annual contract incentive
2207-OBZNX,7,Month-to-month,DSL,Mailed check,51.0,354.05,No,Yes,54.42,1,High,27.75,P3 - Medium,Offer annual contract incentive
6142-VSJQO,1,Month-to-month,DSL,Bank transfer (automatic),44.35,44.35,No,No,67.38,1,High,29.88,P3 - Medium,Offer annual contract incentive
6437-UKHMV,7,Month-to-month,Fiber optic,Electronic check,79.7,586.05,No,No,86.71,1,Critical,69.11,P2 - High,Offer annual contract incentive
1114-CENIM,54,Month-to-month,DSL,Credit card (automatic),55.0,3092.65,No,No,32.6,0,Medium,17.93,P4 - Monitor,Offer annual contract incentive
6060-DRTNL,5,Month-to-month,Fiber optic,Mailed check,84.85,415.55,No,No,85.97,1,Critical,72.95,P2 - High,Offer annual contract incentive
8473-VUVJN,1,Month-to-month,Fiber optic,Electronic check,73.65,73.65,No,No,89.55,1,Critical,65.95,P2 - High,Offer annual contract incentive
6289-CPNLD,33,One year,DSL,Mailed check,73.9,2405.05,Yes,No,36.29,0,Medium,26.82,P4 - Monitor,Offer Online Security bundle
5536-SLHPM,55,Month-to-month,Fiber optic,Electronic check,77.75,4458.15,No,No,73.71,1,High,57.31,P2 - High,Offer annual contract incentive
0196-VULGZ,6,Month-to-month,Fiber optic,Electronic check,84.35,474.9,No,No,89.62,1,Critical,75.59,P1 - Immediate,Offer annual contract incentive
8837-VVWLQ,8,Month-to-month,Fiber optic,Electronic check,84.95,668.4,No,Yes,75.1,1,Critical,63.8,P2 - High,Offer annual contract incentive
2696-NARTR,11,Month-to-month,Fiber optic,Electronic check,73.85,926.25,Yes,No,71.97,1,High,53.15,P2 - High,Offer annual contract incentive
7614-QVWQL,49,One year,DSL,Bank transfer (automatic),51.8,2541.25,No,No,45.94,0,Medium,23.8,P4 - Monitor,Offer Tech Support trial/bundle
1976-CFOCS,1,Month-to-month,DSL,Electronic check,46.0,46.0,No,No,81.47,1,Critical,37.48,P3 - Medium,Offer annual contract incentive
4631-OACRM,15,Month-to-month,Fiber optic,Electronic check,79.4,1156.1,No,No,81.8,1,Critical,64.95,P2 - High,Offer annual contract incentive
3755-JBMNH,16,Month-to-month,Fiber optic,Bank transfer (automatic),71.8,1167.8,No,No,75.26,1,Critical,54.04,P2 - High,Offer annual contract incentive
6345-ULYRW,44,One year,Fiber optic,Mailed check,88.4,3912.9,No,No,37.98,0,Medium,33.57,P4 - Monitor,Offer Tech Support trial/bundle
1809-DMJHQ,5,Month-to-month,DSL,Mailed check,46.0,221.7,No,No,48.64,0,Medium,22.37,P4 - Monitor,Offer annual contract incentive
6923-EFPNL,4,Month-to-month,DSL,Credit card (automatic),51.75,201.1,No,No,72.85,1,High,37.7,P3 - Medium,Offer annual contract incentive
9574-RKJIF,30,Month-to-month,Fiber optic,Electronic check,94.4,2838.7,No,Yes,68.72,1,High,64.87,P2 - High,Offer annual contract incentive
2619-WFQWU,1,Month-to-month,Fiber optic,Mailed check,70.15,70.15,No,No,86.74,1,Critical,60.85,P2 - High,Offer annual contract incentive
0778-NELLA,9,Month-to-month,DSL,Credit card (automatic),34.7,296.1,No,No,66.95,1,High,23.23,P3 - Medium,Offer annual contract incentive
4614-NUVZD,1,Month-to-month,Fiber optic,Electronic check,81.1,81.1,No,No,90.79,1,Critical,73.63,P2 - High,Offer annual contract incentive
3803-KMQFW,1,Month-to-month,No,Mailed check,20.55,20.55,No internet service,No internet service,56.84,1,High,11.68,P3 - Medium,Offer annual contract incentive
6804-GDMOI,61,Two year,Fiber optic,Electronic check,106.6,6428.4,Yes,No,44.81,0,Medium,47.77,P4 - Monitor,Offer Online Security bundle
9572-MTILT,59,Month-to-month,Fiber optic,Electronic check,106.75,6252.9,Yes,Yes,53.14,1,High,56.73,P2 - High,Offer annual contract incentive
9611-CTWIH,3,Month-to-month,Fiber optic,Electronic check,89.45,240.45,No,No,89.56,1,Critical,80.11,P1 - Immediate,Offer annual contract incentive
0329-GTIAJ,3,Month-to-month,Fiber optic,Electronic check,97.9,315.3,Yes,No,82.96,1,Critical,81.22,P1 - Immediate,Offer annual contract incentive
6629-CZTTH,1,Month-to-month,DSL,Mailed check,55.7,55.7,No,No,75.11,1,Critical,41.84,P3 - Medium,Offer annual contract incentive
5364-EVNIB,13,Month-to-month,Fiber optic,Electronic check,79.8,973.45,No,No,80.3,1,Critical,64.08,P2 - High,Offer annual contract incentive
5087-SUURX,18,Month-to-month,DSL,Electronic check,39.05,669.85,No,No,70.57,1,High,27.56,P3 - Medium,Offer annual contract incentive
0013-EXCHZ,3,Month-to-month,Fiber optic,Mailed check,83.9,267.4,Yes,No,83.15,1,Critical,69.76,P2 - High,Offer annual contract incentive
5550-VFRLC,1,Month-to-month,Fiber optic,Electronic check,69.85,69.85,No,No,88.87,1,Critical,62.08,P2 - High,Offer annual contract incentive
4929-BSTRX,1,Month-to-month,DSL,Mailed check,53.55,53.55,No,No,75.88,1,Critical,40.63,P3 - Medium,Offer annual contract incentive
2225-ZRGSG,70,Two year,Fiber optic,Bank transfer (automatic),93.9,6579.05,Yes,Yes,25.86,0,Medium,24.28,P4 - Monitor,Review Fiber pricing/service quality
5271-YNWVR,68,Two year,Fiber optic,Electronic check,113.15,7856.0,Yes,Yes,19.11,0,Low,21.62,P4 - Monitor,Promote automatic payment
2657-ALMWY,26,Month-to-month,Fiber optic,Electronic check,84.95,2169.75,No,No,70.13,1,High,59.58,P2 - High,Offer annual contract incentive
6330-JKLPC,11,Month-to-month,Fiber optic,Bank transfer (automatic),80.5,896.9,No,No,81.6,1,Critical,65.69,P2 - High,Offer annual contract incentive
4667-OHGKG,1,Month-to-month,No,Mailed check,19.3,19.3,No internet service,No internet service,54.27,1,High,10.47,P3 - Medium,Offer annual contract incentive
1660-HSOOQ,1,Month-to-month,DSL,Mailed check,49.65,49.65,No,No,76.37,1,Critical,37.92,P3 - Medium,Offer annual contract incentive
7253-UVNDW,46,Two year,DSL,Credit card (automatic),54.35,2460.15,Yes,No,23.44,0,Low,12.74,P4 - Monitor,Offer Online Security bundle
7228-OMTPN,4,Month-to-month,Fiber optic,Electronic check,88.45,370.65,No,No,88.85,1,Critical,78.59,P1 - Immediate,Offer annual contract incentive
6284-AHOOQ,22,Month-to-month,Fiber optic,Bank transfer (automatic),90.5,1910.6,Yes,No,61.23,1,High,55.41,P2 - High,Offer annual contract incentive
2344-JMOGN,9,Month-to-month,Fiber optic,Mailed check,94.85,890.6,Yes,No,81.43,1,Critical,77.24,P1 - Immediate,Offer annual contract incentive
3799-ISUZQ,7,Month-to-month,Fiber optic,Bank transfer (automatic),69.95,529.5,No,No,79.18,1,Critical,55.39,P2 - High,Offer annual contract incentive
1794-HBQTJ,1,Month-to-month,DSL,Credit card (automatic),48.6,48.6,No,Yes,67.86,1,High,32.98,P3 - Medium,Offer annual contract incentive
2460-FPSYH,40,Month-to-month,DSL,Electronic check,55.8,2109.35,No,Yes,55.69,1,High,31.08,P3 - Medium,Offer annual contract incentive
4818-DRBQT,29,Month-to-month,Fiber optic,Bank transfer (automatic),80.15,2265.25,No,No,68.37,1,High,54.8,P2 - High,Offer annual contract incentive
1320-HTRDR,3,Month-to-month,Fiber optic,Electronic check,75.5,220.6,No,No,87.12,1,Critical,65.78,P2 - High,Offer annual contract incentive
1493-AMTIE,1,Month-to-month,No,Bank transfer (automatic),20.2,20.2,No internet service,No internet service,53.16,1,High,10.74,P3 - Medium,Offer annual contract incentive
6424-ELEYH,3,Month-to-month,Fiber optic,Credit card (automatic),74.75,229.5,No,No,86.5,1,Critical,64.66,P2 - High,Offer annual contract incentive
4391-RESHN,23,Month-to-month,Fiber optic,Mailed check,104.05,2470.1,Yes,No,70.47,1,High,73.32,P2 - High,Offer annual contract incentive
6821-BUXUX,13,Month-to-month,Fiber optic,Electronic check,96.65,1244.5,No,Yes,76.76,1,Critical,74.19,P2 - High,Offer annual contract incentive
5028-HTLJB,1,Month-to-month,No,Mailed check,20.05,20.05,No internet service,No internet service,57.28,1,High,11.48,P3 - Medium,Offer annual contract incentive
9801-GDWGV,39,Month-to-month,Fiber optic,Electronic check,103.45,3994.45,No,No,77.1,1,Critical,79.76,P1 - Immediate,Offer annual contract incentive
2320-JRSDE,1,Month-to-month,No,Electronic check,19.9,19.9,No internet service,No internet service,61.63,1,High,12.26,P3 - Medium,Offer annual contract incentive
0601-WZHJF,14,Month-to-month,DSL,Electronic check,46.35,667.7,No,No,67.01,1,High,31.06,P3 - Medium,Offer annual contract incentive
5143-WMWOG,1,Month-to-month,No,Electronic check,19.95,19.95,No internet service,No internet service,53.41,1,High,10.66,P3 - Medium,Offer annual contract incentive
5393-RXQSZ,1,Month-to-month,Fiber optic,Electronic check,79.6,79.6,No,No,88.82,1,Critical,70.7,P2 - High,Offer annual contract incentive
0231-LXVAP,1,Month-to-month,Fiber optic,Electronic check,75.9,75.9,Yes,No,78.47,1,Critical,59.56,P2 - High,Offer annual contract incentive
9444-JTXHZ,1,Month-to-month,Fiber optic,Electronic check,76.2,76.2,No,No,87.51,1,Critical,66.68,P2 - High,Offer annual contract incentive
5510-BOIUJ,1,Month-to-month,No,Mailed check,19.25,19.25,No internet service,No internet service,48.72,0,Medium,9.38,P4 - Monitor,Offer annual contract incentive
4471-KXAUH,42,Month-to-month,Fiber optic,Electronic check,84.3,3588.4,Yes,No,69.72,1,High,58.77,P2 - High,Offer annual contract incentive
7638-QVMVY,7,Month-to-month,Fiber optic,Electronic check,79.0,522.95,No,No,86.84,1,Critical,68.6,P2 - High,Offer annual contract incentive
3244-DCJWY,1,Month-to-month,Fiber optic,Electronic check,70.25,70.25,No,No,88.8,1,Critical,62.38,P2 - High,Offer annual contract incentive
0875-CABNR,10,Month-to-month,Fiber optic,Credit card (automatic),84.6,865.55,No,No,82.21,1,Critical,69.55,P2 - High,Offer annual contract incentive
7812-FZHPE,17,Month-to-month,No,Mailed check,24.1,409.9,No internet service,No internet service,24.63,0,Low,5.94,P4 - Monitor,Offer annual contract incentive
4797-AXPXK,1,Month-to-month,DSL,Electronic check,60.0,60.0,Yes,Yes,54.2,1,High,32.52,P3 - Medium,Offer annual contract incentive
5229-PRWKT,8,Month-to-month,Fiber optic,Electronic check,86.55,649.65,No,No,87.53,1,Critical,75.76,P1 - Immediate,Offer annual contract incentive
6982-UQZLY,1,Month-to-month,No,Mailed check,20.85,20.85,No internet service,No internet service,62.73,1,High,13.08,P3 - Medium,Offer annual contract incentive
5057-LCOUI,39,Month-to-month,DSL,Electronic check,50.75,2011.4,No,No,60.74,1,High,30.83,P3 - Medium,Offer annual contract incentive
0193-ESZXP,58,One year,Fiber optic,Credit card (automatic),105.5,6205.5,Yes,Yes,49.14,0,Medium,51.84,P4 - Monitor,Review Fiber pricing/service quality
4369-HTUIF,6,Month-to-month,Fiber optic,Bank transfer (automatic),85.15,503.6,No,Yes,75.13,1,Critical,63.97,P2 - High,Offer annual contract incentive
0156-FVPTA,22,Month-to-month,DSL,Electronic check,54.2,1152.7,Yes,Yes,52.23,1,High,28.31,P3 - Medium,Offer annual contract incentive
1984-FCOWB,70,One year,Fiber optic,Electronic check,109.5,7674.55,Yes,No,56.1,1,High,61.43,P2 - High,Offer Online Security bundle
0654-HMSHN,21,Month-to-month,Fiber optic,Electronic check,104.4,2157.95,No,No,76.9,1,Critical,80.28,P1 - Immediate,Offer annual contract incentive
5287-QWLKY,71,Month-to-month,Fiber optic,Credit card (automatic),105.1,7548.1,No,Yes,56.82,1,High,59.72,P2 - High,Offer annual contract incentive
5196-SGOAK,1,Month-to-month,Fiber optic,Electronic check,75.7,75.7,No,No,88.14,1,Critical,66.72,P2 - High,Offer annual contract incentive
1891-UAWWU,20,Month-to-month,Fiber optic,Electronic check,90.8,1951.0,No,No,75.79,1,Critical,68.82,P2 - High,Offer annual contract incentive
6108-OQZDQ,4,Month-to-month,Fiber optic,Electronic check,97.95,384.5,No,No,91.05,1,Critical,89.18,P1 - Immediate,Offer annual contract incentive
0363-QJVFX,32,Month-to-month,Fiber optic,Credit card (automatic),108.15,3432.9,Yes,Yes,49.36,0,Medium,53.38,P4 - Monitor,Offer annual contract incentive
9840-DVNDC,6,Month-to-month,Fiber optic,Credit card (automatic),80.5,463.05,No,No,83.4,1,Critical,67.14,P2 - High,Offer annual contract incentive
3096-JRDSO,27,Month-to-month,Fiber optic,Bank transfer (automatic),104.3,2867.75,Yes,Yes,69.0,1,High,71.97,P2 - High,Offer annual contract incentive
8042-JVNFH,1,Month-to-month,Fiber optic,Mailed check,71.35,71.35,No,No,86.92,1,Critical,62.02,P2 - High,Offer annual contract incentive
3374-LXDEV,13,Month-to-month,Fiber optic,Electronic check,89.4,1132.35,Yes,No,72.16,1,High,64.51,P2 - High,Offer annual contract incentive
5049-GLYVG,1,Month-to-month,No,Mailed check,20.6,20.6,No internet service,No internet service,48.77,0,Medium,10.05,P4 - Monitor,Offer annual contract incentive
5883-GTGVD,19,Month-to-month,Fiber optic,Electronic check,99.95,1931.75,No,No,82.16,1,Critical,82.12,P1 - Immediate,Offer annual contract incentive
4817-QRJSX,10,Month-to-month,Fiber optic,Credit card (automatic),81.0,818.05,No,No,82.77,1,Critical,67.04,P2 - High,Offer annual contract incentive
2398-YPMUR,13,Month-to-month,Fiber optic,Electronic check,70.15,916.75,No,No,79.84,1,Critical,56.01,P2 - High,Offer annual contract incentive
9985-MWVIX,1,Month-to-month,Fiber optic,Mailed check,70.15,70.15,No,No,86.74,1,Critical,60.85,P2 - High,Offer annual contract incentive
1265-XTECC,68,One year,Fiber optic,Credit card (automatic),96.55,6581.9,No,Yes,40.1,0,Medium,38.72,P4 - Monitor,Offer Tech Support trial/bundle
2237-ZFSMY,39,One year,Fiber optic,Electronic check,95.55,3692.85,Yes,Yes,48.43,0,Medium,46.27,P4 - Monitor,Promote automatic payment
4871-JTKJF,1,Month-to-month,Fiber optic,Electronic check,69.65,69.65,No,No,89.11,1,Critical,62.07,P2 - High,Offer annual contract incentive
1415-YFWLT,1,Month-to-month,Fiber optic,Electronic check,89.3,89.3,No,No,91.86,1,Critical,82.03,P1 - Immediate,Offer annual contract incentive
6711-VTNRE,36,Month-to-month,Fiber optic,Electronic check,87.55,3078.1,Yes,No,62.31,1,High,54.55,P2 - High,Offer annual contract incentive
3500-RMZLT,15,Month-to-month,Fiber optic,Mailed check,96.3,1426.75,Yes,Yes,72.44,1,High,69.76,P2 - High,Offer annual contract incentive
4548-SDBKE,5,Month-to-month,Fiber optic,Electronic check,85.2,474.8,No,No,88.97,1,Critical,75.8,P1 - Immediate,Offer annual contract incentive
8066-POXGX,13,Month-to-month,DSL,Electronic check,35.1,446.1,No,No,71.29,1,High,25.02,P3 - Medium,Offer annual contract incentive
4143-OOBWZ,5,Month-to-month,Fiber optic,Electronic check,81.3,416.3,No,No,87.37,1,Critical,71.03,P2 - High,Offer annual contract incentive
7854-EKTJL,2,Month-to-month,No,Electronic check,19.6,35.85,No internet service,No internet service,35.52,0,Medium,6.96,P4 - Monitor,Offer annual contract incentive
9102-IAYHT,17,Month-to-month,Fiber optic,Electronic check,85.45,1451.6,No,No,81.97,1,Critical,70.04,P2 - High,Offer annual contract incentive
3422-LYEPQ,1,Month-to-month,Fiber optic,Electronic check,71.0,71.0,No,No,89.29,1,Critical,63.4,P2 - High,Offer annual contract incentive
2642-DTVCO,9,Month-to-month,Fiber optic,Electronic check,85.05,746.5,No,No,88.11,1,Critical,74.94,P2 - High,Offer annual contract incentive
4361-JEIVL,1,Month-to-month,DSL,Electronic check,44.4,44.4,No,No,69.49,1,High,30.85,P3 - Medium,Offer annual contract incentive
1363-TXLSL,1,Month-to-month,Fiber optic,Electronic check,70.3,70.3,No,No,88.62,1,Critical,62.3,P2 - High,Offer annual contract incentive
9507-EXLTT,1,Month-to-month,Fiber optic,Bank transfer (automatic),79.35,79.35,No,No,89.52,1,Critical,71.03,P2 - High,Offer annual contract incentive
9846-GKXAS,9,Month-to-month,Fiber optic,Bank transfer (automatic),90.8,809.75,No,No,86.32,1,Critical,78.38,P1 - Immediate,Offer annual contract incentive
6017-PPLPX,20,Month-to-month,Fiber optic,Electronic check,70.45,1470.95,No,No,75.73,1,Critical,53.35,P2 - High,Offer annual contract incentive
7136-RVDTZ,70,One year,DSL,Electronic check,45.25,3264.45,No,No,49.17,0,Medium,22.25,P4 - Monitor,Offer Tech Support trial/bundle
4581-SSPWD,3,Month-to-month,Fiber optic,Electronic check,75.8,246.3,No,No,87.22,1,Critical,66.11,P2 - High,Offer annual contract incentive
6927-WTFIV,20,Month-to-month,Fiber optic,Credit card (automatic),71.3,1389.2,No,No,63.39,1,High,45.2,P3 - Medium,Offer annual contract incentive
3398-ZOUAA,21,Month-to-month,Fiber optic,Electronic check,69.1,1474.75,No,No,75.6,1,Critical,52.24,P2 - High,Offer annual contract incentive
0378-NHQXU,17,Month-to-month,Fiber optic,Electronic check,88.25,1460.65,No,No,78.56,1,Critical,69.33,P2 - High,Offer annual contract incentive
4512-ZUIYL,2,Month-to-month,Fiber optic,Bank transfer (automatic),70.0,153.05,No,No,80.96,1,Critical,56.67,P2 - High,Offer annual contract incentive
7969-AULMZ,21,Month-to-month,Fiber optic,Electronic check,97.35,2119.5,No,No,81.99,1,Critical,79.82,P1 - Immediate,Offer annual contract incentive
0568-ONFPC,5,Month-to-month,No,Bank transfer (automatic),25.9,135.0,No internet service,No internet service,30.82,0,Medium,7.98,P4 - Monitor,Offer annual contract incentive
0733-VUNUW,24,Month-to-month,DSL,Bank transfer (automatic),55.65,1400.55,No,Yes,36.36,0,Medium,20.23,P4 - Monitor,Offer annual contract incentive
4550-EVXNY,1,Month-to-month,Fiber optic,Electronic check,69.65,69.65,No,No,89.37,1,Critical,62.25,P2 - High,Offer annual contract incentive
2968-SSGAA,10,Month-to-month,Fiber optic,Electronic check,100.6,1060.2,No,No,90.26,1,Critical,90.8,P1 - Immediate,Offer annual contract incentive
4844-JJWUY,1,Month-to-month,Fiber optic,Electronic check,86.0,86.0,No,No,88.66,1,Critical,76.25,P1 - Immediate,Offer annual contract incentive
6777-TGHTM,53,One year,Fiber optic,Credit card (automatic),106.95,5785.5,No,Yes,48.76,0,Medium,52.15,P4 - Monitor,Offer Tech Support trial/bundle
3538-WZPHD,3,Month-to-month,DSL,Electronic check,29.6,79.45,No,No,79.18,1,Critical,23.44,P3 - Medium,Offer annual contract incentive
4785-QRJHC,46,One year,DSL,Bank transfer (automatic),59.9,2816.65,Yes,No,30.22,0,Medium,18.1,P4 - Monitor,Offer Online Security bundle
8610-WFCJF,49,Month-to-month,Fiber optic,Electronic check,95.6,4783.5,No,No,78.02,1,Critical,74.59,P2 - High,Offer annual contract incentive
4905-JEFDW,11,One year,DSL,Electronic check,41.6,470.6,No,No,53.53,1,High,22.27,P3 - Medium,Offer Tech Support trial/bundle
7881-INRLC,45,Month-to-month,Fiber optic,Credit card (automatic),100.85,4740.0,No,No,72.28,1,High,72.89,P2 - High,Offer annual contract incentive
0117-LFRMW,37,Month-to-month,DSL,Bank transfer (automatic),40.2,1448.8,No,Yes,37.01,0,Medium,14.88,P4 - Monitor,Offer annual contract incentive
6172-FECYY,49,Month-to-month,Fiber optic,Electronic check,84.5,4254.85,No,No,72.06,1,High,60.89,P2 - High,Offer annual contract incentive
1965-AKTSX,14,Month-to-month,Fiber optic,Electronic check,78.95,1101.85,No,No,84.87,1,Critical,67.0,P2 - High,Offer annual contract incentive
4786-UKSNZ,1,Month-to-month,No,Mailed check,20.2,20.2,No internet service,No internet service,54.42,1,High,10.99,P3 - Medium,Offer annual contract incentive
7248-VZQLC,47,Month-to-month,Fiber optic,Bank transfer (automatic),85.2,3969.35,No,No,68.82,1,High,58.63,P2 - High,Offer annual contract incentive
0011-IGKFF,13,Month-to-month,Fiber optic,Electronic check,98.0,1237.85,No,No,84.56,1,Critical,82.87,P1 - Immediate,Offer annual contract incentive
4192-GORJT,5,Month-to-month,Fiber optic,Electronic check,94.45,498.1,No,No,88.2,1,Critical,83.3,P1 - Immediate,Offer annual contract incentive
6496-SLWHQ,3,Month-to-month,Fiber optic,Electronic check,105.0,294.45,No,No,89.99,1,Critical,94.49,P1 - Immediate,Offer annual contract incentive
9912-GVSEQ,26,Month-to-month,Fiber optic,Electronic check,93.85,2381.55,No,No,77.84,1,Critical,73.05,P2 - High,Offer annual contract incentive
5383-MMTWC,8,Month-to-month,Fiber optic,Electronic check,84.0,613.4,No,No,88.88,1,Critical,74.66,P2 - High,Offer annual contract incentive
7240-ETPTR,9,Month-to-month,DSL,Electronic check,48.75,442.2,No,No,75.67,1,Critical,36.89,P3 - Medium,Offer annual contract incentive
2202-CUYXZ,1,Month-to-month,Fiber optic,Electronic check,84.85,84.85,No,No,90.54,1,Critical,76.82,P1 - Immediate,Offer annual contract incentive
5995-OIGLP,12,Month-to-month,DSL,Mailed check,56.65,654.85,Yes,Yes,46.44,0,Medium,26.31,P4 - Monitor,Offer annual contract incentive
6261-RCVNS,42,One year,DSL,Credit card (automatic),73.9,3160.55,Yes,Yes,29.64,0,Medium,21.9,P4 - Monitor,Standard retention campaign
7951-QKZPL,33,Two year,No,Mailed check,24.5,740.3,No internet service,No internet service,20.91,0,Low,5.12,P4 - Monitor,Standard retention campaign
3640-PHQXK,31,Month-to-month,Fiber optic,Electronic check,89.9,2806.9,No,No,77.82,1,Critical,69.96,P2 - High,Offer annual contract incentive
6877-LGWXO,18,Month-to-month,Fiber optic,Electronic check,78.55,1422.65,No,No,74.33,1,High,58.39,P2 - High,Offer annual contract incentive
8019-ENHXU,42,Month-to-month,Fiber optic,Electronic check,99.45,4138.05,Yes,No,68.61,1,High,68.23,P2 - High,Offer annual contract incentive
5167-GBFRE,4,Month-to-month,DSL,Bank transfer (automatic),25.2,102.5,No,No,77.13,1,Critical,19.44,P3 - Medium,Offer annual contract incentive
9033-EOXWV,12,One year,DSL,Mailed check,74.05,872.65,Yes,No,47.69,0,Medium,35.31,P4 - Monitor,Offer Online Security bundle
1324-NLTJE,15,Month-to-month,DSL,Credit card (automatic),55.0,757.1,Yes,No,57.61,1,High,31.69,P3 - Medium,Offer annual contract incentive
1522-VVDMG,7,Month-to-month,Fiber optic,Electronic check,89.75,608.8,Yes,No,82.34,1,Critical,73.9,P2 - High,Offer annual contract incentive
9185-TQCVP,14,Month-to-month,Fiber optic,Electronic check,85.15,1139.2,No,No,86.31,1,Critical,73.49,P2 - High,Offer annual contract incentive
5567-WSELE,3,Month-to-month,Fiber optic,Electronic check,94.6,279.55,No,No,91.53,1,Critical,86.59,P1 - Immediate,Offer annual contract incentive
8063-RJYNF,16,Month-to-month,Fiber optic,Electronic check,94.25,1483.25,No,Yes,80.08,1,Critical,75.48,P1 - Immediate,Offer annual contract incentive
0687-ZVTHB,65,One year,DSL,Credit card (automatic),72.45,4653.85,No,Yes,28.28,0,Medium,20.49,P4 - Monitor,Offer Tech Support trial/bundle
9661-ACXBS,42,Month-to-month,Fiber optic,Electronic check,105.2,4400.75,No,Yes,69.53,1,High,73.15,P2 - High,Offer annual contract incentive
3727-RJMEO,6,Month-to-month,Fiber optic,Electronic check,82.85,460.25,No,No,89.12,1,Critical,73.84,P2 - High,Offer annual contract incentive
6646-VRFOL,53,Month-to-month,Fiber optic,Electronic check,103.85,5485.5,No,No,75.76,1,Critical,78.68,P1 - Immediate,Offer annual contract incentive
5685-IIXLY,5,Month-to-month,Fiber optic,Electronic check,83.6,404.2,No,No,86.37,1,Critical,72.21,P2 - High,Offer annual contract incentive
4250-ZBWLV,68,One year,Fiber optic,Electronic check,108.45,7176.55,Yes,No,54.44,1,High,59.04,P2 - High,Offer Online Security bundle
5095-AESKG,3,Month-to-month,Fiber optic,Credit card (automatic),91.5,242.95,No,No,87.91,1,Critical,80.44,P1 - Immediate,Offer annual contract incentive
1871-MOWRM,12,Month-to-month,Fiber optic,Bank transfer (automatic),80.85,866.45,Yes,Yes,62.6,1,High,50.61,P2 - High,Offer annual contract incentive
2027-OAQQC,43,Month-to-month,DSL,Bank transfer (automatic),49.05,2076.2,No,No,53.05,1,High,26.02,P3 - Medium,Offer annual contract incentive
9090-SGQXL,68,Month-to-month,Fiber optic,Electronic check,105.3,7299.65,No,No,73.47,1,High,77.36,P2 - High,Offer annual contract incentive
6595-YGXIT,25,Month-to-month,Fiber optic,Electronic check,88.95,2291.2,No,No,79.26,1,Critical,70.5,P2 - High,Offer annual contract incentive
9835-ZIITK,66,One year,Fiber optic,Electronic check,110.85,7491.75,Yes,No,59.38,1,High,65.82,P2 - High,Offer Online Security bundle
1555-DJEQW,70,Two year,Fiber optic,Bank transfer (automatic),114.2,7723.9,Yes,Yes,27.38,0,Medium,31.27,P4 - Monitor,Review Fiber pricing/service quality
5649-TJHOV,27,Month-to-month,DSL,Bank transfer (automatic),36.5,1032.0,No,No,60.67,1,High,22.14,P3 - Medium,Offer annual contract incentive
0519-XUZJU,1,Month-to-month,Fiber optic,Mailed check,70.75,70.75,No,No,86.1,1,Critical,60.92,P2 - High,Offer annual contract incentive
6338-AVWCY,3,Month-to-month,DSL,Mailed check,40.15,130.75,No,No,77.98,1,Critical,31.31,P3 - Medium,Offer annual contract incentive
9253-QXKBE,29,Month-to-month,Fiber optic,Electronic check,94.45,2653.65,No,No,80.62,1,Critical,76.15,P1 - Immediate,Offer annual contract incentive
9445-SZLCH,36,Month-to-month,Fiber optic,Bank transfer (automatic),97.35,3457.9,No,No,69.65,1,High,67.8,P2 - High,Offer annual contract incentive
7568-PODML,1,Month-to-month,DSL,Mailed check,45.3,45.3,No,No,82.07,1,Critical,37.18,P3 - Medium,Offer annual contract incentive
5349-IECLD,2,Month-to-month,Fiber optic,Electronic check,94.95,178.1,No,No,88.3,1,Critical,83.84,P1 - Immediate,Offer annual contract incentive
3945-GFWQL,12,Month-to-month,DSL,Electronic check,44.55,480.6,No,No,50.74,1,High,22.6,P3 - Medium,Offer annual contract incentive
3797-VTIDR,1,Month-to-month,DSL,Electronic check,23.45,23.45,No,No,83.02,1,Critical,19.47,P3 - Medium,Offer annual contract incentive
9526-BIHHD,1,Month-to-month,DSL,Mailed check,29.7,29.7,No,Yes,65.94,1,High,19.58,P3 - Medium,Offer annual contract incentive
4523-WXCEF,59,Month-to-month,Fiber optic,Electronic check,101.1,6039.9,No,No,68.13,1,High,68.88,P2 - High,Offer annual contract incentive
8364-TRMMK,3,Month-to-month,DSL,Mailed check,50.65,151.3,No,No,75.68,1,Critical,38.33,P3 - Medium,Offer annual contract incentive
3063-QFSZL,1,Month-to-month,DSL,Electronic check,55.4,55.4,No,No,76.34,1,Critical,42.29,P3 - Medium,Offer annual contract incentive
8775-LHDJH,1,Month-to-month,Fiber optic,Electronic check,90.6,90.6,No,No,90.5,1,Critical,81.99,P1 - Immediate,Offer annual contract incentive
3097-NQYSN,2,Month-to-month,Fiber optic,Mailed check,86.85,156.35,No,No,88.61,1,Critical,76.96,P1 - Immediate,Offer annual contract incentive
3565-UNOCC,29,Month-to-month,Fiber optic,Bank transfer (automatic),99.05,2952.85,No,No,75.89,1,Critical,75.17,P1 - Immediate,Offer annual contract incentive
9249-FXSCK,52,One year,Fiber optic,Credit card (automatic),111.25,5916.45,Yes,Yes,49.09,0,Medium,54.61,P4 - Monitor,Review Fiber pricing/service quality
5493-SDRDQ,2,Month-to-month,DSL,Mailed check,55.1,113.35,No,Yes,61.88,1,High,34.1,P3 - Medium,Offer annual contract incentive
0871-URUWO,13,Month-to-month,Fiber optic,Credit card (automatic),102.25,1359.0,No,No,83.61,1,Critical,85.49,P1 - Immediate,Offer annual contract incentive
9190-MFJLN,19,Month-to-month,Fiber optic,Credit card (automatic),95.9,1777.9,No,No,73.24,1,High,70.24,P2 - High,Offer annual contract incentive
1095-JUDTC,47,Month-to-month,Fiber optic,Electronic check,95.05,4504.55,Yes,No,67.94,1,High,64.58,P2 - High,Offer annual contract incentive
0870-VEMYL,5,Month-to-month,DSL,Credit card (automatic),53.85,259.8,Yes,Yes,56.4,1,High,30.37,P3 - Medium,Offer annual contract incentive
5385-SUIRI,52,Month-to-month,Fiber optic,Electronic check,104.2,5568.35,No,Yes,70.26,1,High,73.21,P2 - High,Offer annual contract incentive
3982-XWFZQ,42,Month-to-month,DSL,Electronic check,50.25,2203.65,No,No,54.55,1,High,27.41,P3 - Medium,Offer annual contract incentive
4009-ALQFH,25,Month-to-month,Fiber optic,Electronic check,99.5,2369.05,No,No,76.14,1,Critical,75.76,P1 - Immediate,Offer annual contract incentive
3627-FCRDW,9,Month-to-month,Fiber optic,Electronic check,71.0,672.55,No,No,78.01,1,Critical,55.39,P2 - High,Offer annual contract incentive
7562-GSUHK,16,Month-to-month,Fiber optic,Credit card (automatic),93.2,1573.7,No,No,74.37,1,High,69.31,P2 - High,Offer annual contract incentive
4903-UYAVB,5,Month-to-month,No,Mailed check,19.35,126.05,No internet service,No internet service,40.13,0,Medium,7.77,P4 - Monitor,Offer annual contract incentive
6776-TLWOI,3,Month-to-month,No,Mailed check,19.85,64.55,No internet service,No internet service,35.22,0,Medium,6.99,P4 - Monitor,Offer annual contract incentive
4077-CROMM,31,Month-to-month,Fiber optic,Electronic check,104.2,3243.45,Yes,No,74.83,1,High,77.97,P2 - High,Offer annual contract incentive
2868-MZAGQ,1,Month-to-month,Fiber optic,Electronic check,79.25,79.25,No,No,90.3,1,Critical,71.56,P2 - High,Offer annual contract incentive
4847-QNOKA,1,Month-to-month,DSL,Bank transfer (automatic),44.9,44.9,No,No,72.68,1,High,32.63,P3 - Medium,Offer annual contract incentive
6379-RXJRQ,10,Month-to-month,Fiber optic,Electronic check,70.1,659.65,No,No,81.5,1,Critical,57.13,P2 - High,Offer annual contract incentive
8650-RHRKE,4,Month-to-month,DSL,Electronic check,29.65,118.5,No,No,81.39,1,Critical,24.13,P3 - Medium,Offer annual contract incentive
0475-RIJEP,43,Month-to-month,Fiber optic,Electronic check,77.85,3365.85,No,No,73.83,1,High,57.48,P2 - High,Offer annual contract incentive
1260-TTRXI,4,Month-to-month,DSL,Electronic check,54.3,195.3,No,No,75.09,1,Critical,40.77,P3 - Medium,Offer annual contract incentive
6328-ZPBGN,11,Month-to-month,Fiber optic,Bank transfer (automatic),95.15,997.65,No,No,88.21,1,Critical,83.93,P1 - Immediate,Offer annual contract incentive
4789-KWMXN,47,One year,Fiber optic,Credit card (automatic),110.85,5275.8,Yes,Yes,51.21,1,High,56.77,P2 - High,Review Fiber pricing/service quality
2867-UIMSS,1,Month-to-month,Fiber optic,Electronic check,80.5,80.5,No,No,88.85,1,Critical,71.52,P2 - High,Offer annual contract incentive
8111-RKSPX,4,Month-to-month,Fiber optic,Bank transfer (automatic),72.2,305.55,No,No,83.27,1,Critical,60.12,P2 - High,Offer annual contract incentive
1585-MQSSU,17,Month-to-month,DSL,Mailed check,51.5,900.5,Yes,No,45.43,0,Medium,23.4,P4 - Monitor,Offer annual contract incentive
2856-NNASM,43,Month-to-month,Fiber optic,Mailed check,89.55,3856.75,No,No,70.3,1,High,62.95,P2 - High,Offer annual contract incentive
8559-CIZFV,21,One year,DSL,Mailed check,77.5,1625.0,Yes,Yes,33.46,0,Medium,25.93,P4 - Monitor,Standard retention campaign
7547-EKNFS,42,Month-to-month,Fiber optic,Bank transfer (automatic),95.25,3959.35,No,No,69.62,1,High,66.31,P2 - High,Offer annual contract incentive
6769-DYBQN,46,Month-to-month,Fiber optic,Electronic check,85.0,3969.4,No,Yes,61.35,1,High,52.15,P2 - High,Offer annual contract incentive
4439-JMPMT,5,Month-to-month,Fiber optic,Electronic check,85.75,470.95,Yes,No,85.08,1,Critical,72.96,P2 - High,Offer annual contract incentive
2446-BEGGB,6,Month-to-month,Fiber optic,Electronic check,98.25,560.6,No,No,90.6,1,Critical,89.01,P1 - Immediate,Offer annual contract incentive
1496-GGSUK,1,Month-to-month,DSL,Mailed check,25.7,25.7,No,No,82.54,1,Critical,21.21,P3 - Medium,Offer annual contract incentive
2575-GFSOE,7,Month-to-month,Fiber optic,Electronic check,69.0,506.9,No,No,81.65,1,Critical,56.34,P2 - High,Offer annual contract incentive
2842-JTCCU,2,Month-to-month,DSL,Bank transfer (automatic),46.05,80.35,No,No,73.62,1,High,33.9,P3 - Medium,Offer annual contract incentive
3296-SILRA,1,Month-to-month,Fiber optic,Mailed check,76.4,76.4,No,No,86.55,1,Critical,66.12,P2 - High,Offer annual contract incentive
9681-OXGVC,5,Month-to-month,Fiber optic,Electronic check,100.5,514.0,No,No,91.16,1,Critical,91.62,P1 - Immediate,Offer annual contract incentive
5180-UCIIQ,22,Month-to-month,DSL,Mailed check,40.05,880.2,No,Yes,45.95,0,Medium,18.4,P4 - Monitor,Offer annual contract incentive
7153-OANIO,1,Month-to-month,Fiber optic,Electronic check,69.95,69.95,No,No,87.23,1,Critical,61.02,P2 - High,Offer annual contract incentive
6521-YYTYI,1,Month-to-month,Fiber optic,Electronic check,93.3,93.3,No,No,92.68,1,Critical,86.47,P1 - Immediate,Offer annual contract incentive
8878-HMWBV,3,Month-to-month,DSL,Electronic check,49.15,169.05,No,No,78.64,1,Critical,38.65,P3 - Medium,Offer annual contract incentive
3751-KTZEL,1,Month-to-month,DSL,Mailed check,35.05,35.05,No,No,78.82,1,Critical,27.63,P3 - Medium,Offer annual contract incentive
1977-STDKI,1,Month-to-month,Fiber optic,Electronic check,73.0,73.0,No,No,87.13,1,Critical,63.6,P2 - High,Offer annual contract incentive
5813-UECBU,33,Month-to-month,Fiber optic,Credit card (automatic),83.85,2716.3,No,No,67.64,1,High,56.72,P2 - High,Offer annual contract incentive
0328-GRPMV,1,Month-to-month,Fiber optic,Electronic check,70.1,70.1,No,No,88.86,1,Critical,62.29,P2 - High,Offer annual contract incentive
4342-HENTK,2,Month-to-month,Fiber optic,Electronic check,70.65,142.35,No,No,84.83,1,Critical,59.93,P2 - High,Offer annual contract incentive
4195-SMMNX,2,Month-to-month,No,Mailed check,20.35,33.2,No internet service,No internet service,40.28,0,Medium,8.2,P4 - Monitor,Offer annual contract incentive
6956-SMUCM,3,Month-to-month,Fiber optic,Credit card (automatic),99.0,287.4,No,Yes,79.9,1,Critical,79.1,P1 - Immediate,Offer annual contract incentive
3223-WZWJM,26,Month-to-month,Fiber optic,Electronic check,83.95,2254.2,No,No,78.4,1,Critical,65.82,P2 - High,Offer annual contract incentive
9053-JZFKV,67,Two year,Fiber optic,Credit card (automatic),116.2,7752.3,Yes,Yes,31.87,0,Medium,37.03,P4 - Monitor,Review Fiber pricing/service quality
2530-ENDWQ,71,Two year,Fiber optic,Bank transfer (automatic),93.7,6585.35,No,No,42.08,0,Medium,39.43,P4 - Monitor,Offer Tech Support trial/bundle
6615-ZGEDR,1,Month-to-month,No,Mailed check,19.7,19.7,No internet service,No internet service,54.39,1,High,10.71,P3 - Medium,Offer annual contract incentive
9250-WYPLL,5,Month-to-month,Fiber optic,Electronic check,75.55,413.65,No,No,83.15,1,Critical,62.82,P2 - High,Offer annual contract incentive
2754-XBHTB,9,Month-to-month,Fiber optic,Bank transfer (automatic),77.65,714.15,No,No,83.07,1,Critical,64.5,P2 - High,Offer annual contract incentive
1597-LHYNC,26,Month-to-month,Fiber optic,Electronic check,95.0,2497.2,No,Yes,70.72,1,High,67.18,P2 - High,Offer annual contract incentive
7055-VKGDA,54,One year,Fiber optic,Credit card (automatic),105.4,5643.4,Yes,Yes,50.81,1,High,53.55,P2 - High,Review Fiber pricing/service quality
0754-UKWQP,2,Month-to-month,Fiber optic,Electronic check,95.85,197.7,No,No,89.53,1,Critical,85.81,P1 - Immediate,Offer annual contract incentive
7493-TPUWZ,1,Month-to-month,Fiber optic,Electronic check,79.15,79.15,No,No,89.14,1,Critical,70.55,P2 - High,Offer annual contract incentive
1577-HKTFG,30,Month-to-month,No,Bank transfer (automatic),19.65,655.85,No internet service,No internet service,31.83,0,Medium,6.25,P4 - Monitor,Offer annual contract incentive
8752-STIVR,4,Month-to-month,Fiber optic,Electronic check,79.0,303.15,No,No,87.58,1,Critical,69.19,P2 - High,Offer annual contract incentive
4558-FANTW,17,Month-to-month,Fiber optic,Electronic check,91.85,1574.45,Yes,Yes,73.82,1,High,67.8,P2 - High,Offer annual contract incentive
8651-ENBZX,60,One year,Fiber optic,Electronic check,106.0,6441.4,Yes,No,60.4,1,High,64.02,P2 - High,Offer Online Security bundle
7623-TRNQN,1,Month-to-month,DSL,Mailed check,49.9,49.9,Yes,No,51.04,1,High,25.47,P3 - Medium,Offer annual contract incentive
9330-IJWIO,13,Month-to-month,Fiber optic,Electronic check,100.35,1358.85,No,Yes,83.29,1,Critical,83.58,P1 - Immediate,Offer annual contract incentive
9286-DOJGF,38,Month-to-month,Fiber optic,Bank transfer (automatic),74.95,2869.85,No,No,69.23,1,High,51.89,P2 - High,Offer annual contract incentive
9661-MHUMO,1,Month-to-month,DSL,Credit card (automatic),49.25,49.25,Yes,No,58.14,1,High,28.63,P3 - Medium,Offer annual contract incentive
1842-EZJMK,50,Month-to-month,Fiber optic,Electronic check,103.7,5071.05,Yes,No,66.71,1,High,69.18,P2 - High,Offer annual contract incentive
8079-XRJRS,65,One year,Fiber optic,Electronic check,89.75,5769.6,No,Yes,42.73,0,Medium,38.35,P4 - Monitor,Offer Tech Support trial/bundle
8073-IJDCM,1,Month-to-month,No,Mailed check,20.3,20.3,No internet service,No internet service,61.81,1,High,12.55,P3 - Medium,Offer annual contract incentive
8884-ADFVN,7,Month-to-month,Fiber optic,Electronic check,101.95,700.85,No,No,91.06,1,Critical,92.84,P1 - Immediate,Offer annual contract incentive
2720-WGKHP,2,Month-to-month,Fiber optic,Electronic check,94.0,181.7,No,No,91.94,1,Critical,86.42,P1 - Immediate,Offer annual contract incentive
2869-ADAWR,45,Month-to-month,Fiber optic,Credit card (automatic),89.3,4016.85,No,No,70.64,1,High,63.08,P2 - High,Offer annual contract incentive
9894-EZEWG,1,Month-to-month,Fiber optic,Credit card (automatic),74.3,74.3,No,No,84.88,1,Critical,63.07,P2 - High,Offer annual contract incentive
7851-FLGGQ,1,Month-to-month,DSL,Mailed check,44.65,44.65,Yes,No,70.74,1,High,31.59,P3 - Medium,Offer annual contract incentive
0637-UBJRP,13,Month-to-month,Fiber optic,Electronic check,84.05,1095.3,No,Yes,68.3,1,High,57.41,P2 - High,Offer annual contract incentive
0940-OUQEC,10,Month-to-month,Fiber optic,Bank transfer (automatic),80.7,788.8,No,No,82.55,1,Critical,66.62,P2 - High,Offer annual contract incentive
0702-PGIBZ,4,Month-to-month,Fiber optic,Electronic check,101.7,364.55,No,No,89.96,1,Critical,91.49,P1 - Immediate,Offer annual contract incentive
1963-VAUKV,1,Month-to-month,No,Mailed check,20.4,20.4,No internet service,No internet service,52.4,1,High,10.69,P3 - Medium,Offer annual contract incentive
3058-HJCUY,41,One year,Fiber optic,Electronic check,102.6,4213.35,Yes,No,64.53,1,High,66.21,P2 - High,Offer Online Security bundle
3259-FDWOY,71,Two year,Fiber optic,Bank transfer (automatic),106.0,7723.7,No,No,47.32,0,Medium,50.16,P4 - Monitor,Offer Tech Support trial/bundle
0807-ZABDG,3,Month-to-month,DSL,Mailed check,55.1,154.65,Yes,Yes,51.37,1,High,28.3,P3 - Medium,Offer annual contract incentive
5748-RNCJT,69,Two year,Fiber optic,Bank transfer (automatic),106.5,7348.8,Yes,No,45.26,0,Medium,48.2,P4 - Monitor,Offer Online Security bundle
7739-LAXOG,32,Month-to-month,Fiber optic,Bank transfer (automatic),91.05,2954.5,No,No,72.49,1,High,66.0,P2 - High,Offer annual contract incentive
9776-CLUJA,51,Month-to-month,Fiber optic,Electronic check,77.5,3807.35,No,Yes,65.91,1,High,51.08,P2 - High,Offer annual contract incentive
6034-ZRYCV,72,Two year,DSL,Electronic check,54.2,3937.45,No,No,40.72,0,Medium,22.07,P4 - Monitor,Offer Tech Support trial/bundle
2079-FBMZK,6,Month-to-month,Fiber optic,Mailed check,69.25,418.4,No,No,78.0,1,Critical,54.02,P2 - High,Offer annual contract incentive
6608-QQLVK,1,Month-to-month,DSL,Electronic check,50.5,50.5,No,No,79.86,1,Critical,40.33,P3 - Medium,Offer annual contract incentive
3551-HUAZH,1,Month-to-month,Fiber optic,Electronic check,74.4,74.4,No,No,90.43,1,Critical,67.28,P2 - High,Offer annual contract incentive
6302-JGYRJ,31,One year,DSL,Mailed check,79.45,2587.7,Yes,No,42.2,0,Medium,33.53,P4 - Monitor,Offer Online Security bundle
3685-YLCMQ,58,One year,Fiber optic,Electronic check,104.65,6219.6,Yes,No,62.93,1,High,65.86,P2 - High,Offer Online Security bundle
8634-MPHTR,47,Month-to-month,Fiber optic,Electronic check,100.05,4871.05,No,No,78.59,1,Critical,78.63,P1 - Immediate,Offer annual contract incentive
8761-NSOBC,44,Month-to-month,Fiber optic,Electronic check,100.55,4398.15,Yes,No,65.61,1,High,65.97,P2 - High,Offer annual contract incentive
8413-VONUO,2,Month-to-month,Fiber optic,Electronic check,95.65,167.3,No,No,83.79,1,Critical,80.15,P1 - Immediate,Offer annual contract incentive
9223-UCPVT,1,Month-to-month,Fiber optic,Electronic check,94.4,94.4,No,No,90.83,1,Critical,85.74,P1 - Immediate,Offer annual contract incentive
4351-QLCSU,1,Month-to-month,DSL,Credit card (automatic),55.0,55.0,No,No,74.96,1,High,41.23,P3 - Medium,Offer annual contract incentive
5419-JPRRN,1,Month-to-month,Fiber optic,Electronic check,101.45,101.45,No,No,92.07,1,Critical,93.41,P1 - Immediate,Offer annual contract incentive
2100-BDNSN,5,Month-to-month,DSL,Bank transfer (automatic),67.95,350.3,Yes,No,57.8,1,High,39.28,P3 - Medium,Offer annual contract incentive
0488-GSLFR,1,Month-to-month,Fiber optic,Electronic check,69.5,69.5,No,No,89.31,1,Critical,62.07,P2 - High,Offer annual contract incentive
9318-NKNFC,1,Month-to-month,No,Mailed check,18.85,18.85,No internet service,No internet service,50.56,1,High,9.53,P3 - Medium,Offer annual contract incentive
9728-FTTVZ,1,Month-to-month,Fiber optic,Electronic check,69.2,69.2,No,No,89.01,1,Critical,61.59,P2 - High,Offer annual contract incentive
7254-IQWOZ,1,Month-to-month,Fiber optic,Electronic check,69.65,69.65,No,No,89.4,1,Critical,62.27,P2 - High,Offer annual contract incentive
2474-BRUCM,40,Month-to-month,Fiber optic,Electronic check,101.85,4086.3,No,Yes,68.8,1,High,70.07,P2 - High,Offer annual contract incentive
0742-NXBGR,1,Month-to-month,Fiber optic,Electronic check,82.3,82.3,No,No,88.32,1,Critical,72.69,P2 - High,Offer annual contract incentive
6110-OHIHY,3,Month-to-month,Fiber optic,Electronic check,79.25,267.6,No,No,85.7,1,Critical,67.92,P2 - High,Offer annual contract incentive
5889-LFOLL,13,Month-to-month,Fiber optic,Electronic check,84.6,1115.2,No,No,86.08,1,Critical,72.82,P2 - High,Offer annual contract incentive
5708-EVONK,58,Month-to-month,Fiber optic,Bank transfer (automatic),93.4,5435.6,No,Yes,54.32,1,High,50.73,P2 - High,Offer annual contract incentive
8708-XPXHZ,42,Month-to-month,Fiber optic,Electronic check,94.2,4186.3,No,No,78.55,1,Critical,73.99,P2 - High,Offer annual contract incentive
0616-ATFGB,1,Month-to-month,DSL,Electronic check,25.05,25.05,No,No,84.21,1,Critical,21.09,P3 - Medium,Offer annual contract incentive
7016-BPGEU,29,Month-to-month,DSL,Credit card (automatic),25.1,712.85,No,No,53.89,1,High,13.53,P3 - Medium,Offer annual contract incentive
6876-ADESB,1,Month-to-month,DSL,Electronic check,48.95,48.95,No,No,70.4,1,High,34.46,P3 - Medium,Offer annual contract incentive
1963-SVUCV,1,Month-to-month,DSL,Electronic check,45.3,45.3,No,No,79.27,1,Critical,35.91,P3 - Medium,Offer annual contract incentive
0220-EBGCE,2,Month-to-month,Fiber optic,Electronic check,85.85,167.3,No,No,87.29,1,Critical,74.94,P2 - High,Offer annual contract incentive
2754-VDLTR,10,Month-to-month,Fiber optic,Electronic check,95.2,930.4,No,No,85.5,1,Critical,81.4,P1 - Immediate,Offer annual contract incentive
3190-XFANI,49,One year,Fiber optic,Bank transfer (automatic),100.6,5069.65,Yes,No,50.96,1,High,51.27,P2 - High,Offer Online Security bundle
7551-DACSP,6,Month-to-month,DSL,Mailed check,55.3,324.25,No,No,35.45,0,Medium,19.6,P4 - Monitor,Offer annual contract incentive
7235-NXZCP,2,Month-to-month,Fiber optic,Mailed check,74.85,156.4,No,No,86.45,1,Critical,64.71,P2 - High,Offer annual contract incentive
0520-FDVVT,35,One year,Fiber optic,Bank transfer (automatic),102.35,3626.1,No,No,52.05,1,High,53.27,P2 - High,Offer Tech Support trial/bundle
1444-VVSGW,70,One year,Fiber optic,Credit card (automatic),115.65,7968.85,Yes,Yes,47.85,0,Medium,55.34,P4 - Monitor,Review Fiber pricing/service quality
5712-PTIWW,2,Month-to-month,Fiber optic,Electronic check,79.85,152.45,Yes,No,80.61,1,Critical,64.37,P2 - High,Offer annual contract incentive
3315-TOTBP,15,Month-to-month,Fiber optic,Mailed check,76.0,1130.85,No,No,79.4,1,Critical,60.34,P2 - High,Offer annual contract incentive
6661-HBGWL,42,Month-to-month,Fiber optic,Bank transfer (automatic),104.75,4323.45,No,No,73.67,1,High,77.17,P2 - High,Offer annual contract incentive
1518-VOWAV,9,Month-to-month,DSL,Electronic check,74.65,703.55,No,Yes,56.56,1,High,42.22,P3 - Medium,Offer annual contract incentive
5909-ECHUI,1,Month-to-month,DSL,Electronic check,56.25,56.25,No,No,76.33,1,Critical,42.94,P3 - Medium,Offer annual contract incentive
1309-BXVOQ,21,Month-to-month,Fiber optic,Electronic check,106.1,2249.95,Yes,No,76.89,1,Critical,81.58,P1 - Immediate,Offer annual contract incentive
9317-WZPGV,2,Month-to-month,Fiber optic,Bank transfer (automatic),79.75,159.4,No,No,86.88,1,Critical,69.29,P2 - High,Offer annual contract incentive
2856-HYAPG,1,Month-to-month,Fiber optic,Electronic check,68.65,68.65,No,No,86.58,1,Critical,59.44,P2 - High,Offer annual contract incentive
4488-PSYCG,16,Month-to-month,No,Bank transfer (automatic),20.25,327.45,No internet service,No internet service,33.46,0,Medium,6.78,P4 - Monitor,Offer annual contract incentive
3621-CEOVK,14,Month-to-month,Fiber optic,Electronic check,100.2,1369.8,No,No,86.29,1,Critical,86.46,P1 - Immediate,Offer annual contract incentive
6906-ANDWJ,15,Month-to-month,Fiber optic,Bank transfer (automatic),74.9,1107.25,No,No,80.26,1,Critical,60.11,P2 - High,Offer annual contract incentive
1031-IIDEO,1,Month-to-month,Fiber optic,Electronic check,70.85,70.85,No,No,88.97,1,Critical,63.04,P2 - High,Offer annual contract incentive
5832-XKAES,2,Month-to-month,Fiber optic,Credit card (automatic),69.8,134.7,No,No,80.38,1,Critical,56.11,P2 - High,Offer annual contract incentive
4701-AHWMW,55,Month-to-month,DSL,Bank transfer (automatic),54.55,2978.3,Yes,No,32.28,0,Medium,17.61,P4 - Monitor,Offer annual contract incentive
9210-IAHGH,7,Month-to-month,DSL,Credit card (automatic),70.75,450.8,Yes,No,59.8,1,High,42.31,P3 - Medium,Offer annual contract incentive
0023-XUOPT,13,Month-to-month,Fiber optic,Electronic check,94.1,1215.6,No,No,80.5,1,Critical,75.75,P1 - Immediate,Offer annual contract incentive
4592-IWTJI,3,Month-to-month,DSL,Credit card (automatic),29.7,91.7,No,Yes,60.86,1,High,18.08,P3 - Medium,Offer annual contract incentive
7632-MNYOY,66,One year,Fiber optic,Credit card (automatic),110.9,7432.05,Yes,No,53.37,1,High,59.19,P2 - High,Offer Online Security bundle
6518-LGAOV,38,Month-to-month,Fiber optic,Electronic check,105.0,4026.4,Yes,No,72.98,1,High,76.63,P2 - High,Offer annual contract incentive
7242-QZLXF,1,Month-to-month,DSL,Electronic check,25.3,25.3,No,No,69.94,1,High,17.69,P3 - Medium,Offer annual contract incentive
4576-CSAJH,22,One year,DSL,Credit card (automatic),55.15,1193.05,Yes,No,36.7,0,Medium,20.24,P4 - Monitor,Offer Online Security bundle
1000-AJSLD,1,Month-to-month,No,Mailed check,20.1,20.1,No internet service,No internet service,61.68,1,High,12.4,P3 - Medium,Offer annual contract incentive
1062-LHZOD,1,Month-to-month,Fiber optic,Mailed check,69.9,69.9,No,No,87.41,1,Critical,61.1,P2 - High,Offer annual contract incentive
9600-NAXZN,43,Month-to-month,Fiber optic,Electronic check,101.4,4528.0,No,No,78.3,1,Critical,79.4,P1 - Immediate,Offer annual contract incentive
6457-USBER,1,Month-to-month,Fiber optic,Electronic check,80.8,80.8,No,No,90.44,1,Critical,73.08,P2 - High,Offer annual contract incentive
4662-EKDPQ,2,Month-to-month,DSL,Bank transfer (automatic),62.05,118.3,No,No,70.15,1,High,43.53,P3 - Medium,Offer annual contract incentive
9248-OJYKK,1,Month-to-month,Fiber optic,Electronic check,76.45,76.45,No,No,90.95,1,Critical,69.53,P2 - High,Offer annual contract incentive
3398-FSHON,12,Month-to-month,Fiber optic,Electronic check,91.3,1094.5,No,No,87.84,1,Critical,80.2,P1 - Immediate,Offer annual contract incentive
3319-DWOEP,6,Month-to-month,Fiber optic,Electronic check,95.75,573.75,No,No,88.35,1,Critical,84.6,P1 - Immediate,Offer annual contract incentive
9259-PACGQ,34,Month-to-month,DSL,Electronic check,62.65,2274.9,Yes,Yes,37.92,0,Medium,23.76,P4 - Monitor,Offer annual contract incentive
4415-IJZTP,1,Month-to-month,Fiber optic,Electronic check,74.5,74.5,No,No,89.84,1,Critical,66.93,P2 - High,Offer annual contract incentive
1465-VINDH,10,Month-to-month,Fiber optic,Credit card (automatic),102.1,1068.85,No,No,87.88,1,Critical,89.73,P1 - Immediate,Offer annual contract incentive
2810-FTLEM,16,Month-to-month,DSL,Electronic check,50.15,762.25,No,Yes,61.5,1,High,30.84,P3 - Medium,Offer annual contract incentive
1925-TIBLE,7,Month-to-month,Fiber optic,Electronic check,86.5,582.5,No,No,89.16,1,Critical,77.12,P1 - Immediate,Offer annual contract incentive
0818-OCPZO,27,Month-to-month,Fiber optic,Electronic check,81.45,2122.05,No,No,75.79,1,Critical,61.73,P2 - High,Offer annual contract incentive
1447-GIQMR,1,Month-to-month,Fiber optic,Electronic check,69.15,69.15,No,No,89.27,1,Critical,61.73,P2 - High,Offer annual contract incentive
0872-NXJYS,9,Month-to-month,Fiber optic,Electronic check,79.55,723.4,No,No,84.5,1,Critical,67.22,P2 - High,Offer annual contract incentive
9412-ARGBX,48,Two year,Fiber optic,Mailed check,95.5,4627.85,Yes,No,32.8,0,Medium,31.32,P4 - Monitor,Offer Online Security bundle
1389-CXMLU,3,Month-to-month,Fiber optic,Electronic check,91.05,289.1,No,No,88.36,1,Critical,80.45,P1 - Immediate,Offer annual contract incentive
5561-NWEVX,2,Month-to-month,Fiber optic,Electronic check,79.2,172.85,No,No,86.41,1,Critical,68.44,P2 - High,Offer annual contract incentive
2737-WFVYW,2,Month-to-month,DSL,Electronic check,45.25,85.5,No,No,83.68,1,Critical,37.87,P3 - Medium,Offer annual contract incentive
2272-QAGFO,14,Month-to-month,Fiber optic,Electronic check,74.3,1096.25,No,No,83.33,1,Critical,61.91,P2 - High,Offer annual contract incentive
9850-OWRHQ,3,Month-to-month,Fiber optic,Credit card (automatic),74.1,228.0,No,No,86.11,1,Critical,63.81,P2 - High,Offer annual contract incentive
3768-NLUBH,57,Month-to-month,Fiber optic,Electronic check,100.6,5746.15,No,No,68.1,1,High,68.51,P2 - High,Offer annual contract incentive
8676-TRMJS,3,Month-to-month,Fiber optic,Mailed check,75.0,209.1,No,No,83.21,1,Critical,62.41,P2 - High,Offer annual contract incentive
7359-SSBJK,64,Two year,DSL,Credit card (automatic),70.2,4481.0,Yes,Yes,22.59,0,Low,15.86,P4 - Monitor,Standard retention campaign
0685-MLYYM,2,Month-to-month,Fiber optic,Electronic check,70.75,154.85,No,No,82.95,1,Critical,58.69,P2 - High,Offer annual contract incentive
8182-PNAGI,12,Month-to-month,DSL,Bank transfer (automatic),50.25,593.75,Yes,No,45.25,0,Medium,22.74,P4 - Monitor,Offer annual contract incentive
7957-RYHQD,40,Month-to-month,Fiber optic,Credit card (automatic),79.2,3233.85,No,Yes,62.88,1,High,49.8,P3 - Medium,Offer annual contract incentive
2180-DXNEG,12,Month-to-month,Fiber optic,Electronic check,96.0,1062.1,No,No,86.76,1,Critical,83.29,P1 - Immediate,Offer annual contract incentive
5515-AKOAJ,54,Month-to-month,Fiber optic,Electronic check,100.1,5440.9,Yes,No,69.58,1,High,69.65,P2 - High,Offer annual contract incentive
8976-OQHGT,4,Month-to-month,DSL,Mailed check,56.5,235.1,Yes,No,26.79,0,Medium,15.14,P4 - Monitor,Offer annual contract incentive
6230-BSUXY,1,Month-to-month,Fiber optic,Electronic check,85.0,85.0,No,No,90.48,1,Critical,76.91,P1 - Immediate,Offer annual contract incentive
5294-CDGWY,51,One year,DSL,Electronic check,59.3,3014.65,No,Yes,39.87,0,Medium,23.64,P4 - Monitor,Offer Tech Support trial/bundle
5295-PCJOO,4,Month-to-month,DSL,Electronic check,49.4,184.4,No,Yes,60.66,1,High,29.97,P3 - Medium,Offer annual contract incentive
9863-JZAIC,35,Month-to-month,DSL,Mailed check,55.0,2010.55,No,No,44.37,0,Medium,24.4,P4 - Monitor,Offer annual contract incentive
7660-HDPJV,1,Month-to-month,Fiber optic,Electronic check,69.2,69.2,No,No,89.01,1,Critical,61.59,P2 - High,Offer annual contract incentive
7931-PXHFC,38,One year,DSL,Mailed check,62.3,2354.8,Yes,No,25.48,0,Medium,15.87,P4 - Monitor,Offer Online Security bundle
3990-QYKBE,37,Month-to-month,Fiber optic,Electronic check,92.5,3473.4,No,No,79.66,1,Critical,73.69,P2 - High,Offer annual contract incentive
4919-MOAVT,3,Month-to-month,Fiber optic,Electronic check,69.65,220.1,No,No,81.03,1,Critical,56.44,P2 - High,Offer annual contract incentive
3090-HAWSU,61,Two year,Fiber optic,Credit card (automatic),111.6,6876.05,Yes,Yes,39.53,0,Medium,44.12,P4 - Monitor,Review Fiber pricing/service quality
9820-RMCQV,11,Month-to-month,DSL,Credit card (automatic),48.55,501.0,No,Yes,52.53,1,High,25.5,P3 - Medium,Offer annual contract incentive
7839-QRKXN,1,Month-to-month,No,Mailed check,20.2,20.2,No internet service,No internet service,65.65,1,High,13.26,P3 - Medium,Offer annual contract incentive
5204-QZXPU,19,Month-to-month,DSL,Electronic check,39.65,733.35,No,No,69.17,1,High,27.43,P3 - Medium,Offer annual contract incentive
4597-ELFTS,56,One year,No,Electronic check,24.9,1334.0,No internet service,No internet service,19.49,0,Low,4.85,P4 - Monitor,Promote automatic payment
8450-JOVAH,2,Month-to-month,DSL,Mailed check,56.7,113.55,No,Yes,56.05,1,High,31.78,P3 - Medium,Offer annual contract incentive
1113-IUJYX,14,One year,Fiber optic,Mailed check,105.95,1348.9,Yes,Yes,50.43,1,High,53.43,P2 - High,Review Fiber pricing/service quality
9274-CNFMO,4,Month-to-month,Fiber optic,Electronic check,74.95,308.7,No,No,85.13,1,Critical,63.8,P2 - High,Offer annual contract incentive
7758-XKCBS,15,Month-to-month,DSL,Electronic check,29.7,438.25,Yes,No,64.73,1,High,19.22,P3 - Medium,Offer annual contract incentive
8992-JQYUN,1,Month-to-month,DSL,Electronic check,50.35,50.35,No,No,84.92,1,Critical,42.76,P3 - Medium,Offer annual contract incentive
0617-AQNWT,64,Two year,DSL,Electronic check,47.85,3147.5,Yes,Yes,24.92,0,Low,11.92,P4 - Monitor,Promote automatic payment
2446-PLQVO,1,Month-to-month,Fiber optic,Electronic check,70.3,70.3,No,No,88.87,1,Critical,62.48,P2 - High,Offer annual contract incentive
3005-NFMTA,55,Month-to-month,Fiber optic,Electronic check,98.8,5617.75,No,Yes,67.75,1,High,66.94,P2 - High,Offer annual contract incentive
8784-CGILN,18,Month-to-month,Fiber optic,Bank transfer (automatic),99.85,1776.95,Yes,No,72.47,1,High,72.36,P2 - High,Offer annual contract incentive
5389-FFVKB,32,Month-to-month,Fiber optic,Credit card (automatic),80.3,2483.05,No,No,69.41,1,High,55.74,P2 - High,Offer annual contract incentive
8444-WRIDW,66,Month-to-month,Fiber optic,Credit card (automatic),80.45,5224.35,No,No,61.15,1,High,49.2,P3 - Medium,Offer annual contract incentive
9451-LPGOO,7,Month-to-month,Fiber optic,Electronic check,86.8,620.35,No,No,88.0,1,Critical,76.38,P1 - Immediate,Offer annual contract incentive
5868-YWPDW,6,Month-to-month,Fiber optic,Electronic check,84.2,519.15,No,No,85.69,1,Critical,72.15,P2 - High,Offer annual contract incentive
2025-JKFWI,13,Month-to-month,Fiber optic,Mailed check,99.0,1301.7,Yes,No,78.37,1,Critical,77.59,P1 - Immediate,Offer annual contract incentive
4078-SAYYN,11,Month-to-month,Fiber optic,Electronic check,100.75,1129.75,No,No,89.27,1,Critical,89.94,P1 - Immediate,Offer annual contract incentive
9940-HPQPG,9,Month-to-month,Fiber optic,Bank transfer (automatic),91.75,865.8,No,Yes,66.54,1,High,61.05,P2 - High,Offer annual contract incentive
6618-RYATB,1,Month-to-month,Fiber optic,Mailed check,79.55,79.55,No,No,88.8,1,Critical,70.64,P2 - High,Offer annual contract incentive
9079-YEXQJ,54,Month-to-month,Fiber optic,Electronic check,111.1,6014.85,Yes,No,64.94,1,High,72.15,P2 - High,Offer annual contract incentive
2685-SREOM,25,Month-to-month,Fiber optic,Electronic check,89.1,2368.4,No,No,78.57,1,Critical,70.01,P2 - High,Offer annual contract incentive
0402-CQAJN,37,Month-to-month,Fiber optic,Bank transfer (automatic),101.9,3545.35,No,No,73.43,1,High,74.83,P2 - High,Offer annual contract incentive
6692-UDPJC,14,Month-to-month,Fiber optic,Electronic check,91.65,1301.0,Yes,No,52.14,1,High,47.79,P3 - Medium,Offer annual contract incentive
1273-MTETI,4,Month-to-month,Fiber optic,Electronic check,88.85,372.45,No,No,90.06,1,Critical,80.02,P1 - Immediate,Offer annual contract incentive
5480-HPRRX,3,Month-to-month,DSL,Electronic check,25.3,77.75,No,No,82.78,1,Critical,20.94,P3 - Medium,Offer annual contract incentive
0295-PPHDO,1,Month-to-month,Fiber optic,Electronic check,95.45,95.45,No,No,92.76,1,Critical,88.54,P1 - Immediate,Offer annual contract incentive
1195-OIYEJ,13,Month-to-month,Fiber optic,Electronic check,91.1,1135.7,No,No,85.97,1,Critical,78.32,P1 - Immediate,Offer annual contract incentive
5906-CVLHP,45,One year,DSL,Credit card (automatic),54.15,2319.8,Yes,No,18.16,0,Low,9.83,P4 - Monitor,Offer Online Security bundle
4501-EQDRN,1,Month-to-month,Fiber optic,Bank transfer (automatic),69.7,69.7,No,No,85.02,1,Critical,59.26,P2 - High,Offer annual contract incentive
2990-HWIML,6,Month-to-month,Fiber optic,Electronic check,89.5,573.3,No,No,88.88,1,Critical,79.55,P1 - Immediate,Offer annual contract incentive
7384-GHBPI,3,Month-to-month,DSL,Electronic check,35.15,99.75,No,No,82.68,1,Critical,29.06,P3 - Medium,Offer annual contract incentive
7603-USHJS,12,Month-to-month,Fiber optic,Credit card (automatic),73.75,871.4,No,No,61.32,1,High,45.22,P3 - Medium,Offer annual contract incentive
7234-FECYN,8,Month-to-month,Fiber optic,Electronic check,101.35,780.5,No,No,89.21,1,Critical,90.41,P1 - Immediate,Offer annual contract incentive
5876-HZVZM,6,Month-to-month,DSL,Credit card (automatic),55.9,365.35,No,Yes,27.98,0,Medium,15.64,P4 - Monitor,Offer annual contract incentive
1400-MMYXY,3,Month-to-month,Fiber optic,Electronic check,105.9,334.65,No,No,90.12,1,Critical,95.44,P1 - Immediate,Offer annual contract incentive
3085-QUOZK,1,Month-to-month,DSL,Mailed check,43.95,43.95,No,No,73.3,1,High,32.22,P3 - Medium,Offer annual contract incentive
3926-CUQZX,1,Month-to-month,DSL,Bank transfer (automatic),45.1,45.1,No,No,73.39,1,High,33.1,P3 - Medium,Offer annual contract incentive
1041-RXHRA,41,Month-to-month,Fiber optic,Bank transfer (automatic),70.25,2868.05,No,No,59.65,1,High,41.9,P3 - Medium,Offer annual contract incentive
1750-CSKKM,9,Month-to-month,DSL,Electronic check,55.35,449.75,No,No,51.77,1,High,28.65,P3 - Medium,Offer annual contract incentive
7142-HVGBG,43,Month-to-month,Fiber optic,Electronic check,103.0,4414.3,No,No,77.74,1,Critical,80.07,P1 - Immediate,Offer annual contract incentive
8267-ZNYVZ,33,One year,Fiber optic,Electronic check,103.75,3361.05,Yes,Yes,57.97,1,High,60.14,P2 - High,Promote automatic payment
6457-GIRWB,1,Month-to-month,Fiber optic,Electronic check,69.35,69.35,No,No,89.3,1,Critical,61.93,P2 - High,Offer annual contract incentive
1450-SKCVI,56,Month-to-month,Fiber optic,Electronic check,73.85,4092.85,No,No,68.71,1,High,50.74,P2 - High,Offer annual contract incentive
5570-PTWEH,3,Month-to-month,Fiber optic,Credit card (automatic),75.15,216.75,No,No,86.4,1,Critical,64.93,P2 - High,Offer annual contract incentive
6502-MJQAE,1,Month-to-month,Fiber optic,Electronic check,69.6,69.6,No,No,89.4,1,Critical,62.22,P2 - High,Offer annual contract incentive
7693-LCKZL,5,Month-to-month,Fiber optic,Electronic check,80.15,385.0,No,No,58.5,1,High,46.89,P3 - Medium,Offer annual contract incentive
0032-PGELS,1,Month-to-month,DSL,Bank transfer (automatic),30.5,30.5,No,Yes,64.62,1,High,19.71,P3 - Medium,Offer annual contract incentive
6797-LNAQX,70,Two year,Fiber optic,Bank transfer (automatic),98.3,6859.5,No,No,39.82,0,Medium,39.14,P4 - Monitor,Offer Tech Support trial/bundle
6394-MFYNG,48,Month-to-month,Fiber optic,Bank transfer (automatic),107.4,5121.3,No,No,71.06,1,High,76.32,P2 - High,Offer annual contract incentive
1564-NTYXF,13,Month-to-month,Fiber optic,Electronic check,82.0,1127.2,No,No,86.56,1,Critical,70.98,P2 - High,Offer annual contract incentive
8155-IBNHG,24,Month-to-month,Fiber optic,Credit card (automatic),75.4,1747.85,No,No,71.25,1,High,53.72,P2 - High,Offer annual contract incentive
0886-QGENL,27,Month-to-month,Fiber optic,Electronic check,101.25,2754.45,No,Yes,72.2,1,High,73.1,P2 - High,Offer annual contract incentive
8739-WWKDU,25,Month-to-month,Fiber optic,Electronic check,89.5,2196.15,No,No,79.23,1,Critical,70.91,P2 - High,Offer annual contract incentive
8685-WHQPW,22,Month-to-month,Fiber optic,Bank transfer (automatic),74.4,1692.6,No,No,70.0,1,High,52.08,P2 - High,Offer annual contract incentive
4745-LSPLO,1,Month-to-month,No,Mailed check,20.5,20.5,No internet service,No internet service,48.89,0,Medium,10.02,P4 - Monitor,Offer annual contract incentive
8083-YTZES,4,Month-to-month,Fiber optic,Electronic check,74.35,265.35,No,No,86.43,1,Critical,64.26,P2 - High,Offer annual contract incentive
7240-FQLHE,18,Month-to-month,Fiber optic,Bank transfer (automatic),99.75,1836.25,Yes,No,73.07,1,High,72.89,P2 - High,Offer annual contract incentive
6664-FPDAC,56,One year,Fiber optic,Electronic check,111.95,6418.9,Yes,No,58.48,1,High,65.47,P2 - High,Offer Online Security bundle
0786-VSSUD,16,Month-to-month,DSL,Mailed check,39.0,679.85,No,No,61.33,1,High,23.92,P3 - Medium,Offer annual contract incentive
3976-BWUCK,30,Month-to-month,Fiber optic,Credit card (automatic),94.1,2804.45,Yes,No,61.01,1,High,57.41,P2 - High,Offer annual contract incentive
3585-ISXZP,8,Month-to-month,Fiber optic,Bank transfer (automatic),95.65,778.1,No,No,86.33,1,Critical,82.57,P1 - Immediate,Offer annual contract incentive
6583-QGCSI,50,Month-to-month,Fiber optic,Electronic check,88.05,4367.35,No,No,76.06,1,Critical,66.97,P2 - High,Offer annual contract incentive
4174-LPGTI,41,One year,DSL,Bank transfer (automatic),66.5,2728.6,Yes,No,19.58,0,Low,13.02,P4 - Monitor,Offer Online Security bundle
2108-XWMPY,3,Month-to-month,DSL,Mailed check,35.45,106.85,No,Yes,68.31,1,High,24.22,P3 - Medium,Offer annual contract incentive
6304-IJFSQ,3,Month-to-month,DSL,Mailed check,49.9,130.1,No,No,73.04,1,High,36.45,P3 - Medium,Offer annual contract incentive
0093-XWZFY,40,Month-to-month,Fiber optic,Credit card (automatic),104.5,4036.85,No,No,74.24,1,High,77.58,P2 - High,Offer annual contract incentive
1980-KXVPM,3,Month-to-month,Fiber optic,Credit card (automatic),75.05,256.25,No,No,85.82,1,Critical,64.41,P2 - High,Offer annual contract incentive
7703-ZEKEF,23,Month-to-month,Fiber optic,Electronic check,81.0,1917.1,No,No,76.06,1,Critical,61.61,P2 - High,Offer annual contract incentive
0723-DRCLG,1,Month-to-month,Fiber optic,Electronic check,74.45,74.45,No,No,90.41,1,Critical,67.31,P2 - High,Offer annual contract incentive
5482-NUPNA,4,Month-to-month,DSL,Mailed check,60.4,272.15,Yes,Yes,55.22,1,High,33.35,P3 - Medium,Offer annual contract incentive
1122-JWTJW,1,Month-to-month,Fiber optic,Mailed check,70.65,70.65,No,No,64.66,1,High,45.68,P3 - Medium,Offer annual contract incentive
1699-HPSBG,12,One year,DSL,Electronic check,59.8,727.8,Yes,No,46.72,0,Medium,27.94,P4 - Monitor,Offer Online Security bundle
8775-CEBBJ,9,Month-to-month,DSL,Bank transfer (automatic),44.2,403.35,No,No,61.63,1,High,27.24,P3 - Medium,Offer annual contract incentive
6894-LFHLY,1,Month-to-month,Fiber optic,Electronic check,75.75,75.75,No,No,90.95,1,Critical,68.89,P2 - High,Offer annual contract incentive
0639-TSIQW,67,Month-to-month,Fiber optic,Credit card (automatic),102.95,6886.25,No,Yes,53.84,1,High,55.43,P2 - High,Offer annual contract incentive
8361-LTMKD,4,Month-to-month,Fiber optic,Mailed check,74.4,306.6,No,No,87.2,1,Critical,64.88,P2 - High,Offer annual contract incentive
7590-VHVEG,1,Month-to-month,DSL,Electronic check,29.85,29.85,No,No,75.21,1,Critical,22.45,P3 - Medium,Offer annual contract incentive
5575-GNVDE,34,One year,DSL,Mailed check,56.95,1889.5,No,Yes,13.49,0,Low,7.68,P4 - Monitor,Offer Tech Support trial/bundle
7795-CFOCW,45,One year,DSL,Bank transfer (automatic),42.3,1840.75,Yes,Yes,11.06,0,Low,4.68,P4 - Monitor,Standard retention campaign
1452-KIOVK,22,Month-to-month,Fiber optic,Credit card (automatic),89.1,1949.4,No,No,37.28,0,Medium,33.22,P4 - Monitor,Offer annual contract incentive
6713-OKOMC,10,Month-to-month,DSL,Mailed check,29.75,301.9,No,Yes,53.63,1,High,15.95,P3 - Medium,Offer annual contract incentive
6388-TABGU,62,One year,DSL,Bank transfer (automatic),56.15,3487.95,No,Yes,11.46,0,Low,6.43,P4 - Monitor,Offer Tech Support trial/bundle
9763-GRSKD,13,Month-to-month,DSL,Mailed check,49.95,587.45,No,Yes,28.79,0,Medium,14.38,P4 - Monitor,Offer annual contract incentive
7469-LKBCI,16,Two year,No,Credit card (automatic),18.95,326.8,No internet service,No internet service,7.76,0,Low,1.47,P4 - Monitor,Standard retention campaign
8091-TTVAX,58,One year,Fiber optic,Credit card (automatic),100.35,5681.1,No,No,44.59,0,Medium,44.75,P4 - Monitor,Offer Tech Support trial/bundle
5129-JLPIS,25,Month-to-month,Fiber optic,Electronic check,105.5,2686.05,Yes,Yes,64.16,1,High,67.69,P2 - High,Offer annual contract incentive
3655-SNQYZ,69,Two year,Fiber optic,Credit card (automatic),113.25,7895.15,Yes,Yes,19.91,0,Low,22.55,P4 - Monitor,Review Fiber pricing/service quality
8191-XWSZG,52,One year,No,Mailed check,20.65,1022.95,No internet service,No internet service,5.66,0,Low,1.17,P4 - Monitor,Standard retention campaign
9959-WOFKT,71,Two year,Fiber optic,Bank transfer (automatic),106.7,7382.25,No,Yes,28.63,0,Medium,30.55,P4 - Monitor,Offer Tech Support trial/bundle
4183-MYFRB,21,Month-to-month,Fiber optic,Electronic check,90.05,1862.9,No,No,74.25,1,High,66.86,P2 - High,Offer annual contract incentive
1680-VDCWW,12,One year,No,Bank transfer (automatic),19.8,202.25,No internet service,No internet service,15.72,0,Low,3.11,P4 - Monitor,Standard retention campaign
3638-WEABW,58,Two year,DSL,Credit card (automatic),59.9,3505.1,Yes,No,7.16,0,Low,4.29,P4 - Monitor,Offer Online Security bundle
6322-HRPFA,49,Month-to-month,DSL,Credit card (automatic),59.6,2970.3,Yes,Yes,14.38,0,Low,8.57,P4 - Monitor,Offer annual contract incentive
6865-JZNKO,30,Month-to-month,DSL,Bank transfer (automatic),55.3,1530.6,No,Yes,34.52,0,Medium,19.09,P4 - Monitor,Offer annual contract incentive
5248-YGIJN,72,Two year,DSL,Credit card (automatic),90.25,6369.45,Yes,Yes,4.9,0,Low,4.42,P4 - Monitor,Standard retention campaign
3841-NFECX,71,Two year,Fiber optic,Credit card (automatic),96.35,6766.95,Yes,Yes,12.34,0,Low,11.89,P4 - Monitor,Review Fiber pricing/service quality
4929-XIHVW,2,Month-to-month,Fiber optic,Credit card (automatic),95.5,181.65,No,No,85.94,1,Critical,82.07,P1 - Immediate,Offer annual contract incentive
6827-IEAUQ,27,One year,DSL,Mailed check,66.15,1874.45,Yes,Yes,15.01,0,Low,9.93,P4 - Monitor,Standard retention campaign
7310-EGVHZ,1,Month-to-month,No,Bank transfer (automatic),20.2,20.2,No internet service,No internet service,49.01,0,Medium,9.9,P4 - Monitor,Offer annual contract incentive
3413-BMNZE,1,Month-to-month,DSL,Bank transfer (automatic),45.25,45.25,No,No,75.55,1,Critical,34.19,P3 - Medium,Offer annual contract incentive
6234-RAAPL,72,Two year,Fiber optic,Bank transfer (automatic),99.9,7251.7,Yes,Yes,15.43,0,Low,15.41,P4 - Monitor,Review Fiber pricing/service quality
6572-ADKRS,46,Month-to-month,Fiber optic,Credit card (automatic),74.8,3548.3,No,No,61.77,1,High,46.2,P3 - Medium,Offer annual contract incentive
8865-TNMNX,10,One year,DSL,Mailed check,49.55,475.7,No,No,35.52,0,Medium,17.6,P4 - Monitor,Offer Tech Support trial/bundle
9489-DEDVP,70,Two year,DSL,Credit card (automatic),69.2,4872.35,No,Yes,8.37,0,Low,5.79,P4 - Monitor,Offer Tech Support trial/bundle
9867-JCZSP,17,One year,No,Mailed check,20.75,418.25,No internet service,No internet service,8.15,0,Low,1.69,P4 - Monitor,Standard retention campaign
4671-VJLCL,63,Two year,DSL,Credit card (automatic),79.85,4861.45,Yes,Yes,8.36,0,Low,6.68,P4 - Monitor,Standard retention campaign
4080-IIARD,13,Month-to-month,DSL,Electronic check,76.2,981.45,Yes,Yes,45.7,0,Medium,34.82,P4 - Monitor,Offer annual contract incentive
3714-NTNFO,49,Month-to-month,Fiber optic,Electronic check,84.5,3906.7,No,No,76.3,1,Critical,64.47,P2 - High,Offer annual contract incentive
5948-UJZLF,2,Month-to-month,DSL,Mailed check,49.25,97.0,No,No,71.18,1,High,35.06,P3 - Medium,Offer annual contract incentive
7639-LIAYI,52,Two year,DSL,Credit card (automatic),79.75,4217.8,Yes,Yes,10.38,0,Low,8.28,P4 - Monitor,Standard retention campaign
2954-PIBKO,69,Two year,DSL,Credit card (automatic),64.15,4254.1,Yes,Yes,11.24,0,Low,7.21,P4 - Monitor,Standard retention campaign
8012-SOUDQ,43,Month-to-month,Fiber optic,Electronic check,90.25,3838.75,No,No,75.93,1,Critical,68.53,P2 - High,Offer annual contract incentive
6575-SUVOI,25,Month-to-month,DSL,Credit card (automatic),69.5,1752.65,Yes,Yes,31.85,0,Medium,22.14,P4 - Monitor,Offer annual contract incentive
4667-QONEA,60,One year,DSL,Credit card (automatic),74.85,4456.35,Yes,Yes,21.1,0,Low,15.79,P4 - Monitor,Standard retention campaign
8769-KKTPH,63,One year,Fiber optic,Credit card (automatic),99.65,6311.2,No,Yes,38.13,0,Medium,38.0,P4 - Monitor,Offer Tech Support trial/bundle
5067-XJQFU,66,One year,Fiber optic,Electronic check,108.45,7076.35,Yes,No,56.84,1,High,61.64,P2 - High,Offer Online Security bundle
3957-SQXML,34,Two year,No,Credit card (automatic),24.95,894.3,No internet service,No internet service,9.42,0,Low,2.35,P4 - Monitor,Standard retention campaign
5954-BDFSG,72,Two year,Fiber optic,Credit card (automatic),107.5,7853.7,Yes,No,25.54,0,Medium,27.46,P4 - Monitor,Offer Online Security bundle
0434-CSFON,47,Month-to-month,Fiber optic,Electronic check,100.5,4707.1,No,No,77.47,1,Critical,77.86,P1 - Immediate,Offer annual contract incentive
1215-FIGMP,60,Month-to-month,Fiber optic,Bank transfer (automatic),89.9,5450.7,No,No,62.25,1,High,55.96,P2 - High,Offer annual contract incentive
0526-SXDJP,72,Two year,DSL,Bank transfer (automatic),42.1,2962.0,No,Yes,7.54,0,Low,3.17,P4 - Monitor,Offer Tech Support trial/bundle
0557-ASKVU,18,One year,DSL,Credit card (automatic),54.4,957.1,Yes,No,29.51,0,Medium,16.05,P4 - Monitor,Offer Online Security bundle
5122-CYFXA,3,Month-to-month,DSL,Electronic check,75.3,244.1,Yes,No,60.54,1,High,45.59,P3 - Medium,Offer annual contract incentive
8627-ZYGSZ,47,One year,Fiber optic,Electronic check,78.9,3650.35,No,No,40.07,0,Medium,31.62,P4 - Monitor,Offer Tech Support trial/bundle
3410-YOQBQ,31,Two year,DSL,Mailed check,79.2,2497.2,Yes,No,12.46,0,Low,9.87,P4 - Monitor,Offer Online Security bundle
3170-NMYVV,50,Two year,No,Bank transfer (automatic),20.15,930.9,No internet service,No internet service,5.41,0,Low,1.09,P4 - Monitor,Standard retention campaign
7410-OIEDU,10,Month-to-month,Fiber optic,Mailed check,79.85,887.35,No,Yes,61.24,1,High,48.9,P3 - Medium,Offer annual contract incentive
2273-QCKXA,1,Month-to-month,DSL,Mailed check,49.05,49.05,Yes,No,61.79,1,High,30.31,P3 - Medium,Offer annual contract incentive
0731-EBJQB,52,One year,No,Electronic check,20.4,1090.65,No internet service,No internet service,7.03,0,Low,1.43,P4 - Monitor,Promote automatic payment
1891-QRQSA,64,Two year,Fiber optic,Bank transfer (automatic),111.6,7099.0,Yes,Yes,30.92,0,Medium,34.51,P4 - Monitor,Review Fiber pricing/service quality
8028-PNXHQ,62,Two year,No,Bank transfer (automatic),24.25,1424.6,No internet service,No internet service,4.56,0,Low,1.11,P4 - Monitor,Standard retention campaign
5630-AHZIL,3,Month-to-month,DSL,Bank transfer (automatic),64.5,177.4,Yes,Yes,43.66,0,Medium,28.16,P4 - Monitor,Offer annual contract incentive
2673-CXQEU,56,One year,Fiber optic,Electronic check,110.5,6139.5,No,Yes,45.56,0,Medium,50.34,P4 - Monitor,Offer Tech Support trial/bundle
6416-JNVRK,46,One year,DSL,Credit card (automatic),55.65,2688.85,No,No,26.0,0,Medium,14.47,P4 - Monitor,Offer Tech Support trial/bundle
5590-ZSKRV,8,Month-to-month,DSL,Mailed check,54.65,482.25,No,Yes,25.68,0,Medium,14.03,P4 - Monitor,Offer annual contract incentive
0191-ZHSKZ,30,Month-to-month,DSL,Electronic check,74.75,2111.3,No,Yes,44.32,0,Medium,33.13,P4 - Monitor,Offer annual contract incentive
3887-PBQAO,45,One year,No,Credit card (automatic),25.9,1216.6,No internet service,No internet service,10.2,0,Low,2.64,P4 - Monitor,Standard retention campaign
8108-UXRQN,11,Month-to-month,DSL,Electronic check,50.55,565.35,No,Yes,35.6,0,Medium,18.0,P4 - Monitor,Offer annual contract incentive
9919-YLNNG,42,Month-to-month,Fiber optic,Bank transfer (automatic),103.8,4327.5,Yes,No,60.36,1,High,62.65,P2 - High,Offer annual contract incentive
0318-ZOPWS,49,Two year,No,Bank transfer (automatic),20.15,973.35,No internet service,No internet service,5.96,0,Low,1.2,P4 - Monitor,Standard retention campaign
4445-ZJNMU,9,Month-to-month,Fiber optic,Credit card (automatic),99.3,918.75,No,No,86.82,1,Critical,86.21,P1 - Immediate,Offer annual contract incentive
4808-YNLEU,35,One year,DSL,Bank transfer (automatic),62.15,2215.45,No,Yes,12.95,0,Low,8.05,P4 - Monitor,Offer Tech Support trial/bundle
1862-QRWPE,48,Two year,No,Bank transfer (automatic),20.65,1057.0,No internet service,No internet service,6.31,0,Low,1.3,P4 - Monitor,Standard retention campaign
2796-NNUFI,46,Two year,No,Mailed check,19.95,927.1,No internet service,No internet service,5.89,0,Low,1.18,P4 - Monitor,Standard retention campaign
3016-KSVCP,29,Month-to-month,DSL,Mailed check,33.75,1009.25,No,No,50.53,1,High,17.05,P3 - Medium,Offer annual contract incentive
4767-HZZHQ,30,Month-to-month,Fiber optic,Bank transfer (automatic),82.05,2570.2,No,No,17.11,0,Low,14.04,P4 - Monitor,Offer annual contract incentive
2424-WVHPL,1,Month-to-month,Fiber optic,Electronic check,74.7,74.7,Yes,No,71.36,1,High,53.31,P2 - High,Offer annual contract incentive
7233-PAHHL,66,Two year,DSL,Mailed check,84.0,5714.25,Yes,Yes,8.4,0,Low,7.06,P4 - Monitor,Standard retention campaign
6067-NGCEU,65,Month-to-month,Fiber optic,Credit card (automatic),111.05,7107.0,No,Yes,46.91,0,Medium,52.09,P4 - Monitor,Offer annual contract incentive
9848-JQJTX,72,Two year,Fiber optic,Bank transfer (automatic),100.9,7459.05,No,No,34.38,0,Medium,34.69,P4 - Monitor,Offer Tech Support trial/bundle
9803-FTJCG,71,One year,DSL,Credit card (automatic),66.85,4748.7,Yes,Yes,13.66,0,Low,9.13,P4 - Monitor,Standard retention campaign
3212-KXOCR,52,Two year,No,Bank transfer (automatic),21.0,1107.2,No internet service,No internet service,7.3,0,Low,1.53,P4 - Monitor,Standard retention campaign
6380-ARCEH,1,Month-to-month,No,Mailed check,20.2,20.2,No internet service,No internet service,54.42,1,High,10.99,P3 - Medium,Offer annual contract incentive
3679-XASPY,1,Month-to-month,No,Electronic check,19.45,19.45,No internet service,No internet service,52.23,1,High,10.16,P3 - Medium,Offer annual contract incentive
7123-WQUHX,38,One year,Fiber optic,Bank transfer (automatic),95.0,3605.6,Yes,No,29.0,0,Medium,27.55,P4 - Monitor,Offer Online Security bundle
5386-THSLQ,66,One year,DSL,Bank transfer (automatic),45.55,3027.25,No,No,26.08,0,Medium,11.88,P4 - Monitor,Offer Tech Support trial/bundle
6180-YBIQI,5,Month-to-month,DSL,Mailed check,24.3,100.2,No,No,74.14,1,High,18.02,P3 - Medium,Offer annual contract incentive
6728-DKUCO,72,One year,Fiber optic,Electronic check,104.15,7303.05,No,Yes,36.73,0,Medium,38.25,P4 - Monitor,Offer Tech Support trial/bundle
9750-BOOHV,32,One year,DSL,Mailed check,30.15,927.65,No,Yes,17.52,0,Low,5.28,P4 - Monitor,Offer Tech Support trial/bundle
8597-CWYHH,43,One year,Fiber optic,Mailed check,94.35,3921.3,No,No,43.36,0,Medium,40.91,P4 - Monitor,Offer Tech Support trial/bundle
2848-YXSMW,72,Two year,No,Credit card (automatic),19.4,1363.25,No internet service,No internet service,3.18,0,Low,0.62,P4 - Monitor,Standard retention campaign
4549-ZDQYY,52,One year,DSL,Credit card (automatic),57.95,3042.25,Yes,Yes,12.92,0,Low,7.49,P4 - Monitor,Standard retention campaign
5712-AHQNN,43,Month-to-month,Fiber optic,Electronic check,91.65,3954.1,No,No,70.31,1,High,64.44,P2 - High,Offer annual contract incentive
5256-SKJGO,64,Two year,DSL,Electronic check,54.6,3423.5,Yes,No,20.13,0,Low,10.99,P4 - Monitor,Offer Online Security bundle
3071-VBYPO,3,Month-to-month,Fiber optic,Electronic check,89.85,248.4,No,Yes,36.71,0,Medium,32.98,P4 - Monitor,Offer annual contract incentive
9560-BBZXK,36,Two year,DSL,Bank transfer (automatic),31.05,1126.35,No,Yes,12.89,0,Low,4.0,P4 - Monitor,Offer Tech Support trial/bundle
8402-OOOHJ,41,Two year,No,Mailed check,20.65,835.15,No internet service,No internet service,3.83,0,Low,0.79,P4 - Monitor,Standard retention campaign
9445-ZUEQE,27,Month-to-month,Fiber optic,Credit card (automatic),85.2,2151.6,Yes,No,15.58,0,Low,13.27,P4 - Monitor,Offer annual contract incentive
1091-SOZGA,56,One year,Fiber optic,Credit card (automatic),99.8,5515.45,No,No,49.0,0,Medium,48.9,P4 - Monitor,Offer Tech Support trial/bundle
2928-HLDBA,6,Month-to-month,No,Mailed check,20.7,112.75,No internet service,No internet service,30.17,0,Medium,6.25,P4 - Monitor,Offer annual contract incentive
6497-TILVL,7,Month-to-month,DSL,Mailed check,50.7,350.35,No,Yes,35.16,0,Medium,17.83,P4 - Monitor,Offer annual contract incentive
7219-TLZHO,4,Month-to-month,No,Mailed check,20.85,62.9,No internet service,No internet service,19.66,0,Low,4.1,P4 - Monitor,Offer annual contract incentive
4622-YNKIJ,33,Two year,Fiber optic,Electronic check,88.95,3027.65,Yes,Yes,23.78,0,Low,21.15,P4 - Monitor,Promote automatic payment
6734-PSBAW,72,Two year,No,Bank transfer (automatic),23.55,1723.95,No internet service,No internet service,3.37,0,Low,0.79,P4 - Monitor,Standard retention campaign
3930-ZGWVE,1,Month-to-month,No,Mailed check,19.75,19.75,No internet service,No internet service,54.26,1,High,10.72,P3 - Medium,Offer annual contract incentive
2639-UGMAZ,71,One year,DSL,Electronic check,56.45,3985.35,No,Yes,31.99,0,Medium,18.06,P4 - Monitor,Offer Tech Support trial/bundle
2876-GZYZC,13,Month-to-month,Fiber optic,Electronic check,85.95,1215.65,No,No,84.12,1,Critical,72.3,P2 - High,Offer annual contract incentive
8587-XYZSF,67,Two year,DSL,Bank transfer (automatic),50.55,3260.1,Yes,No,9.54,0,Low,4.82,P4 - Monitor,Offer Online Security bundle
7799-LGRDP,43,Two year,No,Credit card (automatic),25.7,1188.2,No internet service,No internet service,9.78,0,Low,2.51,P4 - Monitor,Standard retention campaign
7850-VWJUU,23,Month-to-month,Fiber optic,Bank transfer (automatic),75.0,1778.5,No,Yes,59.62,1,High,44.72,P3 - Medium,Offer annual contract incentive
3774-VBNXY,64,Two year,No,Mailed check,20.2,1277.75,No internet service,No internet service,3.75,0,Low,0.76,P4 - Monitor,Standard retention campaign
6217-KDYWC,57,Two year,No,Mailed check,19.6,1170.55,No internet service,No internet service,6.96,0,Low,1.36,P4 - Monitor,Standard retention campaign
3146-MSEGF,72,Two year,DSL,Credit card (automatic),88.05,6425.65,Yes,Yes,10.45,0,Low,9.2,P4 - Monitor,Standard retention campaign
1095-WGNGG,61,Two year,Fiber optic,Bank transfer (automatic),101.05,5971.25,No,No,36.37,0,Medium,36.75,P4 - Monitor,Offer Tech Support trial/bundle
2636-SJDOU,64,One year,Fiber optic,Credit card (automatic),84.3,5289.05,No,Yes,22.45,0,Low,18.93,P4 - Monitor,Offer Tech Support trial/bundle
1131-QQZEB,71,Two year,No,Bank transfer (automatic),23.95,1756.2,No internet service,No internet service,2.66,0,Low,0.64,P4 - Monitor,Standard retention campaign
5716-EZXZN,65,Two year,Fiber optic,Credit card (automatic),99.05,6416.7,Yes,Yes,18.27,0,Low,18.1,P4 - Monitor,Review Fiber pricing/service quality
6837-BJYDQ,3,One year,No,Mailed check,19.6,61.35,No internet service,No internet service,9.38,0,Low,1.84,P4 - Monitor,Standard retention campaign
6440-DKQGE,30,One year,DSL,Credit card (automatic),64.5,1929.95,No,No,21.1,0,Low,13.61,P4 - Monitor,Offer Tech Support trial/bundle
3466-BYAVD,15,Month-to-month,DSL,Mailed check,69.5,1071.4,Yes,No,20.41,0,Low,14.18,P4 - Monitor,Offer annual contract incentive
3780-YVMFA,8,Month-to-month,DSL,Electronic check,68.55,564.35,Yes,No,39.49,0,Medium,27.07,P4 - Monitor,Offer annual contract incentive
1679-JRFBR,70,One year,Fiber optic,Credit card (automatic),108.15,7930.55,No,Yes,36.41,0,Medium,39.38,P4 - Monitor,Offer Tech Support trial/bundle
9073-ZZIAY,62,Two year,DSL,Electronic check,86.1,5215.25,Yes,Yes,10.04,0,Low,8.64,P4 - Monitor,Promote automatic payment
3077-RSNTJ,6,Month-to-month,No,Mailed check,19.7,113.5,No internet service,No internet service,16.94,0,Low,3.34,P4 - Monitor,Offer annual contract incentive
6551-GNYDG,14,Month-to-month,Fiber optic,Bank transfer (automatic),80.9,1152.8,No,No,39.29,0,Medium,31.79,P4 - Monitor,Offer annual contract incentive
9167-APMXZ,22,Month-to-month,Fiber optic,Bank transfer (automatic),84.15,1821.95,No,No,72.19,1,High,60.75,P2 - High,Offer annual contract incentive
2749-CTKAJ,22,One year,No,Mailed check,20.15,419.9,No internet service,No internet service,5.55,0,Low,1.12,P4 - Monitor,Standard retention campaign
6371-NZYEG,16,Two year,DSL,Mailed check,64.25,1024.0,No,Yes,14.71,0,Low,9.45,P4 - Monitor,Offer Tech Support trial/bundle
7554-NEWDD,10,Two year,No,Bank transfer (automatic),25.7,251.6,No internet service,No internet service,13.51,0,Low,3.47,P4 - Monitor,Standard retention campaign
8992-VONJD,13,Month-to-month,DSL,Electronic check,56.0,764.55,No,Yes,36.34,0,Medium,20.35,P4 - Monitor,Offer annual contract incentive
4482-EWFMI,2,Month-to-month,Fiber optic,Electronic check,69.7,135.2,No,No,84.83,1,Critical,59.13,P2 - High,Offer annual contract incentive
4648-YPBTM,53,Two year,DSL,Bank transfer (automatic),73.9,3958.25,Yes,No,7.15,0,Low,5.28,P4 - Monitor,Offer Online Security bundle
2907-ILJBN,11,One year,No,Mailed check,20.6,233.9,No internet service,No internet service,13.15,0,Low,2.71,P4 - Monitor,Standard retention campaign
6345-FZOQH,69,Two year,No,Mailed check,19.9,1363.45,No internet service,No internet service,4.12,0,Low,0.82,P4 - Monitor,Standard retention campaign
5997-OPVFA,72,Two year,DSL,Bank transfer (automatic),89.05,6254.45,Yes,Yes,4.23,0,Low,3.77,P4 - Monitor,Standard retention campaign
1159-WFSGR,16,Month-to-month,No,Electronic check,20.4,321.4,No internet service,No internet service,17.45,0,Low,3.56,P4 - Monitor,Offer annual contract incentive
7654-YWJUF,43,One year,Fiber optic,Bank transfer (automatic),84.25,3539.25,Yes,Yes,22.2,0,Low,18.7,P4 - Monitor,Review Fiber pricing/service quality
6727-IOTLZ,14,Two year,DSL,Mailed check,81.95,1181.75,Yes,No,15.93,0,Low,13.05,P4 - Monitor,Offer Online Security bundle
5918-VUKWP,32,One year,No,Bank transfer (automatic),20.55,654.55,No internet service,No internet service,8.82,0,Low,1.81,P4 - Monitor,Standard retention campaign
1744-JHKYS,34,Month-to-month,No,Electronic check,24.7,780.2,No internet service,No internet service,21.41,0,Low,5.29,P4 - Monitor,Offer annual contract incentive
5947-SGKCL,15,Month-to-month,Fiber optic,Bank transfer (automatic),105.35,1559.25,No,No,38.82,0,Medium,40.9,P4 - Monitor,Offer annual contract incentive
3712-PKXZA,61,One year,No,Credit card (automatic),20.55,1252.0,No internet service,No internet service,5.33,0,Low,1.1,P4 - Monitor,Standard retention campaign
6582-OIVSP,1,Month-to-month,DSL,Mailed check,45.3,45.3,No,No,75.62,1,Critical,34.26,P3 - Medium,Offer annual contract incentive
5524-KHNJP,33,One year,DSL,Credit card (automatic),74.75,2453.3,No,Yes,24.97,0,Low,18.67,P4 - Monitor,Offer Tech Support trial/bundle
4827-USJHP,20,Month-to-month,DSL,Mailed check,51.8,1023.85,No,No,45.98,0,Medium,23.82,P4 - Monitor,Offer annual contract incentive
8167-GJLRN,3,Month-to-month,DSL,Electronic check,30.4,82.15,Yes,No,65.62,1,High,19.95,P3 - Medium,Offer annual contract incentive
0956-SYCWG,13,One year,No,Electronic check,19.65,244.8,No internet service,No internet service,12.14,0,Low,2.39,P4 - Monitor,Promote automatic payment
8017-UVSZU,40,Month-to-month,DSL,Credit card (automatic),56.6,2379.1,No,No,33.78,0,Medium,19.12,P4 - Monitor,Offer annual contract incentive
7100-FQPRV,43,One year,DSL,Credit card (automatic),71.9,3173.35,Yes,Yes,18.35,0,Low,13.19,P4 - Monitor,Standard retention campaign
2984-RGEYA,69,Two year,No,Bank transfer (automatic),19.75,1375.4,No internet service,No internet service,3.96,0,Low,0.78,P4 - Monitor,Standard retention campaign
9680-NIAUV,72,Two year,Fiber optic,Credit card (automatic),109.7,8129.3,No,Yes,14.37,0,Low,15.76,P4 - Monitor,Offer Tech Support trial/bundle
2146-EGVDT,59,Two year,No,Credit card (automatic),19.3,1192.7,No internet service,No internet service,6.08,0,Low,1.17,P4 - Monitor,Standard retention campaign
2604-IJPDU,20,Month-to-month,Fiber optic,Electronic check,96.55,1901.65,Yes,Yes,63.93,1,High,61.72,P2 - High,Offer annual contract incentive
9178-JHUVJ,24,Two year,No,Bank transfer (automatic),24.1,587.4,No internet service,No internet service,3.16,0,Low,0.76,P4 - Monitor,Standard retention campaign
6168-YBYNP,59,Month-to-month,Fiber optic,Electronic check,111.35,6519.75,Yes,No,63.79,1,High,71.03,P2 - High,Offer annual contract incentive
7255-SSFBC,72,Two year,Fiber optic,Bank transfer (automatic),112.25,8041.65,Yes,No,5.79,0,Low,6.5,P4 - Monitor,Offer Online Security bundle
3645-DEYGF,1,Month-to-month,No,Mailed check,20.75,20.75,No internet service,No internet service,40.3,0,Medium,8.36,P4 - Monitor,Offer annual contract incentive
9323-HGFWY,27,One year,Fiber optic,Credit card (automatic),101.9,2681.15,Yes,Yes,44.18,0,Medium,45.02,P4 - Monitor,Review Fiber pricing/service quality
8544-GOQSH,14,Month-to-month,Fiber optic,Credit card (automatic),80.05,1112.3,Yes,No,68.69,1,High,54.99,P2 - High,Offer annual contract incentive
3363-DTIVD,71,Two year,Fiber optic,Electronic check,105.55,7405.5,No,Yes,5.43,0,Low,5.73,P4 - Monitor,Offer Tech Support trial/bundle
7018-WBJNK,13,Month-to-month,Fiber optic,Credit card (automatic),78.3,1033.95,No,No,56.16,1,High,43.97,P3 - Medium,Offer annual contract incentive
9142-KZXOP,44,Month-to-month,Fiber optic,Credit card (automatic),68.85,2958.95,No,No,55.8,1,High,38.42,P3 - Medium,Offer annual contract incentive
7674-YTAFD,33,One year,Fiber optic,Bank transfer (automatic),79.95,2684.85,Yes,No,24.6,0,Low,19.67,P4 - Monitor,Offer Online Security bundle
6348-SNFUS,72,Two year,DSL,Credit card (automatic),55.45,4179.2,Yes,Yes,4.24,0,Low,2.35,P4 - Monitor,Standard retention campaign
1347-KTTTA,64,One year,Fiber optic,Credit card (automatic),102.45,6654.1,Yes,No,47.57,0,Medium,48.74,P4 - Monitor,Offer Online Security bundle
4195-NZGTA,1,Month-to-month,DSL,Electronic check,25.25,25.25,No,No,78.39,1,Critical,19.79,P3 - Medium,Offer annual contract incentive
7157-SMCFK,61,Two year,No,Mailed check,19.75,1124.2,No internet service,No internet service,2.7,0,Low,0.53,P4 - Monitor,Standard retention campaign
4709-LKHYG,29,One year,No,Electronic check,20.0,540.05,No internet service,No internet service,6.82,0,Low,1.36,P4 - Monitor,Promote automatic payment
2504-DSHIH,23,Month-to-month,Fiber optic,Electronic check,86.8,1975.85,No,No,72.76,1,High,63.16,P2 - High,Offer annual contract incentive
0699-NDKJM,57,Month-to-month,DSL,Bank transfer (automatic),58.75,3437.45,No,Yes,37.36,0,Medium,21.95,P4 - Monitor,Offer annual contract incentive
9286-BHDQG,72,Two year,DSL,Credit card (automatic),45.25,3139.8,Yes,Yes,7.21,0,Low,3.26,P4 - Monitor,Standard retention campaign
0230-WEQUW,66,Two year,DSL,Bank transfer (automatic),56.6,3789.2,Yes,Yes,4.73,0,Low,2.68,P4 - Monitor,Standard retention campaign
2040-LDIWQ,65,Two year,DSL,Bank transfer (automatic),84.2,5324.5,Yes,No,8.24,0,Low,6.94,P4 - Monitor,Offer Online Security bundle
6496-JDSSB,8,Month-to-month,Fiber optic,Bank transfer (automatic),80.0,624.6,No,No,83.46,1,Critical,66.77,P2 - High,Offer annual contract incentive
4443-EMBNA,71,Two year,No,Bank transfer (automatic),24.75,1836.9,No internet service,No internet service,3.59,0,Low,0.89,P4 - Monitor,Standard retention campaign
6469-MRVET,1,One year,No,Electronic check,20.2,20.2,No internet service,No internet service,23.03,0,Low,4.65,P4 - Monitor,Promote automatic payment
5961-VUSRV,12,One year,No,Bank transfer (automatic),19.35,219.35,No internet service,No internet service,13.96,0,Low,2.7,P4 - Monitor,Standard retention campaign
6778-JFCMK,24,One year,DSL,Mailed check,50.6,1288.75,No,Yes,23.84,0,Low,12.06,P4 - Monitor,Offer Tech Support trial/bundle
6341-JVQGF,31,One year,DSL,Mailed check,81.15,2545.75,Yes,Yes,26.19,0,Medium,21.25,P4 - Monitor,Standard retention campaign
4811-JBUVU,30,Month-to-month,Fiber optic,Credit card (automatic),89.9,2723.15,Yes,No,57.4,1,High,51.6,P2 - High,Offer annual contract incentive
0945-TSONX,47,Two year,DSL,Credit card (automatic),85.3,4107.25,Yes,Yes,7.66,0,Low,6.53,P4 - Monitor,Standard retention campaign
2651-ZCBXV,54,Two year,Fiber optic,Credit card (automatic),108.0,5760.65,Yes,Yes,33.14,0,Medium,35.79,P4 - Monitor,Review Fiber pricing/service quality
3316-UWXUY,50,Month-to-month,Fiber optic,Credit card (automatic),93.5,4747.5,Yes,Yes,42.7,0,Medium,39.92,P4 - Monitor,Offer annual contract incentive
7083-MIOPC,72,Two year,No,Credit card (automatic),20.25,1566.9,No internet service,No internet service,2.65,0,Low,0.54,P4 - Monitor,Standard retention campaign
1984-GPTEH,29,Month-to-month,No,Electronic check,25.15,702.0,No internet service,No internet service,19.93,0,Low,5.01,P4 - Monitor,Offer annual contract incentive
0621-JFHOL,10,Two year,DSL,Mailed check,29.6,299.05,Yes,No,27.45,0,Medium,8.13,P4 - Monitor,Offer Online Security bundle
9903-LYSAB,18,Month-to-month,Fiber optic,Electronic check,73.15,1305.95,No,No,77.74,1,Critical,56.87,P2 - High,Offer annual contract incentive
9227-UAQFT,16,Two year,No,Mailed check,19.75,284.35,No internet service,No internet service,8.68,0,Low,1.71,P4 - Monitor,Standard retention campaign
7301-ABVAD,72,Two year,DSL,Bank transfer (automatic),86.6,6350.5,Yes,No,4.85,0,Low,4.2,P4 - Monitor,Offer Online Security bundle
6614-FHDBO,72,Two year,Fiber optic,Bank transfer (automatic),109.2,7878.3,Yes,No,23.32,0,Low,25.47,P4 - Monitor,Offer Online Security bundle
7576-ASEJU,41,One year,DSL,Credit card (automatic),74.7,3187.65,Yes,Yes,20.04,0,Low,14.97,P4 - Monitor,Standard retention campaign
9058-HRZSV,65,Month-to-month,Fiber optic,Electronic check,94.4,6126.15,No,Yes,47.15,0,Medium,44.51,P4 - Monitor,Offer annual contract incentive
4522-AKYLR,13,Month-to-month,DSL,Electronic check,54.8,731.3,No,No,49.11,0,Medium,26.91,P4 - Monitor,Offer annual contract incentive
0221-WMXNQ,4,Month-to-month,Fiber optic,Electronic check,75.35,273.4,No,Yes,65.78,1,High,49.57,P3 - Medium,Offer annual contract incentive
0303-UNCIP,41,One year,DSL,Mailed check,65.0,2531.8,No,No,27.38,0,Medium,17.8,P4 - Monitor,Offer Tech Support trial/bundle
0959-WHOKV,42,One year,Fiber optic,Electronic check,99.0,4298.45,No,Yes,43.05,0,Medium,42.62,P4 - Monitor,Offer Tech Support trial/bundle
4075-JFPGR,51,One year,Fiber optic,Electronic check,93.5,4619.55,No,Yes,41.34,0,Medium,38.65,P4 - Monitor,Offer Tech Support trial/bundle
3282-ZISZV,32,One year,DSL,Credit card (automatic),83.7,2633.3,Yes,No,30.0,0,Medium,25.11,P4 - Monitor,Offer Online Security bundle
3675-YDUPJ,10,Month-to-month,No,Mailed check,19.85,193.05,No internet service,No internet service,27.75,0,Medium,5.51,P4 - Monitor,Offer annual contract incentive
4111-BNXIF,67,Two year,DSL,Electronic check,59.55,4103.9,Yes,No,16.07,0,Low,9.57,P4 - Monitor,Offer Online Security bundle
7017-VFHAY,61,Two year,Fiber optic,Credit card (automatic),115.1,7008.15,Yes,Yes,3.46,0,Low,3.98,P4 - Monitor,Review Fiber pricing/service quality
6655-LHBYW,50,One year,Fiber optic,Credit card (automatic),114.35,5791.1,Yes,Yes,42.44,0,Medium,48.53,P4 - Monitor,Review Fiber pricing/service quality
5046-NUHWD,29,Month-to-month,DSL,Electronic check,45.0,1228.65,No,Yes,52.3,1,High,23.54,P3 - Medium,Offer annual contract incentive
7529-ZDFXI,57,Month-to-month,Fiber optic,Electronic check,89.85,4925.35,No,No,69.74,1,High,62.66,P2 - High,Offer annual contract incentive
7605-BDWDC,31,Two year,DSL,Bank transfer (automatic),49.85,1520.1,Yes,Yes,6.55,0,Low,3.27,P4 - Monitor,Standard retention campaign
1950-KSVVJ,45,One year,Fiber optic,Mailed check,113.3,5032.25,Yes,Yes,40.33,0,Medium,45.69,P4 - Monitor,Review Fiber pricing/service quality
0123-CRBRT,61,Two year,DSL,Mailed check,88.1,5526.75,Yes,Yes,5.38,0,Low,4.74,P4 - Monitor,Standard retention campaign
6292-TOSSS,50,Two year,No,Bank transfer (automatic),24.9,1195.25,No internet service,No internet service,8.93,0,Low,2.22,P4 - Monitor,Standard retention campaign
3197-ARFOY,19,Month-to-month,Fiber optic,Mailed check,105.0,2007.25,Yes,Yes,63.78,1,High,66.97,P2 - High,Offer annual contract incentive
7014-ZZXAW,71,Two year,No,Credit card (automatic),24.25,1732.95,No internet service,No internet service,4.17,0,Low,1.01,P4 - Monitor,Standard retention campaign
7633-MVPUY,57,Two year,DSL,Electronic check,59.75,3450.15,Yes,Yes,9.69,0,Low,5.79,P4 - Monitor,Promote automatic payment
4716-HHKQH,20,Month-to-month,Fiber optic,Electronic check,107.05,2172.05,Yes,No,68.05,1,High,72.85,P2 - High,Offer annual contract incentive
3179-GBRWV,21,Month-to-month,DSL,Bank transfer (automatic),64.95,1339.8,No,Yes,37.86,0,Medium,24.59,P4 - Monitor,Offer annual contract incentive
8645-KWHJO,14,Month-to-month,DSL,Electronic check,55.0,771.95,Yes,No,58.05,1,High,31.93,P3 - Medium,Offer annual contract incentive
4130-MZLCC,5,Month-to-month,DSL,Bank transfer (automatic),50.55,244.75,No,No,57.87,1,High,29.25,P3 - Medium,Offer annual contract incentive
0314-TKOSI,6,Month-to-month,DSL,Mailed check,55.15,322.9,No,Yes,46.12,0,Medium,25.44,P4 - Monitor,Offer annual contract incentive
8229-MYEJZ,10,Month-to-month,DSL,Electronic check,51.2,498.25,No,No,47.97,0,Medium,24.56,P4 - Monitor,Offer annual contract incentive
2080-SRCDE,1,Month-to-month,No,Mailed check,25.4,25.4,No internet service,No internet service,36.11,0,Medium,9.17,P4 - Monitor,Offer annual contract incentive
9577-WJVCQ,68,Month-to-month,DSL,Mailed check,54.45,3687.75,No,Yes,27.16,0,Medium,14.79,P4 - Monitor,Offer annual contract incentive
6202-DYYFX,22,One year,Fiber optic,Credit card (automatic),76.0,1783.6,No,No,33.63,0,Medium,25.56,P4 - Monitor,Offer Tech Support trial/bundle
3808-HFKDE,20,Month-to-month,DSL,Electronic check,44.35,927.15,No,No,60.04,1,High,26.63,P3 - Medium,Offer annual contract incentive
3727-OWVYD,35,One year,DSL,Mailed check,61.2,2021.2,No,Yes,14.13,0,Low,8.65,P4 - Monitor,Offer Tech Support trial/bundle
2294-SALNE,23,One year,Fiber optic,Mailed check,86.8,1940.8,Yes,No,25.57,0,Medium,22.19,P4 - Monitor,Offer Online Security bundle
4847-TAJYI,6,Month-to-month,Fiber optic,Electronic check,89.35,567.8,No,No,88.82,1,Critical,79.36,P1 - Immediate,Offer annual contract incentive
1563-IWQEX,12,Month-to-month,No,Mailed check,19.7,220.35,No internet service,No internet service,30.4,0,Medium,5.99,P4 - Monitor,Offer annual contract incentive
8203-XJZRC,1,Month-to-month,No,Mailed check,20.25,20.25,No internet service,No internet service,51.3,1,High,10.39,P3 - Medium,Offer annual contract incentive
6556-DBKZF,71,Two year,Fiber optic,Electronic check,76.05,5436.45,No,No,8.05,0,Low,6.12,P4 - Monitor,Offer Tech Support trial/bundle
6851-WEFYX,35,Month-to-month,Fiber optic,Electronic check,100.8,3437.5,No,No,79.79,1,Critical,80.43,P1 - Immediate,Offer annual contract incentive
2985-JUUBZ,40,Month-to-month,DSL,Electronic check,74.55,3015.75,No,No,21.58,0,Low,16.09,P4 - Monitor,Offer annual contract incentive
0895-LMRSF,23,One year,DSL,Bank transfer (automatic),64.9,1509.8,No,No,37.42,0,Medium,24.29,P4 - Monitor,Offer Tech Support trial/bundle
8266-VBFQL,4,Month-to-month,Fiber optic,Electronic check,90.4,356.65,Yes,No,79.04,1,Critical,71.45,P2 - High,Offer annual contract incentive
8181-YHCMF,68,Two year,DSL,Credit card (automatic),60.3,4109.0,Yes,No,5.95,0,Low,3.59,P4 - Monitor,Offer Online Security bundle
2240-HSJQD,38,Month-to-month,Fiber optic,Mailed check,81.85,3141.7,No,No,30.15,0,Medium,24.68,P4 - Monitor,Offer annual contract incentive
1248-DYXUB,52,Two year,No,Mailed check,24.8,1229.1,No internet service,No internet service,1.55,0,Low,0.38,P4 - Monitor,Standard retention campaign
4115-BNPJY,29,Two year,DSL,Mailed check,75.55,2054.4,Yes,No,11.07,0,Low,8.36,P4 - Monitor,Offer Online Security bundle
3167-SNQPL,38,Month-to-month,Fiber optic,Electronic check,101.15,3741.85,No,No,27.57,0,Medium,27.89,P4 - Monitor,Offer annual contract incentive
4091-TVOCN,48,One year,DSL,Credit card (automatic),78.75,3682.45,No,Yes,24.47,0,Low,19.27,P4 - Monitor,Offer Tech Support trial/bundle
1098-TDVUQ,1,Month-to-month,No,Bank transfer (automatic),19.25,19.25,No internet service,No internet service,49.0,0,Medium,9.43,P4 - Monitor,Offer annual contract incentive
7277-OZCGZ,22,Month-to-month,Fiber optic,Electronic check,89.05,1886.25,Yes,Yes,62.39,1,High,55.56,P2 - High,Offer annual contract incentive
1557-EMYVT,43,Two year,Fiber optic,Credit card (automatic),115.05,4895.1,Yes,Yes,24.08,0,Low,27.7,P4 - Monitor,Review Fiber pricing/service quality
2799-ARNLO,5,Month-to-month,Fiber optic,Electronic check,69.35,341.6,No,No,83.04,1,Critical,57.59,P2 - High,Offer annual contract incentive
5027-YOCXN,51,One year,Fiber optic,Credit card (automatic),110.05,5686.4,Yes,Yes,46.6,0,Medium,51.28,P4 - Monitor,Review Fiber pricing/service quality
3973-SKMLN,71,Two year,No,Credit card (automatic),19.9,1355.1,No internet service,No internet service,2.82,0,Low,0.56,P4 - Monitor,Standard retention campaign
6745-JEFZB,35,Month-to-month,Fiber optic,Credit card (automatic),91.5,3236.35,Yes,No,59.0,1,High,53.98,P2 - High,Offer annual contract incentive
9880-TDQAC,72,Two year,DSL,Electronic check,60.0,4264.0,Yes,No,16.61,0,Low,9.97,P4 - Monitor,Offer Online Security bundle
8705-WZCYL,1,Month-to-month,DSL,Electronic check,44.8,44.8,No,No,78.73,1,Critical,35.27,P3 - Medium,Offer annual contract incentive
7102-JJVTX,9,One year,DSL,Mailed check,48.6,422.3,No,Yes,25.65,0,Medium,12.47,P4 - Monitor,Offer Tech Support trial/bundle
8626-PTQGE,69,Two year,DSL,Bank transfer (automatic),60.05,4176.7,Yes,Yes,5.49,0,Low,3.3,P4 - Monitor,Standard retention campaign
4983-CLMLV,52,Month-to-month,Fiber optic,Credit card (automatic),102.7,5138.1,Yes,No,61.23,1,High,62.88,P2 - High,Offer annual contract incentive
5701-YVSVF,11,Month-to-month,Fiber optic,Electronic check,82.9,880.05,Yes,No,80.09,1,Critical,66.39,P2 - High,Offer annual contract incentive
5697-GOMBF,28,Month-to-month,DSL,Electronic check,35.9,973.65,No,No,32.44,0,Medium,11.65,P4 - Monitor,Offer annual contract incentive
2739-CACDQ,17,Month-to-month,Fiber optic,Credit card (automatic),82.65,1470.05,No,No,71.09,1,High,58.76,P2 - High,Offer annual contract incentive
9385-EHGDO,35,Two year,No,Mailed check,19.85,739.35,No internet service,No internet service,1.28,0,Low,0.25,P4 - Monitor,Standard retention campaign
9498-FIMXL,8,One year,No,Mailed check,19.2,161.95,No internet service,No internet service,11.67,0,Low,2.24,P4 - Monitor,Standard retention campaign
2379-GYFLQ,46,One year,Fiber optic,Credit card (automatic),94.9,4422.95,No,No,35.55,0,Medium,33.74,P4 - Monitor,Offer Tech Support trial/bundle
2088-IEBAU,68,Two year,DSL,Electronic check,88.15,6148.45,Yes,Yes,8.26,0,Low,7.28,P4 - Monitor,Promote automatic payment
7982-VCELR,36,Month-to-month,Fiber optic,Credit card (automatic),94.8,3565.65,No,No,67.63,1,High,64.11,P2 - High,Offer annual contract incentive
6035-BXTTY,32,Month-to-month,DSL,Bank transfer (automatic),54.65,1830.1,Yes,No,28.2,0,Medium,15.41,P4 - Monitor,Offer annual contract incentive
6885-PKOAM,71,Two year,DSL,Credit card (automatic),85.75,6223.8,Yes,Yes,5.57,0,Low,4.78,P4 - Monitor,Standard retention campaign
7520-HQWJU,66,Month-to-month,DSL,Bank transfer (automatic),67.45,4508.65,No,Yes,13.54,0,Low,9.13,P4 - Monitor,Offer annual contract incentive
9639-BUJXT,63,One year,No,Mailed check,20.5,1328.15,No internet service,No internet service,6.0,0,Low,1.23,P4 - Monitor,Standard retention campaign
5924-SNGKP,41,One year,No,Credit card (automatic),20.25,865.0,No internet service,No internet service,4.95,0,Low,1.0,P4 - Monitor,Standard retention campaign
0021-IKXGC,1,Month-to-month,Fiber optic,Electronic check,72.1,72.1,No,No,88.91,1,Critical,64.1,P2 - High,Offer annual contract incentive
8966-SNIZF,70,Two year,No,Bank transfer (automatic),19.45,1303.5,No internet service,No internet service,4.52,0,Low,0.88,P4 - Monitor,Standard retention campaign
6243-OZGFH,23,Month-to-month,DSL,Electronic check,44.95,996.85,No,No,64.27,1,High,28.89,P3 - Medium,Offer annual contract incentive
4654-DLAMQ,64,One year,Fiber optic,Bank transfer (automatic),97.0,6430.9,No,Yes,28.74,0,Medium,27.88,P4 - Monitor,Offer Tech Support trial/bundle
0513-RBGPE,37,Two year,DSL,Credit card (automatic),62.8,2278.75,Yes,Yes,9.72,0,Low,6.1,P4 - Monitor,Standard retention campaign
5160-UXJED,17,One year,DSL,Mailed check,44.6,681.4,No,No,35.51,0,Medium,15.84,P4 - Monitor,Offer Tech Support trial/bundle
4115-NZRKS,7,Month-to-month,Fiber optic,Electronic check,89.15,574.35,No,No,89.01,1,Critical,79.35,P1 - Immediate,Offer annual contract incentive
3351-NGXYI,16,Month-to-month,DSL,Electronic check,54.1,889.0,No,Yes,59.26,1,High,32.06,P3 - Medium,Offer annual contract incentive
8984-EYLLL,64,Two year,Fiber optic,Electronic check,105.25,6823.4,Yes,No,30.74,0,Medium,32.35,P4 - Monitor,Offer Online Security bundle
9833-TGFHX,42,One year,Fiber optic,Electronic check,97.1,4016.75,No,Yes,40.17,0,Medium,39.01,P4 - Monitor,Offer Tech Support trial/bundle
9294-TDIPC,5,Month-to-month,No,Mailed check,20.2,83.75,No internet service,No internet service,16.52,0,Low,3.34,P4 - Monitor,Offer annual contract incentive
5229-DTFYB,41,Two year,Fiber optic,Bank transfer (automatic),98.8,3959.15,Yes,No,26.3,0,Medium,25.98,P4 - Monitor,Offer Online Security bundle
0104-PPXDV,58,One year,DSL,Credit card (automatic),50.3,2878.55,No,No,20.6,0,Low,10.36,P4 - Monitor,Offer Tech Support trial/bundle
5176-LMJXE,47,Two year,No,Mailed check,20.55,945.7,No internet service,No internet service,3.62,0,Low,0.74,P4 - Monitor,Standard retention campaign
3583-KRKMD,18,Month-to-month,Fiber optic,Bank transfer (automatic),75.9,1373.05,Yes,No,55.2,1,High,41.9,P3 - Medium,Offer annual contract incentive
9069-LGEUL,23,Month-to-month,DSL,Bank transfer (automatic),59.95,1406.0,No,Yes,35.54,0,Medium,21.31,P4 - Monitor,Offer annual contract incentive
7302-ZHMHP,1,Month-to-month,No,Mailed check,19.15,19.15,No internet service,No internet service,46.6,0,Medium,8.92,P4 - Monitor,Offer annual contract incentive
9571-EDEBV,71,One year,Fiber optic,Credit card (automatic),98.65,6962.85,No,No,41.42,0,Medium,40.86,P4 - Monitor,Offer Tech Support trial/bundle
3520-FJGCV,72,Two year,Fiber optic,Credit card (automatic),112.6,8126.65,Yes,Yes,1.86,0,Low,2.09,P4 - Monitor,Review Fiber pricing/service quality
6563-VRERX,33,One year,No,Mailed check,20.6,690.25,No internet service,No internet service,4.53,0,Low,0.93,P4 - Monitor,Standard retention campaign
6122-EFVKN,24,Two year,DSL,Mailed check,35.75,830.8,Yes,Yes,9.24,0,Low,3.3,P4 - Monitor,Standard retention campaign
2805-EDJPQ,56,One year,Fiber optic,Credit card (automatic),99.75,5608.4,Yes,No,38.12,0,Medium,38.02,P4 - Monitor,Offer Online Security bundle
6862-CQUMB,37,Month-to-month,Fiber optic,Credit card (automatic),96.1,3646.8,No,No,66.59,1,High,63.99,P2 - High,Offer annual contract incentive
7156-MXBJE,43,One year,DSL,Credit card (automatic),85.1,3662.25,Yes,No,26.5,0,Medium,22.55,P4 - Monitor,Offer Online Security bundle
6158-HDPXZ,1,Month-to-month,DSL,Mailed check,25.35,25.35,No,No,77.29,1,Critical,19.59,P3 - Medium,Offer annual contract incentive
2863-IMQDR,61,Two year,DSL,Electronic check,89.65,5308.7,Yes,Yes,9.19,0,Low,8.24,P4 - Monitor,Promote automatic payment
5686-CMAWK,17,One year,Fiber optic,Electronic check,86.75,1410.25,Yes,No,35.14,0,Medium,30.48,P4 - Monitor,Offer Online Security bundle
5651-CRHKQ,41,One year,Fiber optic,Bank transfer (automatic),86.2,3339.05,Yes,No,25.25,0,Medium,21.77,P4 - Monitor,Offer Online Security bundle
8204-YJCLA,72,Two year,DSL,Bank transfer (automatic),64.8,4732.35,Yes,Yes,5.65,0,Low,3.66,P4 - Monitor,Standard retention campaign
6583-SZVGP,48,Two year,Fiber optic,Bank transfer (automatic),108.1,5067.45,No,No,45.22,0,Medium,48.88,P4 - Monitor,Offer Tech Support trial/bundle
1708-PBBOA,42,One year,DSL,Electronic check,54.75,2348.45,Yes,Yes,20.53,0,Low,11.24,P4 - Monitor,Promote automatic payment
8782-LKFPK,44,Month-to-month,Fiber optic,Mailed check,90.4,4063.0,No,No,68.75,1,High,62.15,P2 - High,Offer annual contract incentive
5522-JBWMO,1,Month-to-month,DSL,Electronic check,44.0,44.0,No,No,67.17,1,High,29.55,P3 - Medium,Offer annual contract incentive
3597-MVHJT,27,Month-to-month,Fiber optic,Bank transfer (automatic),95.6,2595.25,No,No,74.86,1,High,71.57,P2 - High,Offer annual contract incentive
9774-NRNAU,27,Month-to-month,DSL,Bank transfer (automatic),84.8,2309.55,Yes,No,34.46,0,Medium,29.22,P4 - Monitor,Offer annual contract incentive
0224-RLWWD,2,Month-to-month,DSL,Electronic check,44.3,89.3,No,No,79.13,1,Critical,35.05,P3 - Medium,Offer annual contract incentive
9967-ATRFS,19,Month-to-month,No,Mailed check,19.9,367.55,No internet service,No internet service,23.55,0,Low,4.69,P4 - Monitor,Offer annual contract incentive
3951-NJCVI,42,Month-to-month,Fiber optic,Electronic check,95.05,3944.5,No,No,78.37,1,Critical,74.49,P2 - High,Offer annual contract incentive
2977-CEBSX,66,Two year,DSL,Credit card (automatic),90.05,5965.95,Yes,Yes,6.28,0,Low,5.66,P4 - Monitor,Standard retention campaign
0177-PXBAT,33,Month-to-month,Fiber optic,Bank transfer (automatic),109.9,3694.7,Yes,Yes,61.06,1,High,67.1,P2 - High,Offer annual contract incentive
2519-ERQOJ,33,Month-to-month,DSL,Electronic check,54.6,1803.7,Yes,No,41.31,0,Medium,22.56,P4 - Monitor,Offer annual contract incentive
5876-QMYLD,23,One year,No,Mailed check,20.05,415.1,No internet service,No internet service,6.57,0,Low,1.32,P4 - Monitor,Standard retention campaign
2277-AXSDC,32,One year,No,Bank transfer (automatic),19.75,624.15,No internet service,No internet service,9.31,0,Low,1.84,P4 - Monitor,Standard retention campaign
9442-JTWDL,11,One year,No,Credit card (automatic),20.05,237.7,No internet service,No internet service,10.25,0,Low,2.06,P4 - Monitor,Standard retention campaign
3067-SVMTC,68,One year,DSL,Bank transfer (automatic),55.9,3848.8,Yes,Yes,9.01,0,Low,5.04,P4 - Monitor,Standard retention campaign
5495-GPSRW,20,Two year,No,Mailed check,19.7,419.4,No internet service,No internet service,6.3,0,Low,1.24,P4 - Monitor,Standard retention campaign
7606-BPHHN,72,Two year,No,Credit card (automatic),19.8,1468.75,No internet service,No internet service,2.77,0,Low,0.55,P4 - Monitor,Standard retention campaign
4742-DRORA,60,One year,Fiber optic,Bank transfer (automatic),95.4,5812.0,No,Yes,29.11,0,Medium,27.77,P4 - Monitor,Offer Tech Support trial/bundle
0111-KLBQG,32,Month-to-month,Fiber optic,Mailed check,93.95,2861.45,No,No,24.31,0,Low,22.84,P4 - Monitor,Offer annual contract incentive
4163-NCJAK,46,One year,No,Bank transfer (automatic),24.45,1066.15,No internet service,No internet service,10.07,0,Low,2.46,P4 - Monitor,Standard retention campaign
5233-AOZUF,29,Month-to-month,Fiber optic,Electronic check,74.95,2149.05,No,No,76.1,1,Critical,57.04,P2 - High,Offer annual contract incentive
5973-EJGDP,51,Month-to-month,Fiber optic,Electronic check,87.35,4473.0,Yes,No,61.42,1,High,53.65,P2 - High,Offer annual contract incentive
1996-DBMUS,48,Month-to-month,Fiber optic,Bank transfer (automatic),70.65,3545.05,No,No,63.36,1,High,44.76,P3 - Medium,Offer annual contract incentive
7916-VCCPB,16,Month-to-month,Fiber optic,Bank transfer (automatic),73.25,1195.75,No,No,29.54,0,Medium,21.64,P4 - Monitor,Offer annual contract incentive
4686-GEFRM,70,Two year,Fiber optic,Bank transfer (automatic),98.7,6858.9,Yes,No,30.32,0,Medium,29.93,P4 - Monitor,Offer Online Security bundle
5249-QYHEX,40,Two year,No,Mailed check,24.8,1024.7,No internet service,No internet service,1.9,0,Low,0.47,P4 - Monitor,Standard retention campaign
2233-FAGXV,5,Month-to-month,No,Mailed check,24.3,132.25,No internet service,No internet service,24.28,0,Low,5.9,P4 - Monitor,Offer annual contract incentive
5605-IYGFG,7,Month-to-month,Fiber optic,Bank transfer (automatic),69.85,515.45,No,No,77.75,1,Critical,54.31,P2 - High,Offer annual contract incentive
7663-ZTEGJ,29,One year,Fiber optic,Credit card (automatic),100.55,2830.45,Yes,No,34.5,0,Medium,34.69,P4 - Monitor,Offer Online Security bundle
3935-TBRZZ,44,One year,No,Mailed check,25.7,1110.5,No internet service,No internet service,9.6,0,Low,2.47,P4 - Monitor,Standard retention campaign
8111-BKVDS,10,Month-to-month,DSL,Bank transfer (automatic),40.7,449.3,No,Yes,38.95,0,Medium,15.85,P4 - Monitor,Offer annual contract incentive
2055-SIFSS,55,Month-to-month,DSL,Bank transfer (automatic),51.65,2838.55,No,No,39.61,0,Medium,20.46,P4 - Monitor,Offer annual contract incentive
2806-MLNTI,52,One year,Fiber optic,Bank transfer (automatic),105.1,5376.4,No,No,51.89,1,High,54.54,P2 - High,Offer Tech Support trial/bundle
8734-DKSTZ,10,Month-to-month,Fiber optic,Electronic check,85.95,858.6,No,No,46.35,0,Medium,39.84,P4 - Monitor,Offer annual contract incentive
4360-PNRQB,18,Month-to-month,Fiber optic,Bank transfer (automatic),75.6,1395.05,No,No,71.43,1,High,54.0,P2 - High,Offer annual contract incentive
6152-ONASV,68,One year,DSL,Bank transfer (automatic),58.25,3975.7,Yes,Yes,9.27,0,Low,5.4,P4 - Monitor,Standard retention campaign
7781-HVGMK,72,Two year,DSL,Credit card (automatic),65.2,4784.45,Yes,Yes,4.1,0,Low,2.67,P4 - Monitor,Standard retention campaign
2181-UAESM,2,Month-to-month,DSL,Electronic check,53.45,119.5,No,Yes,60.24,1,High,32.2,P3 - Medium,Offer annual contract incentive
6048-NJXHX,41,Two year,No,Electronic check,19.75,899.45,No internet service,No internet service,5.72,0,Low,1.13,P4 - Monitor,Promote automatic payment
2320-SLKMB,26,Month-to-month,DSL,Credit card (automatic),44.45,1183.8,Yes,No,37.82,0,Medium,16.81,P4 - Monitor,Offer annual contract incentive
4980-URKXC,36,One year,No,Bank transfer (automatic),20.85,720.05,No internet service,No internet service,8.91,0,Low,1.86,P4 - Monitor,Standard retention campaign
4376-KFVRS,72,Two year,Fiber optic,Credit card (automatic),114.05,8468.2,Yes,Yes,13.33,0,Low,15.2,P4 - Monitor,Review Fiber pricing/service quality
5886-VLQVU,35,Month-to-month,Fiber optic,Bank transfer (automatic),89.85,3161.2,Yes,No,57.82,1,High,51.95,P2 - High,Offer annual contract incentive
3577-AMVUX,1,Month-to-month,DSL,Mailed check,55.05,55.05,Yes,No,57.82,1,High,31.83,P3 - Medium,Offer annual contract incentive
0771-WLCLA,16,Month-to-month,Fiber optic,Electronic check,112.95,1882.55,Yes,Yes,45.34,0,Medium,51.21,P4 - Monitor,Offer annual contract incentive
5628-RKIFK,49,Month-to-month,Fiber optic,Credit card (automatic),101.55,5070.4,No,Yes,60.36,1,High,61.3,P2 - High,Offer annual contract incentive
0206-TBWLC,54,One year,Fiber optic,Mailed check,114.65,6049.5,Yes,Yes,42.13,0,Medium,48.3,P4 - Monitor,Review Fiber pricing/service quality
2937-FTHUR,18,Month-to-month,DSL,Electronic check,64.8,1166.7,No,Yes,33.28,0,Medium,21.57,P4 - Monitor,Offer annual contract incentive
1910-FMXJM,36,Month-to-month,Fiber optic,Electronic check,80.4,2937.65,No,No,69.04,1,High,55.51,P2 - High,Offer annual contract incentive
0732-OCQOC,52,Two year,No,Bank transfer (automatic),25.05,1270.25,No internet service,No internet service,11.29,0,Low,2.83,P4 - Monitor,Standard retention campaign
5168-MSWXT,8,Month-to-month,Fiber optic,Electronic check,94.75,759.55,No,No,51.59,1,High,48.88,P3 - Medium,Offer annual contract incentive
1090-ESELR,72,Two year,Fiber optic,Bank transfer (automatic),105.5,7611.55,Yes,Yes,23.22,0,Low,24.5,P4 - Monitor,Review Fiber pricing/service quality
8592-PLTMQ,64,One year,No,Mailed check,24.7,1642.75,No internet service,No internet service,7.47,0,Low,1.85,P4 - Monitor,Standard retention campaign
5760-WRAHC,22,Month-to-month,DSL,Mailed check,69.75,1545.4,Yes,Yes,32.13,0,Medium,22.41,P4 - Monitor,Offer annual contract incentive
8847-GEOOQ,60,Month-to-month,DSL,Bank transfer (automatic),60.2,3582.4,Yes,No,31.31,0,Medium,18.85,P4 - Monitor,Offer annual contract incentive
4785-FCIFB,61,Two year,No,Mailed check,24.4,1417.9,No internet service,No internet service,4.26,0,Low,1.04,P4 - Monitor,Standard retention campaign
8313-NDOIA,24,Month-to-month,Fiber optic,Electronic check,104.15,2494.65,No,No,80.3,1,Critical,83.63,P1 - Immediate,Offer annual contract incentive
5149-CUZUJ,28,One year,Fiber optic,Bank transfer (automatic),92.9,2768.35,Yes,No,28.43,0,Medium,26.41,P4 - Monitor,Offer Online Security bundle
0942-KOWSM,30,Two year,DSL,Bank transfer (automatic),80.8,2369.3,Yes,No,9.15,0,Low,7.39,P4 - Monitor,Offer Online Security bundle
4237-CLSMM,2,Month-to-month,No,Mailed check,20.0,38.0,No internet service,No internet service,38.88,0,Medium,7.78,P4 - Monitor,Offer annual contract incentive
1452-VOQCH,1,Month-to-month,Fiber optic,Electronic check,75.1,75.1,No,No,90.03,1,Critical,67.61,P2 - High,Offer annual contract incentive
4719-UMSIY,6,Month-to-month,No,Mailed check,19.65,100.9,No internet service,No internet service,16.58,0,Low,3.26,P4 - Monitor,Offer annual contract incentive
6614-VBEGU,24,Month-to-month,DSL,Bank transfer (automatic),69.45,1614.05,No,No,42.11,0,Medium,29.25,P4 - Monitor,Offer annual contract incentive
1480-BKXGA,72,Two year,Fiber optic,Bank transfer (automatic),116.05,8404.9,Yes,Yes,13.57,0,Low,15.75,P4 - Monitor,Review Fiber pricing/service quality
2996-XAUVF,70,Two year,DSL,Mailed check,40.05,2799.75,Yes,No,12.09,0,Low,4.84,P4 - Monitor,Offer Online Security bundle
9076-AXYIK,64,Two year,Fiber optic,Electronic check,102.1,6538.45,Yes,No,23.8,0,Low,24.3,P4 - Monitor,Offer Online Security bundle
5968-XQIVE,72,One year,Fiber optic,Electronic check,89.7,6588.95,No,No,40.19,0,Medium,36.05,P4 - Monitor,Offer Tech Support trial/bundle
8896-RAZCR,44,Two year,No,Mailed check,19.9,868.1,No internet service,No internet service,3.94,0,Low,0.78,P4 - Monitor,Standard retention campaign
4933-IKULF,17,One year,No,Mailed check,20.65,330.6,No internet service,No internet service,8.01,0,Low,1.65,P4 - Monitor,Standard retention campaign
1304-BCCFO,9,Month-to-month,DSL,Mailed check,70.05,564.4,No,No,54.02,1,High,37.84,P3 - Medium,Offer annual contract incentive
4104-PVRPS,24,Month-to-month,DSL,Mailed check,53.6,1315.35,Yes,Yes,27.0,0,Medium,14.47,P4 - Monitor,Offer annual contract incentive
3780-DDGSE,35,Month-to-month,DSL,Electronic check,76.05,2747.2,Yes,No,17.46,0,Low,13.28,P4 - Monitor,Offer annual contract incentive
4431-EDMIQ,7,Month-to-month,DSL,Electronic check,75.7,554.05,Yes,Yes,28.03,0,Medium,21.22,P4 - Monitor,Offer annual contract incentive
0486-LGCCH,11,Two year,No,Mailed check,19.65,225.75,No internet service,No internet service,2.06,0,Low,0.4,P4 - Monitor,Standard retention campaign
4612-SSVHJ,20,Month-to-month,Fiber optic,Electronic check,81.45,1671.6,No,No,73.67,1,High,60.0,P2 - High,Offer annual contract incentive
5168-MQQCA,72,One year,Fiber optic,Bank transfer (automatic),108.5,8003.8,Yes,No,40.39,0,Medium,43.82,P4 - Monitor,Offer Online Security bundle
7971-HLVXI,72,Two year,Fiber optic,Credit card (automatic),84.5,6130.85,No,No,6.1,0,Low,5.15,P4 - Monitor,Offer Tech Support trial/bundle
9094-AZPHK,15,Month-to-month,Fiber optic,Electronic check,100.15,1415.0,No,No,85.35,1,Critical,85.48,P1 - Immediate,Offer annual contract incentive
3649-JPUGY,72,Two year,DSL,Bank transfer (automatic),88.6,6201.95,Yes,No,7.0,0,Low,6.2,P4 - Monitor,Offer Online Security bundle
3552-CTCYF,63,Two year,Fiber optic,Bank transfer (automatic),104.8,6597.25,No,No,9.46,0,Low,9.91,P4 - Monitor,Offer Tech Support trial/bundle
6778-YSNIH,2,Month-to-month,DSL,Electronic check,59.0,114.15,No,No,63.2,1,High,37.29,P3 - Medium,Offer annual contract incentive
5756-OZRIO,61,One year,DSL,Bank transfer (automatic),64.05,3902.6,No,No,21.37,0,Low,13.69,P4 - Monitor,Offer Tech Support trial/bundle
6579-JPICP,1,Month-to-month,No,Mailed check,20.4,20.4,No internet service,No internet service,48.64,0,Medium,9.92,P4 - Monitor,Offer annual contract incentive
4134-BSXLX,28,Month-to-month,DSL,Mailed check,60.9,1785.65,Yes,Yes,21.85,0,Low,13.31,P4 - Monitor,Offer annual contract incentive
0505-SPOOW,70,Two year,No,Bank transfer (automatic),19.8,1397.65,No internet service,No internet service,3.52,0,Low,0.7,P4 - Monitor,Standard retention campaign
4374-YMUSQ,34,One year,Fiber optic,Credit card (automatic),116.25,3899.05,Yes,Yes,41.98,0,Medium,48.8,P4 - Monitor,Review Fiber pricing/service quality
4513-CXYIX,71,Two year,Fiber optic,Credit card (automatic),80.7,5676.0,No,Yes,13.68,0,Low,11.04,P4 - Monitor,Offer Tech Support trial/bundle
3957-HHLMR,70,One year,DSL,Bank transfer (automatic),65.2,4543.15,No,Yes,14.61,0,Low,9.53,P4 - Monitor,Offer Tech Support trial/bundle
7803-XOCCZ,52,Month-to-month,Fiber optic,Bank transfer (automatic),84.05,4326.8,Yes,Yes,12.49,0,Low,10.5,P4 - Monitor,Offer annual contract incentive
5736-YEJAX,69,Two year,DSL,Credit card (automatic),79.45,5502.55,Yes,Yes,8.85,0,Low,7.03,P4 - Monitor,Standard retention campaign
8981-FJGLA,11,Month-to-month,Fiber optic,Mailed check,78.0,851.8,No,No,59.62,1,High,46.5,P3 - Medium,Offer annual contract incentive
1135-LMECX,1,Month-to-month,No,Mailed check,19.85,19.85,No internet service,No internet service,55.22,1,High,10.96,P3 - Medium,Offer annual contract incentive
4332-MUOEZ,20,One year,Fiber optic,Credit card (automatic),94.3,1818.3,Yes,Yes,33.44,0,Medium,31.53,P4 - Monitor,Review Fiber pricing/service quality
8535-SFUTN,61,Month-to-month,Fiber optic,Electronic check,106.45,6300.15,No,Yes,59.19,1,High,63.01,P2 - High,Offer annual contract incentive
8677-HDZEE,56,Month-to-month,Fiber optic,Bank transfer (automatic),105.45,5916.95,Yes,No,59.19,1,High,62.42,P2 - High,Offer annual contract incentive
2475-MROZF,30,Month-to-month,Fiber optic,Credit card (automatic),95.0,2852.4,Yes,Yes,40.79,0,Medium,38.75,P4 - Monitor,Offer annual contract incentive
3482-ABPKK,28,One year,DSL,Mailed check,54.3,1546.3,Yes,Yes,11.32,0,Low,6.15,P4 - Monitor,Standard retention campaign
6705-LXORM,5,Month-to-month,Fiber optic,Electronic check,70.05,302.6,No,No,80.57,1,Critical,56.44,P2 - High,Offer annual contract incentive
7531-GQHME,12,Month-to-month,No,Credit card (automatic),20.05,265.45,No internet service,No internet service,25.24,0,Medium,5.06,P4 - Monitor,Offer annual contract incentive
5174-ITUMV,67,One year,Fiber optic,Electronic check,105.4,6989.45,No,No,10.45,0,Low,11.01,P4 - Monitor,Offer Tech Support trial/bundle
4109-CYRBD,29,Month-to-month,DSL,Electronic check,51.6,1442.0,No,No,54.3,1,High,28.02,P3 - Medium,Offer annual contract incentive
0913-XWSCN,55,Month-to-month,Fiber optic,Bank transfer (automatic),85.5,4713.4,No,No,17.26,0,Low,14.76,P4 - Monitor,Offer annual contract incentive
0750-EBAIU,52,One year,Fiber optic,Electronic check,91.25,4738.3,No,Yes,38.55,0,Medium,35.18,P4 - Monitor,Offer Tech Support trial/bundle
8606-CIQUL,72,Two year,Fiber optic,Credit card (automatic),115.75,8399.15,Yes,Yes,2.14,0,Low,2.48,P4 - Monitor,Review Fiber pricing/service quality
3571-DPYUH,58,One year,Fiber optic,Credit card (automatic),94.7,5430.35,Yes,No,4.71,0,Low,4.46,P4 - Monitor,Offer Online Security bundle
7601-GNDYK,35,Two year,No,Mailed check,19.6,686.95,No internet service,No internet service,0.53,0,Low,0.1,P4 - Monitor,Standard retention campaign
0356-OBMAC,56,Two year,Fiber optic,Bank transfer (automatic),99.9,5706.3,Yes,No,26.18,0,Medium,26.15,P4 - Monitor,Offer Online Security bundle
8067-NIOYM,24,Two year,No,Credit card (automatic),21.1,490.65,No internet service,No internet service,1.39,0,Low,0.29,P4 - Monitor,Standard retention campaign
1403-GYAFU,70,Two year,No,Credit card (automatic),20.05,1360.25,No internet service,No internet service,0.51,0,Low,0.1,P4 - Monitor,Standard retention campaign
4234-XTNEA,2,Month-to-month,Fiber optic,Electronic check,79.95,174.45,No,No,88.68,1,Critical,70.9,P2 - High,Offer annual contract incentive
1297-VQDRP,68,One year,Fiber optic,Credit card (automatic),107.15,7379.8,Yes,No,11.27,0,Low,12.08,P4 - Monitor,Offer Online Security bundle
5348-CAGXB,12,Month-to-month,Fiber optic,Electronic check,89.55,1021.75,No,No,86.32,1,Critical,77.3,P1 - Immediate,Offer annual contract incentive
0621-HJWXJ,63,Month-to-month,Fiber optic,Bank transfer (automatic),81.55,5029.05,No,No,58.89,1,High,48.02,P3 - Medium,Offer annual contract incentive
5844-QVTAT,33,One year,DSL,Mailed check,58.45,1955.4,No,Yes,14.88,0,Low,8.7,P4 - Monitor,Offer Tech Support trial/bundle
8905-IAZPF,69,One year,Fiber optic,Credit card (automatic),95.65,6744.2,No,No,42.13,0,Medium,40.3,P4 - Monitor,Offer Tech Support trial/bundle
5394-MEITZ,60,Two year,DSL,Bank transfer (automatic),80.6,4946.7,Yes,No,6.13,0,Low,4.94,P4 - Monitor,Offer Online Security bundle
6859-QNXIQ,72,Two year,Fiber optic,Bank transfer (automatic),113.1,8248.5,Yes,Yes,1.83,0,Low,2.07,P4 - Monitor,Review Fiber pricing/service quality
2782-LFZVW,11,Month-to-month,DSL,Mailed check,58.95,601.6,No,No,54.48,1,High,32.12,P3 - Medium,Offer annual contract incentive
2866-IKBTM,1,Month-to-month,No,Mailed check,19.55,19.55,No internet service,No internet service,54.6,1,High,10.67,P3 - Medium,Offer annual contract incentive
7129-AZJDE,34,One year,Fiber optic,Bank transfer (automatic),78.95,2647.2,No,No,7.51,0,Low,5.93,P4 - Monitor,Offer Tech Support trial/bundle
2560-PPCHE,65,One year,Fiber optic,Bank transfer (automatic),105.05,6744.25,Yes,No,44.35,0,Medium,46.59,P4 - Monitor,Offer Online Security bundle
4676-MQUEA,50,One year,Fiber optic,Bank transfer (automatic),101.9,5265.5,No,Yes,33.63,0,Medium,34.27,P4 - Monitor,Offer Tech Support trial/bundle
8138-EALND,15,Month-to-month,No,Mailed check,19.75,311.6,No internet service,No internet service,29.01,0,Medium,5.73,P4 - Monitor,Offer annual contract incentive
3580-HYCSP,72,Two year,Fiber optic,Bank transfer (automatic),110.3,7966.9,No,Yes,3.25,0,Low,3.58,P4 - Monitor,Offer Tech Support trial/bundle
1352-HNSAW,72,Two year,Fiber optic,Bank transfer (automatic),115.6,8220.4,Yes,Yes,1.87,0,Low,2.16,P4 - Monitor,Review Fiber pricing/service quality
2075-PUEPR,55,Two year,No,Bank transfer (automatic),19.35,1153.25,No internet service,No internet service,2.03,0,Low,0.39,P4 - Monitor,Standard retention campaign
1982-FEBTD,23,Two year,No,Credit card (automatic),25.6,514.75,No internet service,No internet service,4.32,0,Low,1.11,P4 - Monitor,Standard retention campaign
5791-KAJFD,56,One year,DSL,Bank transfer (automatic),68.75,3808.0,No,Yes,16.77,0,Low,11.53,P4 - Monitor,Offer Tech Support trial/bundle
2654-VBVPB,1,Month-to-month,No,Bank transfer (automatic),19.9,19.9,No internet service,No internet service,49.64,0,Medium,9.88,P4 - Monitor,Offer annual contract incentive
1154-HYWWO,38,One year,DSL,Mailed check,70.6,2708.2,Yes,Yes,19.0,0,Low,13.41,P4 - Monitor,Standard retention campaign
2501-XWWTZ,11,Month-to-month,Fiber optic,Electronic check,70.2,760.05,No,No,74.48,1,High,52.28,P2 - High,Offer annual contract incentive
3716-UVSPD,1,Month-to-month,DSL,Electronic check,49.3,49.3,Yes,No,68.85,1,High,33.94,P3 - Medium,Offer annual contract incentive
6815-ABQFQ,56,One year,Fiber optic,Electronic check,107.25,6033.3,Yes,No,57.1,1,High,61.24,P2 - High,Offer Online Security bundle
7343-EOBEU,3,Month-to-month,No,Mailed check,23.6,89.05,No internet service,No internet service,38.61,0,Medium,9.11,P4 - Monitor,Offer annual contract incentive
3701-SFMUH,7,Month-to-month,DSL,Credit card (automatic),69.7,516.15,No,Yes,26.26,0,Medium,18.3,P4 - Monitor,Offer annual contract incentive
6103-LIANB,59,Two year,Fiber optic,Credit card (automatic),99.5,5861.75,No,No,6.36,0,Low,6.33,P4 - Monitor,Offer Tech Support trial/bundle
7319-VENRZ,7,Month-to-month,DSL,Bank transfer (automatic),64.3,445.95,Yes,No,41.89,0,Medium,26.94,P4 - Monitor,Offer annual contract incentive
5846-NEQVZ,71,Two year,DSL,Credit card (automatic),70.85,4973.4,Yes,Yes,6.46,0,Low,4.58,P4 - Monitor,Standard retention campaign
6967-QIQRV,15,One year,Fiber optic,Electronic check,101.9,1667.25,Yes,Yes,17.02,0,Low,17.34,P4 - Monitor,Promote automatic payment
5781-RFZRP,71,Two year,DSL,Credit card (automatic),73.5,5357.75,Yes,Yes,8.57,0,Low,6.3,P4 - Monitor,Standard retention campaign
0308-IVGOK,11,One year,DSL,Credit card (automatic),40.4,422.6,Yes,No,31.47,0,Medium,12.71,P4 - Monitor,Offer Online Security bundle
7293-LSCDV,60,Two year,No,Credit card (automatic),19.25,1103.25,No internet service,No internet service,1.28,0,Low,0.25,P4 - Monitor,Standard retention campaign
7025-WCBNE,47,Two year,DSL,Bank transfer (automatic),59.6,2754.0,Yes,No,9.71,0,Low,5.79,P4 - Monitor,Offer Online Security bundle
5756-JYOJT,11,One year,DSL,Credit card (automatic),64.9,697.25,Yes,No,30.11,0,Medium,19.54,P4 - Monitor,Offer Online Security bundle
6030-REHUX,28,Month-to-month,Fiber optic,Electronic check,110.85,3204.4,Yes,No,70.85,1,High,78.54,P2 - High,Offer annual contract incentive
9548-LIGTA,61,Two year,DSL,Mailed check,81.05,4747.65,Yes,Yes,6.07,0,Low,4.92,P4 - Monitor,Standard retention campaign
5150-LJNSR,31,One year,Fiber optic,Bank transfer (automatic),98.05,3082.1,No,Yes,5.25,0,Low,5.15,P4 - Monitor,Offer Tech Support trial/bundle
8270-RKSAP,9,Month-to-month,Fiber optic,Electronic check,70.5,597.9,No,No,80.07,1,Critical,56.45,P2 - High,Offer annual contract incentive
6522-YRBXD,35,Month-to-month,Fiber optic,Electronic check,94.55,3365.4,No,Yes,61.42,1,High,58.07,P2 - High,Offer annual contract incentive
2640-LYMOV,2,Month-to-month,No,Mailed check,19.65,38.8,No internet service,No internet service,32.92,0,Medium,6.47,P4 - Monitor,Offer annual contract incentive
1423-BMPBQ,1,Month-to-month,No,Mailed check,19.0,19.0,No internet service,No internet service,52.64,1,High,10.0,P3 - Medium,Offer annual contract incentive
2393-DIVAI,3,Month-to-month,No,Mailed check,20.0,61.7,No internet service,No internet service,32.73,0,Medium,6.55,P4 - Monitor,Offer annual contract incentive
4568-KNYWR,52,Two year,DSL,Credit card (automatic),63.25,3342.45,No,Yes,7.96,0,Low,5.03,P4 - Monitor,Offer Tech Support trial/bundle
8752-IMQOS,5,One year,No,Mailed check,20.1,85.1,No internet service,No internet service,10.99,0,Low,2.21,P4 - Monitor,Standard retention campaign
0742-LAFQK,72,Two year,Fiber optic,Electronic check,99.15,7422.1,No,Yes,19.59,0,Low,19.42,P4 - Monitor,Offer Tech Support trial/bundle
0795-LAFGP,71,Two year,DSL,Electronic check,90.4,6668.05,Yes,Yes,8.92,0,Low,8.06,P4 - Monitor,Promote automatic payment
0619-OLYUR,72,Two year,Fiber optic,Credit card (automatic),111.9,8071.05,Yes,Yes,21.8,0,Low,24.39,P4 - Monitor,Review Fiber pricing/service quality
5512-IDZEI,46,One year,No,Electronic check,24.9,1174.8,No internet service,No internet service,12.68,0,Low,3.16,P4 - Monitor,Promote automatic payment
0459-SPZHJ,63,Two year,DSL,Credit card (automatic),83.5,5435.0,No,Yes,10.39,0,Low,8.68,P4 - Monitor,Offer Tech Support trial/bundle
0215-BQKGS,30,Month-to-month,Fiber optic,Credit card (automatic),84.3,2438.6,No,Yes,55.97,1,High,47.18,P3 - Medium,Offer annual contract incentive
9244-ZVAPM,1,Month-to-month,DSL,Mailed check,45.6,45.6,No,No,76.46,1,Critical,34.87,P3 - Medium,Offer annual contract incentive
8208-EUMTE,16,Two year,DSL,Mailed check,54.85,916.15,Yes,Yes,10.29,0,Low,5.64,P4 - Monitor,Standard retention campaign
5172-MIGPM,4,Month-to-month,DSL,Mailed check,65.55,237.2,Yes,No,54.64,1,High,35.82,P3 - Medium,Offer annual contract incentive
1710-RCXUS,51,One year,Fiber optic,Credit card (automatic),90.35,4614.55,No,No,40.13,0,Medium,36.26,P4 - Monitor,Offer Tech Support trial/bundle
0374-FIUCA,65,Two year,No,Credit card (automatic),20.4,1414.45,No internet service,No internet service,2.89,0,Low,0.59,P4 - Monitor,Standard retention campaign
5839-SUYVZ,16,Month-to-month,Fiber optic,Credit card (automatic),74.55,1170.5,Yes,No,60.97,1,High,45.45,P3 - Medium,Offer annual contract incentive
5173-ZXXXL,2,One year,No,Mailed check,19.95,47.7,No internet service,No internet service,8.02,0,Low,1.6,P4 - Monitor,Standard retention campaign
1096-ADRUX,66,One year,Fiber optic,Bank transfer (automatic),74.25,4859.25,No,No,5.49,0,Low,4.08,P4 - Monitor,Offer Tech Support trial/bundle
2001-MCUUW,46,Two year,Fiber optic,Electronic check,108.65,4903.2,Yes,No,33.97,0,Medium,36.91,P4 - Monitor,Offer Online Security bundle
2731-GJRDG,32,One year,Fiber optic,Bank transfer (automatic),109.55,3608.0,Yes,Yes,49.09,0,Medium,53.78,P4 - Monitor,Review Fiber pricing/service quality
4723-BEGSG,72,Two year,DSL,Credit card (automatic),86.65,6094.25,Yes,Yes,8.55,0,Low,7.41,P4 - Monitor,Standard retention campaign
6516-NKQBO,38,Two year,DSL,Credit card (automatic),81.0,3084.9,Yes,Yes,12.08,0,Low,9.78,P4 - Monitor,Standard retention campaign
8672-OAUPW,51,One year,DSL,Credit card (automatic),47.85,2356.75,Yes,No,17.2,0,Low,8.23,P4 - Monitor,Offer Online Security bundle
8207-DMRVL,72,Two year,Fiber optic,Bank transfer (automatic),114.55,8306.05,Yes,Yes,1.78,0,Low,2.04,P4 - Monitor,Review Fiber pricing/service quality
2804-ETQDK,66,Two year,No,Mailed check,20.55,1357.1,No internet service,No internet service,1.12,0,Low,0.23,P4 - Monitor,Standard retention campaign
6689-VRRTK,44,One year,Fiber optic,Credit card (automatic),109.8,4860.35,No,Yes,43.43,0,Medium,47.69,P4 - Monitor,Offer Tech Support trial/bundle
7138-GIRSH,50,Two year,DSL,Bank transfer (automatic),69.5,3418.2,Yes,No,6.77,0,Low,4.71,P4 - Monitor,Offer Online Security bundle
9396-ZSFLL,15,Month-to-month,DSL,Mailed check,48.85,631.4,No,No,53.83,1,High,26.3,P3 - Medium,Offer annual contract incentive
6464-KEXXH,8,Month-to-month,DSL,Credit card (automatic),25.25,186.3,No,No,67.49,1,High,17.04,P3 - Medium,Offer annual contract incentive
7134-MJPDY,66,One year,Fiber optic,Credit card (automatic),102.85,6976.75,Yes,No,49.09,0,Medium,50.49,P4 - Monitor,Offer Online Security bundle
5240-CAOYT,57,Month-to-month,Fiber optic,Bank transfer (automatic),87.55,4884.85,Yes,Yes,39.54,0,Medium,34.62,P4 - Monitor,Offer annual contract incentive
4059-IIEBK,7,Month-to-month,Fiber optic,Bank transfer (automatic),78.55,522.95,No,No,84.13,1,Critical,66.08,P2 - High,Offer annual contract incentive
4881-JVQOD,10,Month-to-month,DSL,Bank transfer (automatic),34.55,362.6,No,No,37.09,0,Medium,12.81,P4 - Monitor,Offer annual contract incentive
0516-UXRMT,62,One year,Fiber optic,Electronic check,92.05,5755.8,No,Yes,32.85,0,Medium,30.24,P4 - Monitor,Offer Tech Support trial/bundle
4851-BQDNX,40,One year,Fiber optic,Electronic check,85.05,3355.65,No,No,10.57,0,Low,8.99,P4 - Monitor,Offer Tech Support trial/bundle
5148-HKFIR,20,Two year,No,Mailed check,19.7,406.95,No internet service,No internet service,5.06,0,Low,1.0,P4 - Monitor,Standard retention campaign
3003-CMDUU,25,Month-to-month,Fiber optic,Electronic check,95.15,2395.7,Yes,No,68.79,1,High,65.45,P2 - High,Offer annual contract incentive
5016-IBERQ,23,Month-to-month,Fiber optic,Electronic check,84.25,1968.1,No,No,69.84,1,High,58.84,P2 - High,Offer annual contract incentive
6797-UCJHZ,66,One year,Fiber optic,Credit card (automatic),104.6,6819.45,No,No,45.63,0,Medium,47.73,P4 - Monitor,Offer Tech Support trial/bundle
2469-DTSGX,72,Two year,Fiber optic,Electronic check,111.65,7943.45,Yes,No,17.84,0,Low,19.92,P4 - Monitor,Offer Online Security bundle
9931-KGHOA,46,Month-to-month,DSL,Bank transfer (automatic),55.0,2473.95,No,Yes,27.81,0,Medium,15.3,P4 - Monitor,Offer annual contract incentive
1775-KWJKQ,72,Two year,DSL,Credit card (automatic),89.85,6562.9,Yes,Yes,7.68,0,Low,6.9,P4 - Monitor,Standard retention campaign
7665-VIGUD,10,One year,No,Mailed check,20.35,176.3,No internet service,No internet service,6.98,0,Low,1.42,P4 - Monitor,Standard retention campaign
9411-TPQQV,40,One year,DSL,Bank transfer (automatic),54.55,2236.2,Yes,Yes,13.96,0,Low,7.62,P4 - Monitor,Standard retention campaign
7954-MLBUN,31,Two year,Fiber optic,Bank transfer (automatic),99.45,3109.9,Yes,No,23.07,0,Low,22.94,P4 - Monitor,Offer Online Security bundle
2077-DDHJK,68,Two year,DSL,Credit card (automatic),70.9,4911.35,Yes,Yes,9.34,0,Low,6.62,P4 - Monitor,Standard retention campaign
9574-BOSMD,68,Two year,No,Bank transfer (automatic),25.4,1620.2,No internet service,No internet service,0.55,0,Low,0.14,P4 - Monitor,Standard retention campaign
4908-XAXAY,49,One year,Fiber optic,Bank transfer (automatic),89.85,4287.2,No,No,33.18,0,Medium,29.81,P4 - Monitor,Offer Tech Support trial/bundle
8404-VLQFB,15,Month-to-month,No,Electronic check,25.25,394.85,No internet service,No internet service,25.1,0,Medium,6.34,P4 - Monitor,Offer annual contract incentive
2391-IPLOP,50,One year,DSL,Electronic check,69.65,3442.15,Yes,No,31.38,0,Medium,21.86,P4 - Monitor,Offer Online Security bundle
3509-GWQGF,24,Month-to-month,Fiber optic,Credit card (automatic),70.0,1732.6,No,No,60.53,1,High,42.37,P3 - Medium,Offer annual contract incentive
5845-BZZIB,35,Two year,No,Mailed check,20.1,655.3,No internet service,No internet service,0.58,0,Low,0.12,P4 - Monitor,Standard retention campaign
1140-UKVZG,17,Month-to-month,No,Mailed check,24.8,475.25,No internet service,No internet service,24.91,0,Low,6.18,P4 - Monitor,Offer annual contract incentive
5183-SNMJQ,10,Month-to-month,Fiber optic,Credit card (automatic),95.1,865.1,Yes,No,75.06,1,Critical,71.38,P2 - High,Offer annual contract incentive
8100-PNJMH,68,Two year,DSL,Credit card (automatic),88.85,6132.7,Yes,Yes,5.9,0,Low,5.24,P4 - Monitor,Standard retention campaign
7838-LAZFO,45,One year,DSL,Bank transfer (automatic),78.8,3597.5,No,Yes,24.74,0,Low,19.5,P4 - Monitor,Offer Tech Support trial/bundle
2085-JVGAD,37,Month-to-month,No,Bank transfer (automatic),20.35,697.65,No internet service,No internet service,24.08,0,Low,4.9,P4 - Monitor,Offer annual contract incentive
8095-WANWK,10,Month-to-month,DSL,Mailed check,45.25,428.7,No,No,57.38,1,High,25.96,P3 - Medium,Offer annual contract incentive
3030-ZKIWL,1,Month-to-month,No,Mailed check,20.05,20.05,No internet service,No internet service,54.51,1,High,10.93,P3 - Medium,Offer annual contract incentive
9565-FLVCG,65,Two year,DSL,Mailed check,69.55,4459.15,No,Yes,8.09,0,Low,5.63,P4 - Monitor,Offer Tech Support trial/bundle
8755-OGKNA,57,Two year,No,Bank transfer (automatic),19.5,1167.6,No internet service,No internet service,0.73,0,Low,0.14,P4 - Monitor,Standard retention campaign
2800-VEQXM,3,Month-to-month,Fiber optic,Mailed check,74.75,238.1,No,No,83.14,1,Critical,62.15,P2 - High,Offer annual contract incentive
5533-RJFTJ,49,Month-to-month,DSL,Bank transfer (automatic),30.2,1453.1,No,No,44.77,0,Medium,13.52,P4 - Monitor,Offer annual contract incentive
0214-JHPFW,70,Two year,DSL,Bank transfer (automatic),57.8,4039.3,Yes,No,6.9,0,Low,3.99,P4 - Monitor,Offer Online Security bundle
5642-MHDQT,53,One year,No,Bank transfer (automatic),19.85,1039.45,No internet service,No internet service,10.74,0,Low,2.13,P4 - Monitor,Standard retention campaign
3088-FVYWK,53,Two year,No,Credit card (automatic),25.55,1336.1,No internet service,No internet service,1.39,0,Low,0.36,P4 - Monitor,Standard retention campaign
9092-GDZKO,22,Month-to-month,No,Credit card (automatic),24.85,493.4,No internet service,No internet service,26.38,0,Medium,6.56,P4 - Monitor,Offer annual contract incentive
3729-OWRVL,65,Two year,Fiber optic,Electronic check,110.35,7246.15,Yes,Yes,31.07,0,Medium,34.29,P4 - Monitor,Promote automatic payment
2324-AALNO,48,One year,No,Bank transfer (automatic),24.55,1203.95,No internet service,No internet service,11.64,0,Low,2.86,P4 - Monitor,Standard retention campaign
5760-IFJOZ,3,Month-to-month,Fiber optic,Mailed check,107.95,313.6,No,No,80.1,1,Critical,86.47,P1 - Immediate,Offer annual contract incentive
2826-UWHIS,45,Month-to-month,Fiber optic,Bank transfer (automatic),81.4,3775.85,No,No,56.02,1,High,45.6,P3 - Medium,Offer annual contract incentive
7501-IWUNG,61,Two year,DSL,Bank transfer (automatic),73.8,4616.05,Yes,No,6.92,0,Low,5.11,P4 - Monitor,Offer Online Security bundle
4957-TREIR,3,Month-to-month,DSL,Credit card (automatic),64.4,195.65,Yes,Yes,52.59,1,High,33.87,P3 - Medium,Offer annual contract incentive
7251-LJBQN,40,One year,Fiber optic,Credit card (automatic),103.75,4188.4,Yes,No,51.99,1,High,53.94,P2 - High,Offer Online Security bundle
8040-MNRTF,1,Month-to-month,Fiber optic,Mailed check,71.1,71.1,No,No,86.4,1,Critical,61.43,P2 - High,Offer annual contract incentive
1536-HBSWP,1,Month-to-month,DSL,Electronic check,49.9,49.9,Yes,No,70.92,1,High,35.39,P3 - Medium,Offer annual contract incentive
5313-FPXWG,51,One year,No,Bank transfer (automatic),24.6,1266.4,No internet service,No internet service,12.15,0,Low,2.99,P4 - Monitor,Standard retention campaign
0946-FKYTX,52,One year,DSL,Mailed check,30.1,1623.4,No,No,33.11,0,Medium,9.97,P4 - Monitor,Offer Tech Support trial/bundle
5076-YVXCM,51,Month-to-month,Fiber optic,Bank transfer (automatic),83.4,4149.45,No,No,61.74,1,High,51.49,P2 - High,Offer annual contract incentive
8262-COGGB,1,Month-to-month,No,Mailed check,20.45,20.45,No internet service,No internet service,54.34,1,High,11.11,P3 - Medium,Offer annual contract incentive
6663-JOCQO,31,One year,DSL,Bank transfer (automatic),75.25,2344.5,Yes,Yes,21.98,0,Low,16.54,P4 - Monitor,Standard retention campaign
9620-QJREV,47,One year,No,Credit card (automatic),20.55,1013.05,No internet service,No internet service,4.47,0,Low,0.92,P4 - Monitor,Standard retention campaign
2682-KEVRP,22,One year,No,Mailed check,20.05,417.0,No internet service,No internet service,6.17,0,Low,1.24,P4 - Monitor,Standard retention campaign
2480-JZOSN,1,Month-to-month,No,Mailed check,20.65,20.65,No internet service,No internet service,60.22,1,High,12.44,P3 - Medium,Offer annual contract incentive
0078-XZMHT,72,Two year,DSL,Bank transfer (automatic),85.15,6316.2,Yes,No,7.1,0,Low,6.05,P4 - Monitor,Offer Online Security bundle
9978-HYCIN,47,One year,Fiber optic,Bank transfer (automatic),84.95,4018.05,No,No,7.4,0,Low,6.29,P4 - Monitor,Offer Tech Support trial/bundle
8338-QIUNR,72,Two year,DSL,Credit card (automatic),66.5,4811.6,Yes,Yes,9.26,0,Low,6.16,P4 - Monitor,Standard retention campaign
1525-LNLOJ,66,Two year,DSL,Bank transfer (automatic),63.3,4189.7,No,No,14.68,0,Low,9.29,P4 - Monitor,Offer Tech Support trial/bundle
9450-TRJUU,35,Month-to-month,Fiber optic,Electronic check,83.15,2848.45,No,No,71.68,1,High,59.6,P2 - High,Offer annual contract incentive
1766-GKNMI,29,Month-to-month,Fiber optic,Electronic check,84.9,2516.2,No,No,78.22,1,Critical,66.41,P2 - High,Offer annual contract incentive
6942-LBFDP,2,Month-to-month,No,Mailed check,20.55,33.6,No internet service,No internet service,32.78,0,Medium,6.74,P4 - Monitor,Offer annual contract incentive
1456-TWCGB,4,Month-to-month,DSL,Mailed check,49.25,208.45,No,No,65.19,1,High,32.11,P3 - Medium,Offer annual contract incentive
7596-ZYWBB,65,Two year,DSL,Mailed check,59.6,3739.8,Yes,Yes,6.13,0,Low,3.65,P4 - Monitor,Standard retention campaign
8329-UTMVM,27,One year,Fiber optic,Bank transfer (automatic),104.65,2964.0,Yes,No,47.94,0,Medium,50.17,P4 - Monitor,Offer Online Security bundle
3014-WJKSM,29,Month-to-month,Fiber optic,Credit card (automatic),75.3,2263.4,No,No,63.92,1,High,48.13,P3 - Medium,Offer annual contract incentive
3347-YJZZE,29,Month-to-month,DSL,Credit card (automatic),80.1,2211.8,No,No,17.06,0,Low,13.67,P4 - Monitor,Offer annual contract incentive
7929-DMBCV,20,Month-to-month,Fiber optic,Mailed check,81.0,1683.7,Yes,No,56.99,1,High,46.16,P3 - Medium,Offer annual contract incentive
9661-JALZV,58,Two year,No,Credit card (automatic),24.7,1519.0,No internet service,No internet service,5.87,0,Low,1.45,P4 - Monitor,Standard retention campaign
5433-KYGHE,14,Month-to-month,Fiber optic,Mailed check,86.0,1164.05,Yes,Yes,38.63,0,Medium,33.22,P4 - Monitor,Offer annual contract incentive
4312-KFRXN,72,Two year,No,Mailed check,25.4,1710.9,No internet service,No internet service,3.46,0,Low,0.88,P4 - Monitor,Standard retention campaign
5575-TPIZQ,46,Month-to-month,Fiber optic,Credit card (automatic),89.15,4245.55,No,Yes,58.72,1,High,52.35,P2 - High,Offer annual contract incentive
0114-IGABW,71,Two year,DSL,Bank transfer (automatic),58.25,4145.9,Yes,No,6.81,0,Low,3.97,P4 - Monitor,Offer Online Security bundle
9944-AEXBM,32,Month-to-month,Fiber optic,Bank transfer (automatic),85.65,2664.3,No,No,71.95,1,High,61.63,P2 - High,Offer annual contract incentive
1853-ARAAQ,26,Month-to-month,DSL,Credit card (automatic),50.35,1277.5,No,No,53.97,1,High,27.17,P3 - Medium,Offer annual contract incentive
6952-OMNWB,68,Month-to-month,Fiber optic,Credit card (automatic),80.35,5589.3,No,No,55.92,1,High,44.93,P3 - Medium,Offer annual contract incentive
4697-LUPSU,2,One year,No,Mailed check,20.2,34.75,No internet service,No internet service,9.93,0,Low,2.01,P4 - Monitor,Standard retention campaign
8434-VGEQQ,61,Two year,No,Credit card (automatic),20.55,1305.95,No internet service,No internet service,3.69,0,Low,0.76,P4 - Monitor,Standard retention campaign
6549-YMFAW,9,Month-to-month,No,Mailed check,21.25,204.55,No internet service,No internet service,37.82,0,Medium,8.04,P4 - Monitor,Offer annual contract incentive
4950-HKQTE,22,Two year,No,Mailed check,26.25,605.9,No internet service,No internet service,11.26,0,Low,2.96,P4 - Monitor,Standard retention campaign
6786-OBWQR,5,Month-to-month,Fiber optic,Electronic check,80.85,356.1,No,No,50.91,1,High,41.16,P3 - Medium,Offer annual contract incentive
2753-JMMCV,65,Two year,DSL,Credit card (automatic),74.2,4805.65,Yes,No,7.08,0,Low,5.25,P4 - Monitor,Offer Online Security bundle
6621-YOBKI,5,Month-to-month,No,Mailed check,20.35,92.75,No internet service,No internet service,32.13,0,Medium,6.54,P4 - Monitor,Offer annual contract incentive
1216-JWVUX,25,Month-to-month,Fiber optic,Electronic check,75.5,1901.05,No,No,25.62,0,Medium,19.34,P4 - Monitor,Offer annual contract incentive
7564-GHCVB,72,Two year,Fiber optic,Bank transfer (automatic),79.05,5730.7,No,Yes,10.45,0,Low,8.26,P4 - Monitor,Offer Tech Support trial/bundle
1173-NOEYG,27,Month-to-month,Fiber optic,Bank transfer (automatic),90.15,2423.4,No,No,64.11,1,High,57.8,P2 - High,Offer annual contract incentive
7595-EHCDL,32,Month-to-month,DSL,Credit card (automatic),50.6,1653.45,No,No,21.54,0,Low,10.9,P4 - Monitor,Offer annual contract incentive
6647-ZEDXT,30,One year,Fiber optic,Credit card (automatic),110.45,3327.05,Yes,No,44.77,0,Medium,49.45,P4 - Monitor,Offer Online Security bundle
2521-NPUZR,70,Two year,Fiber optic,Credit card (automatic),101.0,7085.5,Yes,Yes,18.12,0,Low,18.3,P4 - Monitor,Review Fiber pricing/service quality
1307-TVUFB,42,Month-to-month,Fiber optic,Bank transfer (automatic),79.35,3344.1,No,No,66.4,1,High,52.69,P2 - High,Offer annual contract incentive
7503-MIOGA,72,Two year,DSL,Bank transfer (automatic),89.85,6697.35,Yes,Yes,9.5,0,Low,8.54,P4 - Monitor,Standard retention campaign
4381-MHQDC,47,Two year,DSL,Mailed check,65.0,2879.9,Yes,Yes,8.98,0,Low,5.84,P4 - Monitor,Standard retention campaign
6923-JHPMP,2,Month-to-month,Fiber optic,Electronic check,80.45,137.1,No,Yes,69.88,1,High,56.22,P2 - High,Offer annual contract incentive
4018-PPNDW,61,Two year,No,Mailed check,24.1,1551.6,No internet service,No internet service,6.01,0,Low,1.45,P4 - Monitor,Standard retention campaign
1635-FJFCC,5,Month-to-month,DSL,Credit card (automatic),44.05,202.15,No,No,69.52,1,High,30.62,P3 - Medium,Offer annual contract incentive
2499-AJYUA,72,Two year,Fiber optic,Credit card (automatic),110.8,7882.25,Yes,No,17.43,0,Low,19.31,P4 - Monitor,Offer Online Security bundle
6919-ELBGL,72,Two year,Fiber optic,Bank transfer (automatic),114.95,8196.4,Yes,Yes,13.44,0,Low,15.45,P4 - Monitor,Review Fiber pricing/service quality
3966-HRMZA,3,Month-to-month,Fiber optic,Mailed check,75.05,202.9,No,No,81.96,1,Critical,61.51,P2 - High,Offer annual contract incentive
6425-JWTDV,48,Two year,No,Mailed check,19.25,855.1,No internet service,No internet service,6.75,0,Low,1.3,P4 - Monitor,Standard retention campaign
8405-IGQFX,63,One year,Fiber optic,Credit card (automatic),90.05,5817.0,Yes,No,28.48,0,Medium,25.65,P4 - Monitor,Offer Online Security bundle
8224-IVVPA,27,Month-to-month,DSL,Mailed check,56.7,1652.95,No,Yes,36.1,0,Medium,20.47,P4 - Monitor,Offer annual contract incentive
9477-LGWQI,70,Two year,DSL,Credit card (automatic),80.15,5600.15,No,Yes,8.37,0,Low,6.71,P4 - Monitor,Offer Tech Support trial/bundle
1410-RSCMR,7,Month-to-month,DSL,Credit card (automatic),71.35,515.75,Yes,Yes,28.69,0,Medium,20.47,P4 - Monitor,Offer annual contract incentive
0139-IVFJG,2,Month-to-month,Fiber optic,Electronic check,90.35,190.5,No,Yes,66.71,1,High,60.27,P2 - High,Offer annual contract incentive
5730-DBDSI,66,Two year,No,Bank transfer (automatic),19.7,1253.8,No internet service,No internet service,7.9,0,Low,1.56,P4 - Monitor,Standard retention campaign
0030-FNXPP,3,Month-to-month,No,Mailed check,19.85,57.2,No internet service,No internet service,35.85,0,Medium,7.12,P4 - Monitor,Offer annual contract incentive
5684-FJVYR,72,Two year,Fiber optic,Bank transfer (automatic),90.35,6563.4,Yes,Yes,9.46,0,Low,8.55,P4 - Monitor,Review Fiber pricing/service quality
4013-GUXND,1,Month-to-month,No,Mailed check,20.8,20.8,No internet service,No internet service,48.55,0,Medium,10.1,P4 - Monitor,Offer annual contract incentive
1266-NZYUI,72,Two year,DSL,Bank transfer (automatic),66.85,4758.8,Yes,Yes,9.42,0,Low,6.3,P4 - Monitor,Standard retention campaign
7969-FFOWG,65,Two year,No,Mailed check,19.9,1292.6,No internet service,No internet service,4.55,0,Low,0.91,P4 - Monitor,Standard retention campaign
4718-DHSMV,11,Month-to-month,DSL,Mailed check,35.8,363.15,No,No,61.84,1,High,22.14,P3 - Medium,Offer annual contract incentive
5175-WLYXL,22,Month-to-month,Fiber optic,Mailed check,78.85,1600.25,No,No,68.71,1,High,54.18,P2 - High,Offer annual contract incentive
7817-OMJNA,14,One year,No,Bank transfer (automatic),20.4,275.7,No internet service,No internet service,10.71,0,Low,2.18,P4 - Monitor,Standard retention campaign
8728-SKJLR,41,Month-to-month,Fiber optic,Electronic check,74.25,3089.1,Yes,No,59.28,1,High,44.02,P3 - Medium,Offer annual contract incentive
3137-NYQQI,17,One year,DSL,Mailed check,64.8,1175.6,No,Yes,21.51,0,Low,13.94,P4 - Monitor,Offer Tech Support trial/bundle
7706-DZNKK,11,Month-to-month,No,Credit card (automatic),20.45,237.3,No internet service,No internet service,23.21,0,Low,4.75,P4 - Monitor,Offer annual contract incentive
8823-RLPWL,72,Two year,Fiber optic,Credit card (automatic),110.65,8065.65,No,Yes,14.77,0,Low,16.34,P4 - Monitor,Offer Tech Support trial/bundle
9505-SQFSW,3,Month-to-month,DSL,Mailed check,40.3,92.5,No,No,36.96,0,Medium,14.89,P4 - Monitor,Offer annual contract incentive
3758-CKOQL,59,One year,Fiber optic,Credit card (automatic),107.0,6152.3,Yes,Yes,37.99,0,Medium,40.65,P4 - Monitor,Review Fiber pricing/service quality
5676-CFLYY,71,Two year,DSL,Credit card (automatic),73.35,5154.5,Yes,No,7.67,0,Low,5.63,P4 - Monitor,Offer Online Security bundle
7521-AFHAB,5,Month-to-month,DSL,Mailed check,44.8,220.45,No,No,45.17,0,Medium,20.24,P4 - Monitor,Offer annual contract incentive
0285-INHLN,27,Month-to-month,DSL,Credit card (automatic),54.75,1510.3,No,Yes,21.61,0,Low,11.83,P4 - Monitor,Offer annual contract incentive
5125-CNDSP,63,One year,DSL,Bank transfer (automatic),40.6,2588.95,Yes,Yes,10.18,0,Low,4.13,P4 - Monitor,Standard retention campaign
4992-LTJNE,72,Two year,DSL,Bank transfer (automatic),55.3,3983.6,No,Yes,7.51,0,Low,4.15,P4 - Monitor,Offer Tech Support trial/bundle
2202-OUTMO,34,Month-to-month,DSL,Bank transfer (automatic),60.85,2003.6,Yes,Yes,22.95,0,Low,13.97,P4 - Monitor,Offer annual contract incentive
0810-BDHAW,24,One year,DSL,Electronic check,78.4,1832.4,No,Yes,27.06,0,Medium,21.22,P4 - Monitor,Offer Tech Support trial/bundle
0229-LFJAF,72,Two year,DSL,Bank transfer (automatic),69.65,4908.25,Yes,Yes,5.06,0,Low,3.52,P4 - Monitor,Standard retention campaign
7131-ZQZNK,60,Two year,DSL,Credit card (automatic),59.85,3590.2,Yes,Yes,7.17,0,Low,4.29,P4 - Monitor,Standard retention campaign
3442-ZHHCC,68,One year,DSL,Credit card (automatic),76.9,5023.0,No,Yes,25.13,0,Medium,19.32,P4 - Monitor,Offer Tech Support trial/bundle
5726-CVNYA,8,Two year,No,Mailed check,19.85,146.6,No internet service,No internet service,12.38,0,Low,2.46,P4 - Monitor,Standard retention campaign
9871-ELEYA,34,Two year,DSL,Credit card (automatic),67.65,2339.3,Yes,Yes,11.21,0,Low,7.58,P4 - Monitor,Standard retention campaign
4257-GAESD,6,Month-to-month,DSL,Credit card (automatic),45.0,298.7,No,No,67.4,1,High,30.33,P3 - Medium,Offer annual contract incentive
5173-WXOQV,2,Month-to-month,DSL,Mailed check,64.2,143.65,Yes,No,54.25,1,High,34.83,P3 - Medium,Offer annual contract incentive
2040-OBMLJ,31,One year,Fiber optic,Credit card (automatic),81.7,2548.65,Yes,No,25.85,0,Medium,21.12,P4 - Monitor,Offer Online Security bundle
6286-ZHAOK,20,Month-to-month,No,Bank transfer (automatic),25.55,507.4,No internet service,No internet service,19.37,0,Low,4.95,P4 - Monitor,Offer annual contract incentive
3807-XHCJH,1,Month-to-month,No,Electronic check,20.0,20.0,No internet service,No internet service,54.85,1,High,10.97,P3 - Medium,Offer annual contract incentive
5671-RQRLP,70,Two year,Fiber optic,Credit card (automatic),75.65,5411.4,No,No,20.06,0,Low,15.18,P4 - Monitor,Offer Tech Support trial/bundle
8859-AXJZP,39,Two year,No,Mailed check,23.8,903.8,No internet service,No internet service,12.19,0,Low,2.9,P4 - Monitor,Standard retention campaign
3174-AKMAS,46,Two year,DSL,Credit card (automatic),64.2,3009.5,Yes,No,9.93,0,Low,6.38,P4 - Monitor,Offer Online Security bundle
9926-PJHDQ,72,Two year,DSL,Bank transfer (automatic),76.8,5468.45,No,No,17.07,0,Low,13.11,P4 - Monitor,Offer Tech Support trial/bundle
7382-DFJTU,18,Month-to-month,DSL,Credit card (automatic),55.2,1058.1,Yes,No,38.86,0,Medium,21.45,P4 - Monitor,Offer annual contract incentive
2798-NYLMZ,71,Two year,Fiber optic,Credit card (automatic),108.55,7616.0,Yes,Yes,32.13,0,Medium,34.88,P4 - Monitor,Review Fiber pricing/service quality
8098-TDCBU,42,Two year,No,Electronic check,25.25,1108.2,No internet service,No internet service,6.41,0,Low,1.62,P4 - Monitor,Promote automatic payment
3551-GAEGL,34,One year,DSL,Bank transfer (automatic),30.4,938.65,No,Yes,22.28,0,Low,6.77,P4 - Monitor,Offer Tech Support trial/bundle
4785-NKHCX,5,Month-to-month,No,Bank transfer (automatic),20.05,94.15,No internet service,No internet service,39.07,0,Medium,7.83,P4 - Monitor,Offer annual contract incentive
3196-NVXLZ,25,Month-to-month,Fiber optic,Mailed check,84.6,2088.05,No,No,71.77,1,High,60.72,P2 - High,Offer annual contract incentive
0036-IHMOT,55,One year,Fiber optic,Bank transfer (automatic),103.7,5656.75,Yes,No,6.72,0,Low,6.97,P4 - Monitor,Offer Online Security bundle
4178-EGMON,70,Two year,Fiber optic,Credit card (automatic),88.0,5986.45,Yes,Yes,10.74,0,Low,9.45,P4 - Monitor,Review Fiber pricing/service quality
4220-TINQT,61,Month-to-month,Fiber optic,Electronic check,106.35,6751.35,Yes,No,63.56,1,High,67.6,P2 - High,Offer annual contract incentive
5318-YKDPV,43,Two year,DSL,Credit card (automatic),79.15,3566.6,Yes,Yes,8.12,0,Low,6.43,P4 - Monitor,Standard retention campaign
7975-TZMLR,47,One year,Fiber optic,Electronic check,103.1,4889.3,No,No,57.79,1,High,59.58,P2 - High,Offer Tech Support trial/bundle
0295-QVKPB,5,Month-to-month,DSL,Credit card (automatic),63.95,318.1,Yes,No,53.51,1,High,34.22,P3 - Medium,Offer annual contract incentive
4335-BSMJS,62,Two year,No,Credit card (automatic),25.8,1563.95,No internet service,No internet service,4.31,0,Low,1.11,P4 - Monitor,Standard retention campaign
9146-JRIOX,14,Month-to-month,No,Mailed check,25.55,372.45,No internet service,No internet service,21.65,0,Low,5.53,P4 - Monitor,Offer annual contract incentive
5337-IIWKZ,34,Month-to-month,DSL,Electronic check,44.85,1442.6,Yes,No,22.8,0,Low,10.23,P4 - Monitor,Offer annual contract incentive
9650-VBUOG,38,Two year,No,Credit card (automatic),25.05,963.95,No internet service,No internet service,1.71,0,Low,0.43,P4 - Monitor,Standard retention campaign
3487-EARAT,70,One year,DSL,Credit card (automatic),74.1,5222.3,Yes,Yes,23.03,0,Low,17.07,P4 - Monitor,Standard retention campaign
2672-TGEFF,37,Month-to-month,Fiber optic,Electronic check,88.8,3340.55,No,No,19.07,0,Low,16.93,P4 - Monitor,Offer annual contract incentive
4250-WAROZ,60,Month-to-month,Fiber optic,Electronic check,93.25,5774.55,No,Yes,17.16,0,Low,16.0,P4 - Monitor,Offer annual contract incentive
8184-WMOFI,62,One year,DSL,Credit card (automatic),71.4,4487.3,Yes,Yes,17.69,0,Low,12.63,P4 - Monitor,Standard retention campaign
6092-QZVPP,36,Month-to-month,DSL,Credit card (automatic),79.2,2854.95,Yes,Yes,27.71,0,Medium,21.95,P4 - Monitor,Offer annual contract incentive
4625-LAMOB,44,Two year,No,Credit card (automatic),20.4,905.55,No internet service,No internet service,4.19,0,Low,0.85,P4 - Monitor,Standard retention campaign
0392-BZIUW,72,Two year,Fiber optic,Credit card (automatic),105.0,7589.8,No,Yes,22.83,0,Low,23.97,P4 - Monitor,Offer Tech Support trial/bundle
6549-NNDYT,13,Month-to-month,DSL,Bank transfer (automatic),30.85,394.1,No,Yes,52.66,1,High,16.25,P3 - Medium,Offer annual contract incentive
0422-OHQHQ,15,One year,No,Mailed check,20.55,295.95,No internet service,No internet service,9.15,0,Low,1.88,P4 - Monitor,Standard retention campaign
6916-HIJSE,65,Two year,DSL,Bank transfer (automatic),84.85,5459.2,Yes,Yes,5.56,0,Low,4.72,P4 - Monitor,Standard retention campaign
2316-ESMLS,12,One year,DSL,Credit card (automatic),33.15,444.75,Yes,Yes,21.67,0,Low,7.18,P4 - Monitor,Standard retention campaign
9778-OGKQZ,72,Two year,DSL,Credit card (automatic),92.0,6782.15,Yes,Yes,6.61,0,Low,6.08,P4 - Monitor,Standard retention campaign
7408-OFWXJ,72,Two year,DSL,Credit card (automatic),89.8,6510.45,Yes,Yes,7.98,0,Low,7.17,P4 - Monitor,Standard retention campaign
6007-TCTST,72,Two year,Fiber optic,Bank transfer (automatic),115.8,8476.5,Yes,Yes,1.87,0,Low,2.17,P4 - Monitor,Review Fiber pricing/service quality
2252-NKNSI,52,Two year,DSL,Mailed check,85.15,4461.85,Yes,Yes,8.46,0,Low,7.2,P4 - Monitor,Standard retention campaign
8713-IGZSO,2,Month-to-month,No,Mailed check,24.85,62.0,No internet service,No internet service,31.53,0,Medium,7.84,P4 - Monitor,Offer annual contract incentive
7905-TVXTA,5,Month-to-month,DSL,Electronic check,64.35,352.65,Yes,Yes,58.99,1,High,37.96,P3 - Medium,Offer annual contract incentive
7695-PKLCZ,68,Two year,No,Credit card (automatic),20.5,1424.9,No internet service,No internet service,2.68,0,Low,0.55,P4 - Monitor,Standard retention campaign
8374-UULRV,72,Two year,DSL,Credit card (automatic),86.05,6309.65,Yes,Yes,8.88,0,Low,7.64,P4 - Monitor,Standard retention campaign
3224-DFQNQ,66,One year,Fiber optic,Electronic check,89.0,5898.6,Yes,Yes,29.9,0,Medium,26.61,P4 - Monitor,Promote automatic payment
5275-PMFUT,72,Two year,DSL,Credit card (automatic),64.8,4719.75,Yes,Yes,4.12,0,Low,2.67,P4 - Monitor,Standard retention campaign
4795-UXVCJ,26,One year,No,Credit card (automatic),19.8,457.3,No internet service,No internet service,4.31,0,Low,0.85,P4 - Monitor,Standard retention campaign
9777-IQHWP,64,Two year,Fiber optic,Bank transfer (automatic),93.4,5822.3,No,Yes,4.19,0,Low,3.91,P4 - Monitor,Offer Tech Support trial/bundle
0979-MOZQI,62,Two year,DSL,Bank transfer (automatic),39.0,2337.45,Yes,No,10.17,0,Low,3.97,P4 - Monitor,Offer Online Security bundle
2732-ISEZX,5,Month-to-month,No,Mailed check,20.5,104.3,No internet service,No internet service,29.07,0,Medium,5.96,P4 - Monitor,Offer annual contract incentive
0323-XWWTN,3,Two year,No,Mailed check,26.4,121.25,No internet service,No internet service,7.5,0,Low,1.98,P4 - Monitor,Standard retention campaign
1937-OTUKY,72,Two year,Fiber optic,Bank transfer (automatic),98.2,7015.9,Yes,Yes,17.43,0,Low,17.12,P4 - Monitor,Review Fiber pricing/service quality
1573-LGXBA,57,One year,Fiber optic,Credit card (automatic),97.55,5598.0,No,No,7.31,0,Low,7.13,P4 - Monitor,Offer Tech Support trial/bundle
1764-VUUMT,66,Two year,No,Credit card (automatic),19.95,1269.1,No internet service,No internet service,1.23,0,Low,0.25,P4 - Monitor,Standard retention campaign
4713-ZBURT,45,Two year,Fiber optic,Bank transfer (automatic),99.7,4634.35,No,No,11.07,0,Low,11.04,P4 - Monitor,Offer Tech Support trial/bundle
3050-GBUSH,3,Month-to-month,DSL,Credit card (automatic),34.8,113.95,No,No,73.61,1,High,25.62,P3 - Medium,Offer annual contract incentive
7876-AEHIG,51,One year,DSL,Bank transfer (automatic),60.15,3077.0,Yes,Yes,17.42,0,Low,10.48,P4 - Monitor,Standard retention campaign
7945-HLKEA,60,One year,DSL,Electronic check,64.75,4039.5,Yes,Yes,15.67,0,Low,10.15,P4 - Monitor,Promote automatic payment
9342-VNIMQ,33,Month-to-month,DSL,Bank transfer (automatic),54.65,1665.2,No,No,39.31,0,Medium,21.48,P4 - Monitor,Offer annual contract incentive
3523-BRGUW,26,One year,No,Credit card (automatic),19.3,504.2,No internet service,No internet service,4.7,0,Low,0.91,P4 - Monitor,Standard retention campaign
3199-NPKCN,67,One year,Fiber optic,Electronic check,111.25,7511.65,Yes,Yes,44.67,0,Medium,49.7,P4 - Monitor,Promote automatic payment
5170-PTRKA,49,One year,DSL,Credit card (automatic),35.8,1782.0,Yes,Yes,11.85,0,Low,4.24,P4 - Monitor,Standard retention campaign
4661-NJEUX,1,Month-to-month,No,Mailed check,20.05,20.05,No internet service,No internet service,60.95,1,High,12.22,P3 - Medium,Offer annual contract incentive
2123-AGEEN,7,Month-to-month,Fiber optic,Electronic check,84.35,609.65,No,No,87.01,1,Critical,73.39,P2 - High,Offer annual contract incentive
1258-YMZNM,27,One year,Fiber optic,Bank transfer (automatic),110.5,2857.6,No,Yes,43.62,0,Medium,48.2,P4 - Monitor,Offer Tech Support trial/bundle
0048-LUMLS,37,One year,Fiber optic,Credit card (automatic),91.2,3247.55,No,No,7.61,0,Low,6.94,P4 - Monitor,Offer Tech Support trial/bundle
5898-IGSLP,31,Month-to-month,Fiber optic,Electronic check,89.3,2823.0,Yes,Yes,16.27,0,Low,14.53,P4 - Monitor,Offer annual contract incentive
6259-WJQLC,32,Month-to-month,Fiber optic,Credit card (automatic),81.1,2619.25,No,No,67.32,1,High,54.6,P2 - High,Offer annual contract incentive
7997-EASSD,63,One year,Fiber optic,Credit card (automatic),81.2,4965.1,Yes,No,25.65,0,Medium,20.83,P4 - Monitor,Offer Online Security bundle
0730-KOAVE,30,Month-to-month,Fiber optic,Credit card (automatic),94.3,2679.7,No,Yes,61.36,1,High,57.86,P2 - High,Offer annual contract incentive
8975-SKGRX,71,Two year,Fiber optic,Bank transfer (automatic),116.1,8310.55,Yes,Yes,19.15,0,Low,22.23,P4 - Monitor,Review Fiber pricing/service quality
0678-RLHVP,53,Two year,Fiber optic,Electronic check,105.55,5682.25,No,No,40.09,0,Medium,42.31,P4 - Monitor,Offer Tech Support trial/bundle
2267-FPIMA,50,Month-to-month,Fiber optic,Credit card (automatic),94.4,4914.9,No,Yes,54.38,1,High,51.33,P2 - High,Offer annual contract incentive
1051-GEJLJ,2,Month-to-month,No,Mailed check,19.5,27.55,No internet service,No internet service,44.71,0,Medium,8.72,P4 - Monitor,Offer annual contract incentive
5285-MVEHD,56,One year,Fiber optic,Credit card (automatic),105.6,6068.65,No,Yes,46.7,0,Medium,49.32,P4 - Monitor,Offer Tech Support trial/bundle
0379-DJQHR,67,Two year,DSL,Credit card (automatic),81.35,5398.6,No,Yes,9.82,0,Low,7.99,P4 - Monitor,Offer Tech Support trial/bundle
5543-QDCRY,4,Month-to-month,DSL,Electronic check,56.4,234.85,No,No,66.06,1,High,37.26,P3 - Medium,Offer annual contract incentive
0297-RBCSG,19,One year,DSL,Bank transfer (automatic),65.35,1231.85,Yes,No,35.81,0,Medium,23.4,P4 - Monitor,Offer Online Security bundle
4694-PHWFW,8,Month-to-month,No,Mailed check,19.95,170.9,No internet service,No internet service,17.02,0,Low,3.4,P4 - Monitor,Offer annual contract incentive
0835-JKADZ,71,Two year,Fiber optic,Electronic check,111.25,7984.15,Yes,No,23.09,0,Low,25.69,P4 - Monitor,Offer Online Security bundle
7508-SMHXL,15,Month-to-month,Fiber optic,Credit card (automatic),89.0,1288.3,No,No,72.29,1,High,64.34,P2 - High,Offer annual contract incentive
3865-YIOTT,72,One year,Fiber optic,Bank transfer (automatic),106.1,7848.5,No,Yes,7.62,0,Low,8.08,P4 - Monitor,Offer Tech Support trial/bundle
5993-BQHEA,12,One year,No,Credit card (automatic),20.05,267.0,No internet service,No internet service,6.58,0,Low,1.32,P4 - Monitor,Standard retention campaign
6024-RUGGH,72,Two year,No,Bank transfer (automatic),25.2,1798.9,No internet service,No internet service,1.0,0,Low,0.25,P4 - Monitor,Standard retention campaign
3956-CJUST,23,Month-to-month,Fiber optic,Bank transfer (automatic),75.4,1643.55,No,Yes,61.66,1,High,46.49,P3 - Medium,Offer annual contract incentive
4079-WWQQQ,72,Two year,DSL,Bank transfer (automatic),65.55,4807.45,Yes,Yes,3.75,0,Low,2.46,P4 - Monitor,Standard retention campaign
6103-BOCOU,26,Month-to-month,Fiber optic,Electronic check,80.7,2193.0,No,No,75.84,1,Critical,61.2,P2 - High,Offer annual contract incentive
5149-TGWDZ,21,One year,Fiber optic,Mailed check,104.55,2239.4,Yes,No,48.36,0,Medium,50.56,P4 - Monitor,Offer Online Security bundle
7471-WNSUF,60,One year,No,Bank transfer (automatic),24.15,1505.9,No internet service,No internet service,9.63,0,Low,2.33,P4 - Monitor,Standard retention campaign
8942-DBMHZ,12,Month-to-month,No,Mailed check,20.45,255.35,No internet service,No internet service,26.02,0,Medium,5.32,P4 - Monitor,Offer annual contract incentive
4301-VVZKA,16,Month-to-month,Fiber optic,Electronic check,75.4,1189.4,No,No,80.11,1,Critical,60.4,P2 - High,Offer annual contract incentive
9199-PWQVC,63,One year,DSL,Credit card (automatic),79.7,4786.15,No,Yes,22.46,0,Low,17.9,P4 - Monitor,Offer Tech Support trial/bundle
4824-GUCBY,22,Month-to-month,Fiber optic,Electronic check,81.7,1820.9,No,Yes,59.39,1,High,48.52,P3 - Medium,Offer annual contract incentive
5393-HJZSM,32,Month-to-month,DSL,Bank transfer (automatic),76.3,2404.15,Yes,Yes,17.89,0,Low,13.65,P4 - Monitor,Offer annual contract incentive
0862-PRCBS,68,Two year,Fiber optic,Credit card (automatic),103.75,7039.45,Yes,No,4.15,0,Low,4.31,P4 - Monitor,Offer Online Security bundle
8812-ZRHFP,30,One year,Fiber optic,Electronic check,86.45,2538.05,No,No,8.68,0,Low,7.5,P4 - Monitor,Offer Tech Support trial/bundle
5146-CBVOE,16,Month-to-month,Fiber optic,Bank transfer (automatic),75.1,1212.85,No,No,62.88,1,High,47.22,P3 - Medium,Offer annual contract incentive
0454-OKRCT,33,Two year,Fiber optic,Bank transfer (automatic),80.6,2651.1,Yes,No,16.41,0,Low,13.23,P4 - Monitor,Offer Online Security bundle
5787-KXGIY,72,Two year,No,Credit card (automatic),19.3,1304.8,No internet service,No internet service,5.11,0,Low,0.99,P4 - Monitor,Standard retention campaign
4198-VFOEA,12,One year,DSL,Mailed check,33.6,435.45,Yes,Yes,21.43,0,Low,7.2,P4 - Monitor,Standard retention campaign
6630-UJZMY,4,Month-to-month,Fiber optic,Electronic check,83.25,308.05,No,No,89.2,1,Critical,74.26,P2 - High,Offer annual contract incentive
2692-AQCPF,65,One year,Fiber optic,Credit card (automatic),108.05,7118.9,Yes,No,45.98,0,Medium,49.68,P4 - Monitor,Offer Online Security bundle
0347-UBKUZ,15,Month-to-month,No,Mailed check,19.9,320.45,No internet service,No internet service,29.08,0,Medium,5.79,P4 - Monitor,Offer annual contract incentive
0835-DUUIQ,24,One year,No,Bank transfer (automatic),21.05,531.55,No internet service,No internet service,11.3,0,Low,2.38,P4 - Monitor,Standard retention campaign
0811-GSDTP,13,Month-to-month,DSL,Electronic check,30.15,382.2,No,No,30.26,0,Medium,9.12,P4 - Monitor,Offer annual contract incentive
7567-ECMCM,24,Month-to-month,Fiber optic,Credit card (automatic),79.85,2001.0,No,No,66.81,1,High,53.35,P2 - High,Offer annual contract incentive
6115-ZTBFQ,72,Two year,DSL,Bank transfer (automatic),65.5,4919.7,Yes,Yes,4.15,0,Low,2.72,P4 - Monitor,Standard retention campaign
6353-BRMMA,54,Month-to-month,Fiber optic,Bank transfer (automatic),104.1,5645.8,No,Yes,17.37,0,Low,18.08,P4 - Monitor,Offer annual contract incentive
6231-WFGFH,4,Month-to-month,No,Mailed check,20.5,77.6,No internet service,No internet service,21.77,0,Low,4.46,P4 - Monitor,Offer annual contract incentive
9904-EHEVJ,32,Month-to-month,Fiber optic,Mailed check,91.35,2896.55,No,No,22.01,0,Low,20.11,P4 - Monitor,Offer annual contract incentive
6169-PPETC,35,Two year,No,Bank transfer (automatic),20.5,759.35,No internet service,No internet service,0.59,0,Low,0.12,P4 - Monitor,Standard retention campaign
8584-KMVXD,8,Month-to-month,Fiber optic,Electronic check,75.6,535.55,No,No,73.79,1,High,55.79,P2 - High,Offer annual contract incentive
8467-WYNSR,22,Month-to-month,DSL,Mailed check,55.1,1253.15,Yes,Yes,31.51,0,Medium,17.36,P4 - Monitor,Offer annual contract incentive
0851-DFJKB,15,Month-to-month,DSL,Electronic check,58.95,955.15,Yes,Yes,44.56,0,Medium,26.27,P4 - Monitor,Offer annual contract incentive
5382-SOYZL,22,Month-to-month,Fiber optic,Electronic check,95.1,2162.6,No,No,81.47,1,Critical,77.48,P1 - Immediate,Offer annual contract incentive
3261-CQXOL,71,Two year,No,Bank transfer (automatic),25.45,1813.35,No internet service,No internet service,0.48,0,Low,0.12,P4 - Monitor,Standard retention campaign
8388-FYNPZ,4,Month-to-month,DSL,Electronic check,56.75,245.15,No,Yes,52.31,1,High,29.69,P3 - Medium,Offer annual contract incentive
4002-BQWPQ,25,Month-to-month,DSL,Bank transfer (automatic),81.75,2028.8,Yes,Yes,25.71,0,Medium,21.02,P4 - Monitor,Offer annual contract incentive
5651-YLPRD,32,Month-to-month,Fiber optic,Electronic check,86.1,2723.75,No,No,20.21,0,Low,17.4,P4 - Monitor,Offer annual contract incentive
2826-DXLQO,7,Month-to-month,DSL,Bank transfer (automatic),29.8,220.45,No,Yes,59.11,1,High,17.61,P3 - Medium,Offer annual contract incentive
4378-BZYFP,17,One year,No,Mailed check,20.5,365.8,No internet service,No internet service,5.79,0,Low,1.19,P4 - Monitor,Standard retention campaign
9489-UTFKA,8,Month-to-month,DSL,Bank transfer (automatic),60.9,551.95,No,Yes,50.19,1,High,30.57,P3 - Medium,Offer annual contract incentive
4849-PYRLQ,56,Two year,DSL,Bank transfer (automatic),73.25,4054.2,Yes,Yes,9.62,0,Low,7.05,P4 - Monitor,Standard retention campaign
7764-BDPEE,3,Month-to-month,No,Mailed check,20.85,60.65,No internet service,No internet service,17.08,0,Low,3.56,P4 - Monitor,Offer annual contract incentive
3429-IFLEM,71,Two year,DSL,Credit card (automatic),77.35,5550.1,Yes,Yes,8.61,0,Low,6.66,P4 - Monitor,Standard retention campaign
5002-GCQFH,49,Month-to-month,Fiber optic,Bank transfer (automatic),93.85,4733.1,No,Yes,54.35,1,High,51.01,P2 - High,Offer annual contract incentive
0556-FJEGU,58,Two year,DSL,Bank transfer (automatic),70.1,4048.95,Yes,No,5.79,0,Low,4.06,P4 - Monitor,Offer Online Security bundle
0604-THJFP,59,Two year,DSL,Credit card (automatic),75.95,4542.35,Yes,No,6.44,0,Low,4.89,P4 - Monitor,Offer Online Security bundle
5879-SESNB,11,Month-to-month,Fiber optic,Electronic check,75.25,888.65,No,No,78.42,1,Critical,59.01,P2 - High,Offer annual contract incentive
6461-PPAXN,35,One year,DSL,Bank transfer (automatic),54.95,1916.0,Yes,Yes,9.95,0,Low,5.47,P4 - Monitor,Standard retention campaign
3318-ISQFQ,20,Month-to-month,No,Bank transfer (automatic),19.5,413.0,No internet service,No internet service,23.32,0,Low,4.55,P4 - Monitor,Offer annual contract incentive
1106-HRLKZ,40,Two year,No,Mailed check,19.6,808.95,No internet service,No internet service,0.49,0,Low,0.1,P4 - Monitor,Standard retention campaign
2483-XSSMZ,39,One year,DSL,Electronic check,47.85,1886.4,No,Yes,22.52,0,Low,10.78,P4 - Monitor,Offer Tech Support trial/bundle
8165-ZJRNM,72,Two year,No,Bank transfer (automatic),23.75,1679.25,No internet service,No internet service,0.87,0,Low,0.21,P4 - Monitor,Standard retention campaign
2604-XVDAM,12,Month-to-month,DSL,Bank transfer (automatic),43.8,540.95,No,No,52.89,1,High,23.17,P3 - Medium,Offer annual contract incentive
3717-OFRTN,1,Month-to-month,No,Bank transfer (automatic),19.75,19.75,No internet service,No internet service,47.85,0,Medium,9.45,P4 - Monitor,Offer annual contract incentive
9046-JBFWA,27,Month-to-month,No,Mailed check,19.15,537.35,No internet service,No internet service,13.87,0,Low,2.66,P4 - Monitor,Offer annual contract incentive
3280-NMUVX,34,One year,No,Credit card (automatic),19.6,678.8,No internet service,No internet service,4.38,0,Low,0.86,P4 - Monitor,Standard retention campaign
1206-EHBDD,56,Two year,Fiber optic,Bank transfer (automatic),80.3,4513.65,No,Yes,13.93,0,Low,11.19,P4 - Monitor,Offer Tech Support trial/bundle
8361-LBRDI,58,Two year,No,Credit card (automatic),24.35,1423.85,No internet service,No internet service,5.14,0,Low,1.25,P4 - Monitor,Standard retention campaign
4883-KCPZJ,22,Two year,No,Credit card (automatic),25.25,555.4,No internet service,No internet service,2.67,0,Low,0.67,P4 - Monitor,Standard retention campaign
9108-EQPNQ,10,Two year,No,Credit card (automatic),26.1,225.55,No internet service,No internet service,4.58,0,Low,1.2,P4 - Monitor,Standard retention campaign
7277-KAMWT,13,Two year,No,Credit card (automatic),20.0,268.45,No internet service,No internet service,6.02,0,Low,1.2,P4 - Monitor,Standard retention campaign
2545-LXYVJ,72,Two year,No,Bank transfer (automatic),20.7,1492.1,No internet service,No internet service,3.22,0,Low,0.67,P4 - Monitor,Standard retention campaign
3234-VKACU,2,Month-to-month,DSL,Electronic check,70.3,132.4,Yes,No,60.49,1,High,42.52,P3 - Medium,Offer annual contract incentive
8120-JDCAM,4,Month-to-month,Fiber optic,Mailed check,69.55,284.9,No,No,53.13,1,High,36.95,P3 - Medium,Offer annual contract incentive
8917-FAEMR,37,Two year,No,Mailed check,19.85,784.25,No internet service,No internet service,3.88,0,Low,0.77,P4 - Monitor,Standard retention campaign
7047-YXDMZ,21,Month-to-month,No,Mailed check,20.0,417.7,No internet service,No internet service,20.26,0,Low,4.05,P4 - Monitor,Offer annual contract incentive
2858-EIMXH,53,One year,Fiber optic,Credit card (automatic),95.85,5016.25,No,No,48.42,0,Medium,46.41,P4 - Monitor,Offer Tech Support trial/bundle
6419-ZTTLE,23,One year,No,Electronic check,20.75,485.2,No internet service,No internet service,5.6,0,Low,1.16,P4 - Monitor,Promote automatic payment
0929-HYQEW,3,Month-to-month,DSL,Mailed check,50.15,160.85,No,Yes,62.78,1,High,31.48,P3 - Medium,Offer annual contract incentive
6614-YOLAC,71,Two year,DSL,Mailed check,58.65,4145.25,Yes,Yes,5.59,0,Low,3.28,P4 - Monitor,Standard retention campaign
7426-RHZGU,9,Month-to-month,Fiber optic,Bank transfer (automatic),95.9,827.45,Yes,No,75.85,1,Critical,72.74,P2 - High,Offer annual contract incentive
4065-JJAVA,1,Month-to-month,DSL,Electronic check,49.5,49.5,No,No,68.83,1,High,34.07,P3 - Medium,Offer annual contract incentive
7649-SIJJF,71,Two year,DSL,Mailed check,80.1,5585.4,Yes,Yes,4.46,0,Low,3.57,P4 - Monitor,Standard retention campaign
9361-YNQWJ,64,One year,No,Bank transfer (automatic),24.4,1601.2,No internet service,No internet service,7.37,0,Low,1.8,P4 - Monitor,Standard retention campaign
3748-FVMZZ,4,Month-to-month,DSL,Electronic check,40.05,162.45,Yes,No,68.78,1,High,27.55,P3 - Medium,Offer annual contract incentive
9391-TTOYH,23,Month-to-month,No,Mailed check,19.5,470.2,No internet service,No internet service,23.28,0,Low,4.54,P4 - Monitor,Offer annual contract incentive
1452-XRSJV,39,Month-to-month,DSL,Credit card (automatic),51.05,2066.0,No,Yes,20.18,0,Low,10.3,P4 - Monitor,Offer annual contract incentive
3422-WJOYD,28,One year,DSL,Mailed check,54.35,1426.45,Yes,Yes,12.44,0,Low,6.76,P4 - Monitor,Standard retention campaign
8242-SOQUO,5,Month-to-month,Fiber optic,Electronic check,84.7,392.5,No,No,85.82,1,Critical,72.69,P2 - High,Offer annual contract incentive
7460-ITWWP,45,Month-to-month,Fiber optic,Electronic check,86.1,3861.45,No,No,71.13,1,High,61.24,P2 - High,Offer annual contract incentive
7147-AYBAA,37,Month-to-month,Fiber optic,Mailed check,70.35,2552.9,No,No,61.36,1,High,43.17,P3 - Medium,Offer annual contract incentive
7868-TMWMZ,60,Two year,Fiber optic,Bank transfer (automatic),110.0,6668.35,Yes,Yes,24.66,0,Low,27.13,P4 - Monitor,Review Fiber pricing/service quality
6732-FZUGP,47,One year,Fiber optic,Credit card (automatic),94.9,4615.25,No,Yes,27.99,0,Medium,26.56,P4 - Monitor,Offer Tech Support trial/bundle
8329-GWVPJ,50,Month-to-month,Fiber optic,Bank transfer (automatic),69.75,3557.7,No,No,20.76,0,Low,14.48,P4 - Monitor,Offer annual contract incentive
1352-VHKAJ,27,Month-to-month,DSL,Bank transfer (automatic),71.6,1957.1,Yes,No,11.88,0,Low,8.51,P4 - Monitor,Offer annual contract incentive
2632-TACXW,62,Two year,No,Bank transfer (automatic),23.65,1416.75,No internet service,No internet service,3.97,0,Low,0.94,P4 - Monitor,Standard retention campaign
8146-QQKZH,71,Two year,DSL,Bank transfer (automatic),81.85,5924.4,Yes,Yes,5.67,0,Low,4.64,P4 - Monitor,Standard retention campaign
1767-CJKBA,66,Two year,No,Mailed check,25.1,1697.7,No internet service,No internet service,4.15,0,Low,1.04,P4 - Monitor,Standard retention campaign
6445-TNRXS,68,Two year,Fiber optic,Bank transfer (automatic),114.7,7849.85,Yes,Yes,3.56,0,Low,4.08,P4 - Monitor,Review Fiber pricing/service quality
4581-LNWUM,13,Month-to-month,DSL,Electronic check,49.15,649.4,No,No,63.81,1,High,31.36,P3 - Medium,Offer annual contract incentive
4869-EPIUS,56,One year,Fiber optic,Electronic check,80.9,4557.5,No,No,43.59,0,Medium,35.26,P4 - Monitor,Offer Tech Support trial/bundle
1915-OAKWD,16,One year,No,Bank transfer (automatic),19.3,360.35,No internet service,No internet service,12.82,0,Low,2.47,P4 - Monitor,Standard retention campaign
7296-PIXQY,14,Month-to-month,Fiber optic,Electronic check,70.2,1046.5,No,No,40.68,0,Medium,28.56,P4 - Monitor,Offer annual contract incentive
3354-OADJP,8,One year,DSL,Bank transfer (automatic),54.25,447.75,Yes,Yes,18.32,0,Low,9.94,P4 - Monitor,Standard retention campaign
3524-WQDSG,43,Month-to-month,Fiber optic,Bank transfer (automatic),99.3,4209.95,No,No,25.89,0,Medium,25.71,P4 - Monitor,Offer annual contract incentive
0810-DHDBD,52,One year,DSL,Credit card (automatic),74.0,3877.65,Yes,Yes,19.11,0,Low,14.14,P4 - Monitor,Standard retention campaign
4026-SKKHW,3,Month-to-month,DSL,Mailed check,50.25,152.3,Yes,No,62.89,1,High,31.6,P3 - Medium,Offer annual contract incentive
2829-HYVZP,29,One year,No,Mailed check,19.8,572.2,No internet service,No internet service,5.33,0,Low,1.06,P4 - Monitor,Standard retention campaign
3845-JHAMY,16,Month-to-month,DSL,Credit card (automatic),35.5,552.7,No,No,28.11,0,Medium,9.98,P4 - Monitor,Offer annual contract incentive
7013-PSXHK,40,One year,DSL,Mailed check,80.75,3208.65,Yes,No,30.37,0,Medium,24.52,P4 - Monitor,Offer Online Security bundle
3486-NPGST,36,One year,No,Mailed check,19.55,620.75,No internet service,No internet service,4.87,0,Low,0.95,P4 - Monitor,Standard retention campaign
6100-FJZDG,26,One year,No,Bank transfer (automatic),20.05,505.9,No internet service,No internet service,5.96,0,Low,1.19,P4 - Monitor,Standard retention campaign
4829-ZLJTK,72,Two year,Fiber optic,Electronic check,112.4,8046.85,No,Yes,15.06,0,Low,16.93,P4 - Monitor,Offer Tech Support trial/bundle
1730-VFMWO,34,Month-to-month,DSL,Bank transfer (automatic),50.2,1815.3,Yes,No,27.12,0,Medium,13.61,P4 - Monitor,Offer annual contract incentive
7143-BQIBA,10,Month-to-month,DSL,Bank transfer (automatic),62.25,612.95,Yes,Yes,41.48,0,Medium,25.82,P4 - Monitor,Offer annual contract incentive
3800-LYTRK,14,One year,DSL,Mailed check,55.7,795.15,Yes,Yes,17.53,0,Low,9.76,P4 - Monitor,Standard retention campaign
9646-NMHXE,47,Two year,No,Mailed check,19.65,973.1,No internet service,No internet service,5.14,0,Low,1.01,P4 - Monitor,Standard retention campaign
7030-NJVDP,24,Month-to-month,Fiber optic,Electronic check,89.25,2210.2,Yes,Yes,56.24,1,High,50.19,P2 - High,Offer annual contract incentive
8883-GRDWQ,20,One year,DSL,Mailed check,54.0,1055.9,Yes,Yes,19.82,0,Low,10.7,P4 - Monitor,Standard retention campaign
7771-ZONAT,22,Two year,DSL,Bank transfer (automatic),56.75,1304.85,Yes,No,11.87,0,Low,6.74,P4 - Monitor,Offer Online Security bundle
2111-DWYHN,1,Month-to-month,No,Mailed check,21.1,21.1,No internet service,No internet service,49.23,0,Medium,10.39,P4 - Monitor,Offer annual contract incentive
4194-WHFCB,59,Month-to-month,Fiber optic,Bank transfer (automatic),96.65,5580.8,Yes,No,12.25,0,Low,11.84,P4 - Monitor,Offer annual contract incentive
4121-AGSIN,58,One year,No,Credit card (automatic),24.5,1497.9,No internet service,No internet service,7.2,0,Low,1.76,P4 - Monitor,Standard retention campaign
9845-PEEKO,59,Two year,Fiber optic,Credit card (automatic),79.2,4590.35,No,No,18.11,0,Low,14.34,P4 - Monitor,Offer Tech Support trial/bundle
0455-XFASS,3,Month-to-month,Fiber optic,Electronic check,69.55,200.2,No,No,59.9,1,High,41.66,P3 - Medium,Offer annual contract incentive
0301-KOBTQ,32,Two year,No,Bank transfer (automatic),20.05,614.45,No internet service,No internet service,6.43,0,Low,1.29,P4 - Monitor,Standard retention campaign
1751-NCDLI,46,Month-to-month,Fiber optic,Electronic check,98.85,4564.9,No,No,78.91,1,Critical,78.0,P1 - Immediate,Offer annual contract incentive
9170-ARBTB,52,One year,No,Credit card (automatic),19.6,1012.4,No internet service,No internet service,7.17,0,Low,1.41,P4 - Monitor,Standard retention campaign
7241-AJHFS,32,Month-to-month,Fiber optic,Bank transfer (automatic),87.65,2766.4,Yes,Yes,38.52,0,Medium,33.76,P4 - Monitor,Offer annual contract incentive
4546-FOKWR,16,Month-to-month,Fiber optic,Credit card (automatic),74.75,1129.35,No,No,77.27,1,Critical,57.76,P2 - High,Offer annual contract incentive
9036-CSKBW,51,One year,Fiber optic,Bank transfer (automatic),107.45,5680.9,No,Yes,38.46,0,Medium,41.33,P4 - Monitor,Offer Tech Support trial/bundle
5832-TRLPB,29,One year,DSL,Bank transfer (automatic),75.35,2243.9,Yes,No,31.68,0,Medium,23.87,P4 - Monitor,Offer Online Security bundle
8590-YFFQO,70,Two year,DSL,Credit card (automatic),64.95,4523.25,Yes,Yes,7.18,0,Low,4.66,P4 - Monitor,Standard retention campaign
8659-IOOPU,71,Two year,Fiber optic,Electronic check,100.45,7159.7,Yes,Yes,3.9,0,Low,3.92,P4 - Monitor,Promote automatic payment
1338-CECEE,41,One year,DSL,Bank transfer (automatic),68.5,2839.95,No,No,20.96,0,Low,14.36,P4 - Monitor,Offer Tech Support trial/bundle
7439-DKZTW,1,Month-to-month,Fiber optic,Electronic check,80.55,80.55,No,No,91.16,1,Critical,73.43,P2 - High,Offer annual contract incentive
4646-QZXTF,7,Month-to-month,DSL,Bank transfer (automatic),81.25,580.1,Yes,Yes,46.41,0,Medium,37.71,P4 - Monitor,Offer annual contract incentive
9742-XOKTS,67,One year,Fiber optic,Electronic check,89.55,6038.55,Yes,Yes,5.92,0,Low,5.3,P4 - Monitor,Promote automatic payment
6921-OZMFH,5,Month-to-month,DSL,Mailed check,55.7,259.4,Yes,No,37.74,0,Medium,21.02,P4 - Monitor,Offer annual contract incentive
9578-FOMUK,15,Month-to-month,No,Electronic check,24.8,324.15,No internet service,No internet service,28.39,0,Medium,7.04,P4 - Monitor,Offer annual contract incentive
4712-UYOOI,20,Month-to-month,No,Electronic check,20.0,417.65,No internet service,No internet service,16.17,0,Low,3.23,P4 - Monitor,Offer annual contract incentive
7722-CVFXN,54,One year,Fiber optic,Electronic check,105.2,5637.85,Yes,No,11.35,0,Low,11.94,P4 - Monitor,Offer Online Security bundle
8717-VCTXJ,42,One year,No,Mailed check,19.55,839.4,No internet service,No internet service,5.17,0,Low,1.01,P4 - Monitor,Standard retention campaign
7363-QTBIW,9,Month-to-month,Fiber optic,Electronic check,79.75,769.1,No,No,85.43,1,Critical,68.13,P2 - High,Offer annual contract incentive
4159-NAAIX,63,Two year,Fiber optic,Bank transfer (automatic),97.45,6253.0,No,No,29.69,0,Medium,28.93,P4 - Monitor,Offer Tech Support trial/bundle
0971-QIFJK,69,Two year,No,Bank transfer (automatic),24.25,1641.8,No internet service,No internet service,3.54,0,Low,0.86,P4 - Monitor,Standard retention campaign
9397-TZSHA,69,Two year,No,Credit card (automatic),24.6,1678.05,No internet service,No internet service,4.61,0,Low,1.13,P4 - Monitor,Standard retention campaign
3391-JSQEW,40,Month-to-month,DSL,Mailed check,50.15,2058.5,No,No,39.36,0,Medium,19.74,P4 - Monitor,Offer annual contract incentive
0343-QLUZP,60,Two year,DSL,Bank transfer (automatic),39.6,2424.5,No,Yes,6.8,0,Low,2.69,P4 - Monitor,Offer Tech Support trial/bundle
2176-LVPNX,71,Two year,DSL,Mailed check,89.85,6293.45,Yes,Yes,10.43,0,Low,9.37,P4 - Monitor,Standard retention campaign
3312-UUMZW,32,Month-to-month,Fiber optic,Credit card (automatic),98.85,3145.9,No,No,73.11,1,High,72.27,P2 - High,Offer annual contract incentive
1271-UODNO,39,Two year,DSL,Credit card (automatic),53.85,2200.7,Yes,No,15.06,0,Low,8.11,P4 - Monitor,Offer Online Security bundle
8461-EFQYM,38,One year,No,Electronic check,24.25,914.4,No internet service,No internet service,8.6,0,Low,2.09,P4 - Monitor,Promote automatic payment
6900-RBKER,52,Two year,Fiber optic,Credit card (automatic),89.45,4577.75,No,No,25.56,0,Medium,22.86,P4 - Monitor,Offer Tech Support trial/bundle
6891-JPYFF,48,Month-to-month,Fiber optic,Credit card (automatic),105.25,4997.5,No,Yes,19.18,0,Low,20.19,P4 - Monitor,Offer annual contract incentive
1459-QNFQT,70,Two year,DSL,Bank transfer (automatic),59.5,4144.8,Yes,Yes,6.07,0,Low,3.61,P4 - Monitor,Standard retention campaign
1047-NNCBF,20,Month-to-month,Fiber optic,Credit card (automatic),70.55,1493.55,No,No,61.58,1,High,43.44,P3 - Medium,Offer annual contract incentive
3696-XRIEN,50,One year,DSL,Credit card (automatic),82.5,4179.1,Yes,Yes,22.95,0,Low,18.93,P4 - Monitor,Standard retention campaign
0074-HDKDG,25,One year,DSL,Bank transfer (automatic),61.6,1611.0,No,Yes,18.75,0,Low,11.55,P4 - Monitor,Offer Tech Support trial/bundle
8791-GFXLZ,12,Month-to-month,DSL,Bank transfer (automatic),49.05,593.05,No,No,49.47,0,Medium,24.27,P4 - Monitor,Offer annual contract incentive
9330-DHBFL,23,One year,DSL,Mailed check,66.25,1533.8,Yes,Yes,15.06,0,Low,9.98,P4 - Monitor,Standard retention campaign
0098-BOWSO,27,Month-to-month,No,Electronic check,19.4,529.8,No internet service,No internet service,20.83,0,Low,4.04,P4 - Monitor,Offer annual contract incentive
3452-ABWRL,47,Month-to-month,Fiber optic,Credit card (automatic),86.05,3865.6,No,No,72.1,1,High,62.04,P2 - High,Offer annual contract incentive
5859-HZYLF,26,Two year,No,Credit card (automatic),19.15,515.75,No internet service,No internet service,1.31,0,Low,0.25,P4 - Monitor,Standard retention campaign
3156-QLHBO,2,Month-to-month,No,Mailed check,19.25,48.35,No internet service,No internet service,22.42,0,Low,4.32,P4 - Monitor,Offer annual contract incentive
2208-NQBCT,26,Month-to-month,Fiber optic,Electronic check,81.95,2070.05,No,Yes,20.82,0,Low,17.06,P4 - Monitor,Offer annual contract incentive
1779-PWPMG,72,Two year,Fiber optic,Bank transfer (automatic),114.65,8333.95,Yes,Yes,12.33,0,Low,14.14,P4 - Monitor,Review Fiber pricing/service quality
6621-NRZAK,63,Two year,No,Credit card (automatic),20.0,1209.25,No internet service,No internet service,0.45,0,Low,0.09,P4 - Monitor,Standard retention campaign
0831-JNISG,71,Two year,No,Mailed check,19.8,1396.25,No internet service,No internet service,0.5,0,Low,0.1,P4 - Monitor,Standard retention campaign
0774-IFUVM,11,Month-to-month,DSL,Bank transfer (automatic),65.15,723.35,No,Yes,30.62,0,Medium,19.95,P4 - Monitor,Offer annual contract incentive
3082-WQRVY,14,One year,No,Mailed check,19.65,228.65,No internet service,No internet service,10.8,0,Low,2.12,P4 - Monitor,Standard retention campaign
9553-DLCLU,13,Two year,DSL,Credit card (automatic),88.95,1161.75,Yes,Yes,14.49,0,Low,12.89,P4 - Monitor,Standard retention campaign
1641-BYBTK,6,Month-to-month,No,Mailed check,20.2,98.35,No internet service,No internet service,17.4,0,Low,3.51,P4 - Monitor,Offer annual contract incentive
2460-NGXBJ,11,Month-to-month,Fiber optic,Credit card (automatic),75.2,775.3,No,No,48.87,0,Medium,36.75,P4 - Monitor,Offer annual contract incentive
2446-ZKVAF,18,Month-to-month,DSL,Credit card (automatic),56.8,1074.65,No,No,37.32,0,Medium,21.2,P4 - Monitor,Offer annual contract incentive
3522-CDKHF,32,Month-to-month,Fiber optic,Bank transfer (automatic),75.5,2324.7,No,Yes,58.9,1,High,44.47,P3 - Medium,Offer annual contract incentive
1430-SFQSA,29,One year,DSL,Mailed check,35.6,1072.6,Yes,Yes,12.33,0,Low,4.39,P4 - Monitor,Standard retention campaign
0411-EZJZE,3,Month-to-month,DSL,Electronic check,60.25,170.5,No,No,68.51,1,High,41.28,P3 - Medium,Offer annual contract incentive
8807-ARQET,41,Month-to-month,DSL,Electronic check,40.35,1677.85,No,No,58.41,1,High,23.57,P3 - Medium,Offer annual contract incentive
8992-CEUEN,1,Month-to-month,No,Electronic check,18.85,18.85,No internet service,No internet service,47.27,0,Medium,8.91,P4 - Monitor,Offer annual contract incentive
4320-QMLLA,7,Month-to-month,DSL,Mailed check,54.85,370.4,No,No,57.87,1,High,31.74,P3 - Medium,Offer annual contract incentive
8777-PVYGU,52,One year,DSL,Mailed check,64.3,3410.6,No,Yes,14.67,0,Low,9.43,P4 - Monitor,Offer Tech Support trial/bundle
8292-ITGYJ,45,Two year,No,Bank transfer (automatic),24.65,1138.8,No internet service,No internet service,1.86,0,Low,0.46,P4 - Monitor,Standard retention campaign
6870-ZWMNX,70,Two year,DSL,Credit card (automatic),76.1,5264.25,Yes,No,7.27,0,Low,5.53,P4 - Monitor,Offer Online Security bundle
0621-CXBKL,53,Two year,No,Mailed check,18.7,1005.7,No internet service,No internet service,6.94,0,Low,1.3,P4 - Monitor,Standard retention campaign
5268-DSMNQ,62,One year,Fiber optic,Credit card (automatic),97.95,5936.55,No,No,32.66,0,Medium,31.99,P4 - Monitor,Offer Tech Support trial/bundle
5334-JLAXU,60,Month-to-month,Fiber optic,Credit card (automatic),94.1,5475.9,No,Yes,52.25,1,High,49.17,P3 - Medium,Offer annual contract incentive
6242-MBHPK,23,Month-to-month,Fiber optic,Electronic check,95.1,2326.05,No,Yes,73.0,1,High,69.42,P2 - High,Offer annual contract incentive
9359-UGBTK,67,One year,DSL,Bank transfer (automatic),72.35,4991.5,Yes,Yes,14.08,0,Low,10.19,P4 - Monitor,Standard retention campaign
4782-OSFXZ,71,Two year,DSL,Bank transfer (automatic),82.7,5831.2,Yes,Yes,6.88,0,Low,5.69,P4 - Monitor,Standard retention campaign
6479-OAUSD,25,One year,No,Credit card (automatic),19.9,510.8,No internet service,No internet service,4.64,0,Low,0.92,P4 - Monitor,Standard retention campaign
7129-ACFOG,5,Month-to-month,DSL,Electronic check,53.8,283.95,No,Yes,60.18,1,High,32.38,P3 - Medium,Offer annual contract incentive
4189-NAKJS,26,One year,DSL,Credit card (automatic),51.55,1295.4,No,No,29.17,0,Medium,15.04,P4 - Monitor,Offer Tech Support trial/bundle
5562-BETPV,1,One year,No,Mailed check,19.65,19.65,No internet service,No internet service,19.76,0,Low,3.88,P4 - Monitor,Standard retention campaign
1282-IHQAC,70,One year,DSL,Credit card (automatic),44.05,3011.65,No,No,27.12,0,Medium,11.95,P4 - Monitor,Offer Tech Support trial/bundle
9127-FHJBZ,72,Two year,Fiber optic,Electronic check,114.0,8093.15,Yes,Yes,2.16,0,Low,2.46,P4 - Monitor,Promote automatic payment
1641-RQDAY,32,Month-to-month,Fiber optic,Electronic check,100.4,3217.65,No,No,29.21,0,Medium,29.33,P4 - Monitor,Offer annual contract incentive
6994-ORCWG,14,One year,DSL,Mailed check,54.25,773.2,No,No,35.49,0,Medium,19.25,P4 - Monitor,Offer Tech Support trial/bundle
1346-UFHAX,13,Month-to-month,Fiber optic,Credit card (automatic),80.0,1029.35,No,Yes,61.69,1,High,49.35,P3 - Medium,Offer annual contract incentive
2933-XEUJM,46,Two year,DSL,Mailed check,79.2,3593.8,No,Yes,10.28,0,Low,8.14,P4 - Monitor,Offer Tech Support trial/bundle
5461-QKNTN,43,Month-to-month,Fiber optic,Electronic check,94.3,3953.15,Yes,No,64.72,1,High,61.03,P2 - High,Offer annual contract incentive
4835-YSJMR,39,Two year,DSL,Bank transfer (automatic),49.8,1971.15,Yes,No,12.07,0,Low,6.01,P4 - Monitor,Offer Online Security bundle
3164-YAXFY,57,Month-to-month,DSL,Electronic check,53.75,3196.0,No,Yes,43.94,0,Medium,23.62,P4 - Monitor,Offer annual contract incentive
0887-WBJVH,53,One year,Fiber optic,Electronic check,93.45,4872.2,Yes,No,46.34,0,Medium,43.3,P4 - Monitor,Offer Online Security bundle
4660-IRIBM,18,Month-to-month,Fiber optic,Mailed check,87.9,1500.5,No,Yes,30.64,0,Medium,26.93,P4 - Monitor,Offer annual contract incentive
7670-ZBPOQ,58,One year,DSL,Bank transfer (automatic),61.05,3478.75,Yes,Yes,8.88,0,Low,5.42,P4 - Monitor,Standard retention campaign
8089-UZWLX,71,Two year,Fiber optic,Bank transfer (automatic),104.05,7413.55,No,No,26.91,0,Medium,28.0,P4 - Monitor,Offer Tech Support trial/bundle
0080-OROZO,35,One year,Fiber optic,Electronic check,99.25,3532.0,Yes,No,54.35,1,High,53.94,P2 - High,Offer Online Security bundle
3916-NRPAP,3,Month-to-month,Fiber optic,Credit card (automatic),85.7,256.75,No,No,82.05,1,Critical,70.32,P2 - High,Offer annual contract incentive
6807-SIWJI,38,One year,Fiber optic,Electronic check,104.85,3887.25,No,Yes,49.39,0,Medium,51.79,P4 - Monitor,Offer Tech Support trial/bundle
8221-HVAYI,35,Two year,DSL,Credit card (automatic),69.15,2490.15,Yes,Yes,8.6,0,Low,5.95,P4 - Monitor,Standard retention campaign
5232-NXPAY,47,Two year,DSL,Mailed check,74.45,3510.3,Yes,No,8.04,0,Low,5.99,P4 - Monitor,Offer Online Security bundle
8967-SZQAS,14,Month-to-month,DSL,Electronic check,50.45,765.45,No,No,48.23,0,Medium,24.33,P4 - Monitor,Offer annual contract incentive
4468-KAZHE,20,Month-to-month,DSL,Electronic check,60.0,1259.35,No,No,49.03,0,Medium,29.42,P4 - Monitor,Offer annual contract incentive
0455-ENTCR,66,Two year,DSL,Electronic check,85.25,5538.35,Yes,Yes,11.4,0,Low,9.72,P4 - Monitor,Promote automatic payment
8944-AILEF,15,Month-to-month,No,Credit card (automatic),19.45,340.85,No internet service,No internet service,29.09,0,Medium,5.66,P4 - Monitor,Offer annual contract incentive
5542-NKVRU,42,Two year,No,Bank transfer (automatic),20.75,844.45,No internet service,No internet service,4.68,0,Low,0.97,P4 - Monitor,Standard retention campaign
7126-RBHSD,17,Month-to-month,Fiber optic,Electronic check,78.9,1348.95,No,Yes,63.43,1,High,50.05,P2 - High,Offer annual contract incentive
5370-IIVVL,37,One year,Fiber optic,Credit card (automatic),104.5,3778.0,Yes,No,51.0,1,High,53.3,P2 - High,Offer Online Security bundle
6789-HJBWG,12,Month-to-month,DSL,Electronic check,49.4,611.65,No,No,52.29,1,High,25.83,P3 - Medium,Offer annual contract incentive
9087-EYCPR,60,Two year,No,Mailed check,25.0,1505.05,No internet service,No internet service,4.02,0,Low,1.0,P4 - Monitor,Standard retention campaign
6791-YBNAK,18,Month-to-month,DSL,Credit card (automatic),25.55,467.85,No,No,28.02,0,Medium,7.16,P4 - Monitor,Offer annual contract incentive
6077-BDPXA,3,Month-to-month,Fiber optic,Electronic check,70.15,194.2,No,No,83.84,1,Critical,58.81,P2 - High,Offer annual contract incentive
0013-MHZWF,9,Month-to-month,DSL,Credit card (automatic),69.4,571.45,Yes,No,36.15,0,Medium,25.09,P4 - Monitor,Offer annual contract incentive
8268-YDIXR,56,One year,Fiber optic,Electronic check,93.15,5253.95,No,Yes,38.13,0,Medium,35.52,P4 - Monitor,Offer Tech Support trial/bundle
4291-SHSBH,7,Month-to-month,Fiber optic,Electronic check,69.55,521.35,No,No,81.03,1,Critical,56.36,P2 - High,Offer annual contract incentive
6980-IMXXE,69,Two year,No,Bank transfer (automatic),20.2,1412.65,No internet service,No internet service,0.59,0,Low,0.12,P4 - Monitor,Standard retention campaign
0040-HALCW,54,Two year,No,Credit card (automatic),20.4,1090.6,No internet service,No internet service,1.09,0,Low,0.22,P4 - Monitor,Standard retention campaign
0784-GTUUK,62,One year,No,Credit card (automatic),23.75,1446.8,No internet service,No internet service,6.8,0,Low,1.62,P4 - Monitor,Standard retention campaign
2294-DMMUS,62,Month-to-month,DSL,Credit card (automatic),70.45,4300.45,No,No,14.5,0,Low,10.22,P4 - Monitor,Offer annual contract incentive
0872-JCPIB,17,Month-to-month,DSL,Bank transfer (automatic),65.75,1111.2,No,Yes,37.65,0,Medium,24.75,P4 - Monitor,Offer annual contract incentive
3055-MJDSB,9,Month-to-month,DSL,Mailed check,24.6,190.1,No,No,70.66,1,High,17.38,P3 - Medium,Offer annual contract incentive
9091-WTUUY,64,Two year,DSL,Mailed check,69.25,4447.75,Yes,Yes,7.83,0,Low,5.42,P4 - Monitor,Standard retention campaign
7115-IRDHS,72,Two year,No,Bank transfer (automatic),24.65,1830.05,No internet service,No internet service,3.55,0,Low,0.88,P4 - Monitor,Standard retention campaign
8496-DMZUK,30,One year,Fiber optic,Bank transfer (automatic),90.4,2820.65,No,Yes,22.22,0,Low,20.09,P4 - Monitor,Offer Tech Support trial/bundle
2040-VZIKE,49,Month-to-month,Fiber optic,Mailed check,100.85,4847.35,No,Yes,61.82,1,High,62.35,P2 - High,Offer annual contract incentive
9068-VPWQQ,61,Two year,DSL,Credit card (automatic),75.35,4729.3,Yes,Yes,8.74,0,Low,6.59,P4 - Monitor,Standard retention campaign
0178-SZBHO,47,Month-to-month,Fiber optic,Electronic check,87.2,4017.45,No,No,19.41,0,Low,16.93,P4 - Monitor,Offer annual contract incentive
0384-RVBPI,20,Month-to-month,DSL,Credit card (automatic),64.4,1398.6,No,Yes,32.69,0,Medium,21.05,P4 - Monitor,Offer annual contract incentive
1299-AURJA,70,Two year,No,Bank transfer (automatic),24.7,1685.9,No internet service,No internet service,0.63,0,Low,0.16,P4 - Monitor,Standard retention campaign
4525-VZCZG,54,One year,Fiber optic,Electronic check,105.85,5826.65,Yes,Yes,12.84,0,Low,13.59,P4 - Monitor,Promote automatic payment
1543-LLLFT,61,One year,Fiber optic,Mailed check,98.3,6066.55,Yes,No,33.33,0,Medium,32.76,P4 - Monitor,Offer Online Security bundle
2788-CJQAQ,13,One year,No,Mailed check,19.45,270.2,No internet service,No internet service,6.53,0,Low,1.27,P4 - Monitor,Standard retention campaign
0319-QZTCO,3,Month-to-month,DSL,Credit card (automatic),58.7,168.6,No,No,34.07,0,Medium,20.0,P4 - Monitor,Offer annual contract incentive
2120-SMPEX,25,Month-to-month,No,Mailed check,20.15,536.35,No internet service,No internet service,20.28,0,Low,4.09,P4 - Monitor,Offer annual contract incentive
0096-FCPUF,30,Month-to-month,DSL,Mailed check,64.5,1888.45,No,Yes,31.98,0,Medium,20.63,P4 - Monitor,Offer annual contract incentive
0668-OGMHD,21,Month-to-month,DSL,Electronic check,28.5,629.35,No,Yes,58.51,1,High,16.68,P3 - Medium,Offer annual contract incentive
6507-ZJSUR,23,Month-to-month,Fiber optic,Electronic check,90.45,2117.25,No,No,76.24,1,Critical,68.96,P2 - High,Offer annual contract incentive
9408-HRXRK,45,Month-to-month,Fiber optic,Electronic check,105.15,4730.9,No,Yes,18.49,0,Low,19.44,P4 - Monitor,Offer annual contract incentive
5593-SUAOO,24,One year,Fiber optic,Bank transfer (automatic),83.15,2033.05,No,No,7.91,0,Low,6.58,P4 - Monitor,Offer Tech Support trial/bundle
6766-HFKLA,56,Two year,Fiber optic,Bank transfer (automatic),103.2,5744.35,Yes,No,26.94,0,Medium,27.8,P4 - Monitor,Offer Online Security bundle
7617-EYGLW,1,Month-to-month,No,Electronic check,19.45,19.45,No internet service,No internet service,51.81,1,High,10.08,P3 - Medium,Offer annual contract incentive
9220-ZNKJI,55,Two year,Fiber optic,Credit card (automatic),88.8,4805.3,Yes,No,17.03,0,Low,15.12,P4 - Monitor,Offer Online Security bundle
2226-ICFDO,72,Two year,DSL,Credit card (automatic),85.9,6110.75,Yes,Yes,7.07,0,Low,6.07,P4 - Monitor,Standard retention campaign
0723-VSOBE,45,One year,DSL,Electronic check,34.2,1596.6,No,No,37.19,0,Medium,12.72,P4 - Monitor,Offer Tech Support trial/bundle
5529-GIBVH,47,Two year,No,Mailed check,20.15,1046.2,No internet service,No internet service,3.93,0,Low,0.79,P4 - Monitor,Standard retention campaign
9992-UJOEL,2,Month-to-month,DSL,Mailed check,50.3,92.75,No,No,74.58,1,High,37.51,P3 - Medium,Offer annual contract incentive
4741-WWJQZ,2,Month-to-month,Fiber optic,Electronic check,80.15,194.55,Yes,Yes,70.82,1,High,56.76,P2 - High,Offer annual contract incentive
6625-UTXEW,12,Month-to-month,DSL,Electronic check,51.25,612.1,No,No,49.7,0,Medium,25.47,P4 - Monitor,Offer annual contract incentive
6244-BESBM,69,Two year,Fiber optic,Credit card (automatic),95.2,6671.7,Yes,No,5.16,0,Low,4.91,P4 - Monitor,Offer Online Security bundle
1004-NOZNR,56,One year,Fiber optic,Credit card (automatic),94.8,5264.3,No,Yes,11.84,0,Low,11.22,P4 - Monitor,Offer Tech Support trial/bundle
1251-STYSZ,4,Month-to-month,Fiber optic,Electronic check,80.25,303.7,No,Yes,69.43,1,High,55.72,P2 - High,Offer annual contract incentive
2612-PHGOX,64,Two year,DSL,Bank transfer (automatic),76.1,4818.8,Yes,No,7.34,0,Low,5.59,P4 - Monitor,Offer Online Security bundle
8480-PPONV,62,Two year,Fiber optic,Bank transfer (automatic),115.55,7159.05,Yes,Yes,4.67,0,Low,5.4,P4 - Monitor,Review Fiber pricing/service quality
8780-IHCRN,63,Two year,No,Credit card (automatic),24.65,1574.5,No internet service,No internet service,0.77,0,Low,0.19,P4 - Monitor,Standard retention campaign
4598-ZADCK,53,One year,DSL,Electronic check,53.6,2879.2,Yes,Yes,20.45,0,Low,10.96,P4 - Monitor,Promote automatic payment
1257-SXUXQ,5,Month-to-month,No,Mailed check,19.45,86.05,No internet service,No internet service,18.56,0,Low,3.61,P4 - Monitor,Offer annual contract incentive
9681-KYGYB,49,Month-to-month,Fiber optic,Electronic check,88.2,4159.45,No,Yes,58.49,1,High,51.59,P2 - High,Offer annual contract incentive
7182-OVLBJ,62,Two year,Fiber optic,Bank transfer (automatic),101.15,6638.35,No,Yes,5.61,0,Low,5.67,P4 - Monitor,Offer Tech Support trial/bundle
5095-ETBRJ,55,Two year,DSL,Mailed check,56.8,3112.05,Yes,Yes,5.44,0,Low,3.09,P4 - Monitor,Standard retention campaign
7005-CYUIL,71,Two year,Fiber optic,Electronic check,99.4,7168.25,Yes,Yes,14.77,0,Low,14.68,P4 - Monitor,Promote automatic payment
4821-WQOYN,72,Two year,No,Credit card (automatic),20.1,1326.25,No internet service,No internet service,1.0,0,Low,0.2,P4 - Monitor,Standard retention campaign
4730-AWNAU,36,One year,DSL,Credit card (automatic),60.7,2234.55,Yes,Yes,19.98,0,Low,12.13,P4 - Monitor,Standard retention campaign
3452-FLHYD,25,One year,No,Bank transfer (automatic),20.95,495.15,No internet service,No internet service,7.48,0,Low,1.57,P4 - Monitor,Standard retention campaign
2388-LAESQ,72,Two year,Fiber optic,Bank transfer (automatic),114.85,8317.95,Yes,Yes,12.33,0,Low,14.16,P4 - Monitor,Review Fiber pricing/service quality
9531-NSBMR,36,One year,No,Bank transfer (automatic),19.25,679.8,No internet service,No internet service,7.72,0,Low,1.49,P4 - Monitor,Standard retention campaign
6260-ONULR,1,Month-to-month,DSL,Mailed check,62.8,62.8,No,No,70.66,1,High,44.37,P3 - Medium,Offer annual contract incentive
4389-UEFCZ,72,Two year,Fiber optic,Electronic check,105.5,7544.0,No,Yes,24.24,0,Low,25.57,P4 - Monitor,Offer Tech Support trial/bundle
8711-LOBKY,59,Two year,No,Mailed check,19.85,1188.25,No internet service,No internet service,0.77,0,Low,0.15,P4 - Monitor,Standard retention campaign
8985-OOPOS,1,One year,DSL,Credit card (automatic),74.1,74.1,Yes,No,42.66,0,Medium,31.61,P4 - Monitor,Offer Online Security bundle
8800-ZKRFW,30,Month-to-month,Fiber optic,Electronic check,107.5,3242.5,Yes,No,29.41,0,Medium,31.62,P4 - Monitor,Offer annual contract incentive
2616-FLVQC,64,Two year,No,Mailed check,19.55,1240.15,No internet service,No internet service,7.62,0,Low,1.49,P4 - Monitor,Standard retention campaign
9968-FFVVH,63,One year,DSL,Bank transfer (automatic),68.8,4111.35,Yes,Yes,15.18,0,Low,10.44,P4 - Monitor,Standard retention campaign
3108-PCCGG,72,Two year,DSL,Credit card (automatic),84.45,5899.85,No,Yes,12.34,0,Low,10.42,P4 - Monitor,Offer Tech Support trial/bundle
8390-FESFV,62,Two year,DSL,Bank transfer (automatic),84.5,5193.2,Yes,No,4.91,0,Low,4.15,P4 - Monitor,Offer Online Security bundle
3022-BEXHZ,67,Two year,Fiber optic,Bank transfer (automatic),111.2,7530.8,Yes,No,8.5,0,Low,9.45,P4 - Monitor,Offer Online Security bundle
6248-TKCQV,70,Two year,DSL,Bank transfer (automatic),80.6,5460.2,Yes,Yes,8.86,0,Low,7.14,P4 - Monitor,Standard retention campaign
6729-GDNGC,20,Month-to-month,Fiber optic,Bank transfer (automatic),80.7,1614.2,No,No,63.14,1,High,50.95,P2 - High,Offer annual contract incentive
6198-ZFIOJ,5,Month-to-month,Fiber optic,Electronic check,75.6,402.5,No,No,83.15,1,Critical,62.86,P2 - High,Offer annual contract incentive
5989-OMNJE,24,One year,DSL,Electronic check,57.6,1367.75,No,Yes,33.32,0,Medium,19.19,P4 - Monitor,Offer Tech Support trial/bundle
1291-CUOCY,72,Two year,Fiber optic,Credit card (automatic),110.6,7962.2,Yes,No,21.72,0,Low,24.02,P4 - Monitor,Offer Online Security bundle
9795-SHUHB,66,Two year,DSL,Credit card (automatic),58.2,3810.8,Yes,Yes,6.22,0,Low,3.62,P4 - Monitor,Standard retention campaign
3230-IUALN,45,Two year,DSL,Mailed check,81.0,3533.6,Yes,Yes,6.44,0,Low,5.22,P4 - Monitor,Standard retention campaign
0042-RLHYP,69,Two year,No,Bank transfer (automatic),19.7,1396.9,No internet service,No internet service,0.7,0,Low,0.14,P4 - Monitor,Standard retention campaign
4945-RVMTE,28,Month-to-month,DSL,Bank transfer (automatic),59.55,1646.45,No,No,41.21,0,Medium,24.54,P4 - Monitor,Offer annual contract incentive
1866-NXPSP,36,One year,DSL,Mailed check,75.55,2680.15,Yes,Yes,23.54,0,Low,17.78,P4 - Monitor,Standard retention campaign
3941-XTSKM,42,One year,DSL,Credit card (automatic),45.1,2049.05,No,No,33.64,0,Medium,15.17,P4 - Monitor,Offer Tech Support trial/bundle
1661-CZBAU,48,One year,DSL,Bank transfer (automatic),70.95,3629.2,Yes,Yes,13.89,0,Low,9.85,P4 - Monitor,Standard retention campaign
5158-RIVOP,11,Two year,No,Credit card (automatic),20.9,202.3,No internet service,No internet service,3.94,0,Low,0.82,P4 - Monitor,Standard retention campaign
9788-YTFGE,7,Month-to-month,No,Mailed check,19.95,147.5,No internet service,No internet service,29.06,0,Medium,5.8,P4 - Monitor,Offer annual contract incentive
9277-JOOMO,3,Month-to-month,No,Mailed check,24.6,86.35,No internet service,No internet service,29.33,0,Medium,7.22,P4 - Monitor,Offer annual contract incentive
1907-YLNYW,8,Month-to-month,DSL,Electronic check,66.7,579.0,No,Yes,50.0,1,High,33.35,P3 - Medium,Offer annual contract incentive
8947-YRTDV,32,One year,Fiber optic,Mailed check,94.8,3131.55,No,Yes,5.68,0,Low,5.38,P4 - Monitor,Offer Tech Support trial/bundle
3161-ONRWK,60,One year,DSL,Bank transfer (automatic),65.85,3928.3,Yes,Yes,12.31,0,Low,8.11,P4 - Monitor,Standard retention campaign
0114-RSRRW,10,Month-to-month,No,Bank transfer (automatic),19.95,187.75,No internet service,No internet service,33.04,0,Medium,6.59,P4 - Monitor,Offer annual contract incentive
4565-NLZBV,71,Two year,No,Bank transfer (automatic),24.65,1710.15,No internet service,No internet service,4.48,0,Low,1.1,P4 - Monitor,Standard retention campaign
6682-VCIXC,43,One year,DSL,Bank transfer (automatic),51.25,2151.6,Yes,Yes,13.07,0,Low,6.7,P4 - Monitor,Standard retention campaign
6475-VHUIZ,23,Month-to-month,DSL,Electronic check,54.25,1221.55,Yes,No,38.69,0,Medium,20.99,P4 - Monitor,Offer annual contract incentive
3910-MRQOY,72,Two year,No,Bank transfer (automatic),19.4,1496.45,No internet service,No internet service,3.86,0,Low,0.75,P4 - Monitor,Standard retention campaign
0661-WCQNQ,22,One year,DSL,Credit card (automatic),56.25,1292.2,Yes,Yes,19.01,0,Low,10.69,P4 - Monitor,Standard retention campaign
7537-RBWEA,1,Month-to-month,DSL,Mailed check,25.15,25.15,No,No,78.16,1,Critical,19.66,P3 - Medium,Offer annual contract incentive
4656-CAURT,69,Two year,No,Bank transfer (automatic),23.95,1713.1,No internet service,No internet service,3.74,0,Low,0.9,P4 - Monitor,Standard retention campaign
0121-SNYRK,50,One year,DSL,Mailed check,35.4,1748.9,Yes,Yes,10.41,0,Low,3.69,P4 - Monitor,Standard retention campaign
3733-LSYCE,15,Month-to-month,Fiber optic,Bank transfer (automatic),75.35,1114.55,No,No,67.28,1,High,50.7,P2 - High,Offer annual contract incentive
6265-FRMTQ,31,Two year,No,Bank transfer (automatic),20.4,609.1,No internet service,No internet service,6.51,0,Low,1.33,P4 - Monitor,Standard retention campaign
2017-CCBLH,8,Two year,No,Mailed check,20.0,141.6,No internet service,No internet service,8.1,0,Low,1.62,P4 - Monitor,Standard retention campaign
7690-KPNCU,64,One year,DSL,Credit card (automatic),73.05,4688.65,No,Yes,22.73,0,Low,16.6,P4 - Monitor,Offer Tech Support trial/bundle
0536-BGFMZ,28,Month-to-month,No,Mailed check,20.5,563.05,No internet service,No internet service,25.47,0,Medium,5.22,P4 - Monitor,Offer annual contract incentive
2293-IJWPS,57,One year,Fiber optic,Credit card (automatic),100.75,5985.0,No,No,48.96,0,Medium,49.33,P4 - Monitor,Offer Tech Support trial/bundle
5469-NUJUR,19,Two year,No,Mailed check,19.95,373.5,No internet service,No internet service,5.56,0,Low,1.11,P4 - Monitor,Standard retention campaign
2625-TRCZQ,51,Month-to-month,DSL,Electronic check,49.65,2553.35,No,No,58.57,1,High,29.08,P3 - Medium,Offer annual contract incentive
4102-HLENU,67,Two year,DSL,Mailed check,65.65,4322.85,No,Yes,6.99,0,Low,4.59,P4 - Monitor,Offer Tech Support trial/bundle
7266-GSSJX,11,Month-to-month,No,Electronic check,20.45,250.8,No internet service,No internet service,22.91,0,Low,4.69,P4 - Monitor,Offer annual contract incentive
7722-VJRQD,72,Two year,DSL,Bank transfer (automatic),60.95,4549.05,Yes,Yes,5.55,0,Low,3.38,P4 - Monitor,Standard retention campaign
7073-QETQY,66,One year,No,Electronic check,20.35,1359.5,No internet service,No internet service,6.22,0,Low,1.27,P4 - Monitor,Promote automatic payment
5624-RYAMH,9,Month-to-month,No,Electronic check,19.5,178.85,No internet service,No internet service,29.96,0,Medium,5.84,P4 - Monitor,Offer annual contract incentive
0196-JTUQI,9,Month-to-month,Fiber optic,Credit card (automatic),75.2,633.85,No,No,81.43,1,Critical,61.24,P2 - High,Offer annual contract incentive
7130-YXBRO,48,Month-to-month,Fiber optic,Bank transfer (automatic),111.45,5315.1,No,Yes,54.77,1,High,61.04,P2 - High,Offer annual contract incentive
9272-LSVYH,10,Month-to-month,Fiber optic,Mailed check,70.15,735.5,No,No,71.56,1,High,50.2,P2 - High,Offer annual contract incentive
3084-DOWLE,72,Two year,DSL,Bank transfer (automatic),92.0,6474.4,Yes,Yes,7.58,0,Low,6.97,P4 - Monitor,Standard retention campaign
1084-MNSMJ,51,Two year,DSL,Credit card (automatic),85.5,4421.95,Yes,Yes,6.65,0,Low,5.69,P4 - Monitor,Standard retention campaign
4238-HFHSN,61,Month-to-month,Fiber optic,Electronic check,82.15,4904.85,No,No,66.64,1,High,54.74,P2 - High,Offer annual contract incentive
6250-CGGUN,54,One year,Fiber optic,Electronic check,84.4,4484.05,Yes,Yes,26.44,0,Medium,22.32,P4 - Monitor,Promote automatic payment
5478-JJVZK,33,Month-to-month,DSL,Mailed check,60.9,2033.85,No,Yes,33.03,0,Medium,20.12,P4 - Monitor,Offer annual contract incentive
7596-IIWYC,27,Two year,No,Bank transfer (automatic),20.25,538.2,No internet service,No internet service,6.02,0,Low,1.22,P4 - Monitor,Standard retention campaign
9793-WECQC,23,Month-to-month,Fiber optic,Mailed check,95.3,2192.9,No,No,63.32,1,High,60.34,P2 - High,Offer annual contract incentive
4291-HPAXL,1,Month-to-month,No,Mailed check,19.85,19.85,No internet service,No internet service,49.97,0,Medium,9.92,P4 - Monitor,Offer annual contract incentive
8999-YPYBV,45,Two year,DSL,Mailed check,84.35,3858.05,Yes,Yes,6.38,0,Low,5.38,P4 - Monitor,Standard retention campaign
1839-FBNFR,39,Two year,No,Bank transfer (automatic),19.85,854.8,No internet service,No internet service,0.92,0,Low,0.18,P4 - Monitor,Standard retention campaign
3071-MVJCD,72,Two year,DSL,Bank transfer (automatic),82.3,5815.15,Yes,Yes,6.88,0,Low,5.66,P4 - Monitor,Standard retention campaign
1697-BCSHV,58,Month-to-month,DSL,Bank transfer (automatic),66.8,3970.4,No,No,11.91,0,Low,7.96,P4 - Monitor,Offer annual contract incentive
0562-KBDVM,70,Two year,DSL,Bank transfer (automatic),44.6,3058.15,Yes,Yes,4.16,0,Low,1.86,P4 - Monitor,Standard retention campaign
1131-SUEKT,61,One year,Fiber optic,Bank transfer (automatic),98.45,6145.2,Yes,No,6.72,0,Low,6.62,P4 - Monitor,Offer Online Security bundle
3717-OEAUQ,2,Month-to-month,Fiber optic,Mailed check,70.7,129.2,No,No,80.13,1,Critical,56.65,P2 - High,Offer annual contract incentive
4538-WNTMJ,46,One year,No,Mailed check,24.95,1165.9,No internet service,No internet service,7.73,0,Low,1.93,P4 - Monitor,Standard retention campaign
9432-RUVSL,48,Two year,Fiber optic,Credit card (automatic),102.5,4904.25,Yes,Yes,27.22,0,Medium,27.9,P4 - Monitor,Review Fiber pricing/service quality
8060-HIWJJ,64,Two year,DSL,Credit card (automatic),86.55,5632.55,Yes,No,5.64,0,Low,4.88,P4 - Monitor,Offer Online Security bundle
7684-XSZIY,72,Two year,No,Bank transfer (automatic),24.3,1643.25,No internet service,No internet service,0.5,0,Low,0.12,P4 - Monitor,Standard retention campaign
9089-UOWJG,12,Month-to-month,DSL,Credit card (automatic),58.35,740.55,No,No,30.94,0,Medium,18.05,P4 - Monitor,Offer annual contract incentive
8039-ACLPL,72,Two year,DSL,Credit card (automatic),68.75,4888.2,No,Yes,7.51,0,Low,5.16,P4 - Monitor,Offer Tech Support trial/bundle
9885-AIBVB,29,Month-to-month,Fiber optic,Electronic check,85.8,2440.25,No,No,74.37,1,High,63.81,P2 - High,Offer annual contract incentive
1934-MKPXS,33,One year,No,Credit card (automatic),20.1,620.55,No internet service,No internet service,4.07,0,Low,0.82,P4 - Monitor,Standard retention campaign
2592-YKDIF,1,Month-to-month,No,Mailed check,20.35,20.35,No internet service,No internet service,52.81,1,High,10.75,P3 - Medium,Offer annual contract incentive
2272-JKMSI,62,One year,Fiber optic,Electronic check,110.8,6840.95,Yes,No,10.25,0,Low,11.36,P4 - Monitor,Offer Online Security bundle
8714-CTZJW,4,Month-to-month,Fiber optic,Credit card (automatic),82.85,319.6,No,No,84.05,1,Critical,69.64,P2 - High,Offer annual contract incentive
3569-EDBPQ,24,Month-to-month,Fiber optic,Electronic check,84.35,1938.05,Yes,Yes,56.17,1,High,47.38,P3 - Medium,Offer annual contract incentive
3131-NWVFJ,14,One year,No,Mailed check,19.55,294.5,No internet service,No internet service,11.01,0,Low,2.15,P4 - Monitor,Standard retention campaign
7521-YXVZY,3,Month-to-month,No,Mailed check,19.95,58.3,No internet service,No internet service,18.22,0,Low,3.63,P4 - Monitor,Offer annual contract incentive
2373-NTKOD,8,Month-to-month,DSL,Electronic check,66.25,546.45,No,No,59.48,1,High,39.41,P3 - Medium,Offer annual contract incentive
1970-KKFWL,35,Two year,No,Bank transfer (automatic),23.3,797.1,No internet service,No internet service,8.11,0,Low,1.89,P4 - Monitor,Standard retention campaign
9337-SRRNI,66,Two year,No,Credit card (automatic),25.3,1673.8,No internet service,No internet service,1.53,0,Low,0.39,P4 - Monitor,Standard retention campaign
0895-UADGO,8,Two year,DSL,Mailed check,44.55,343.45,Yes,Yes,17.81,0,Low,7.93,P4 - Monitor,Standard retention campaign
5678-VFNEQ,71,One year,Fiber optic,Credit card (automatic),104.1,7412.25,No,Yes,37.27,0,Medium,38.8,P4 - Monitor,Offer Tech Support trial/bundle
5977-CKHON,43,Month-to-month,Fiber optic,Bank transfer (automatic),92.55,4039.0,No,No,18.65,0,Low,17.26,P4 - Monitor,Offer annual contract incentive
2692-BUCFV,29,Month-to-month,Fiber optic,Bank transfer (automatic),101.45,2948.6,No,No,69.31,1,High,70.31,P2 - High,Offer annual contract incentive
1830-GGFNM,65,Two year,Fiber optic,Credit card (automatic),94.55,6078.75,Yes,Yes,3.85,0,Low,3.64,P4 - Monitor,Review Fiber pricing/service quality
5302-BDJNT,35,Month-to-month,Fiber optic,Electronic check,95.5,3418.2,Yes,No,60.44,1,High,57.72,P2 - High,Offer annual contract incentive
5223-UZAVK,64,One year,Fiber optic,Credit card (automatic),100.3,6603.8,No,Yes,38.11,0,Medium,38.22,P4 - Monitor,Offer Tech Support trial/bundle
4859-ZSRDZ,58,Two year,DSL,Credit card (automatic),55.5,3166.9,Yes,No,9.63,0,Low,5.34,P4 - Monitor,Offer Online Security bundle
5651-WYIPH,18,Month-to-month,DSL,Credit card (automatic),49.85,865.75,No,No,51.24,1,High,25.54,P3 - Medium,Offer annual contract incentive
9350-VLHMB,67,Month-to-month,Fiber optic,Bank transfer (automatic),89.55,6373.1,No,No,16.08,0,Low,14.4,P4 - Monitor,Offer annual contract incentive
3498-LZGQZ,63,Two year,No,Mailed check,19.15,1177.05,No internet service,No internet service,1.54,0,Low,0.29,P4 - Monitor,Standard retention campaign
8785-CJSHH,60,Month-to-month,Fiber optic,Electronic check,99.8,5985.75,No,No,71.56,1,High,71.42,P2 - High,Offer annual contract incentive
3870-SPZSI,70,Two year,Fiber optic,Credit card (automatic),113.05,7869.05,Yes,Yes,2.4,0,Low,2.71,P4 - Monitor,Review Fiber pricing/service quality
7560-QRBXH,48,One year,No,Mailed check,19.95,936.7,No internet service,No internet service,4.73,0,Low,0.94,P4 - Monitor,Standard retention campaign
7077-XJMET,12,Month-to-month,DSL,Electronic check,74.15,741.4,Yes,No,53.2,1,High,39.45,P3 - Medium,Offer annual contract incentive
8752-GHJFU,71,One year,Fiber optic,Electronic check,92.0,6585.2,Yes,Yes,27.63,0,Medium,25.42,P4 - Monitor,Promote automatic payment
6896-SRVYQ,44,Month-to-month,Fiber optic,Electronic check,73.85,3122.4,No,No,65.1,1,High,48.08,P3 - Medium,Offer annual contract incentive
4652-ODEVH,45,Two year,No,Mailed check,24.45,1088.25,No internet service,No internet service,1.04,0,Low,0.25,P4 - Monitor,Standard retention campaign
6510-UPNKS,23,One year,No,Credit card (automatic),24.8,615.35,No internet service,No internet service,12.91,0,Low,3.2,P4 - Monitor,Standard retention campaign
6718-BDGHG,43,One year,DSL,Bank transfer (automatic),64.85,2908.2,Yes,No,16.47,0,Low,10.68,P4 - Monitor,Offer Online Security bundle
9046-DQMTP,35,Month-to-month,No,Bank transfer (automatic),20.75,739.9,No internet service,No internet service,20.19,0,Low,4.19,P4 - Monitor,Offer annual contract incentive
6439-LAJXL,9,Month-to-month,DSL,Mailed check,68.95,593.85,Yes,Yes,36.94,0,Medium,25.47,P4 - Monitor,Offer annual contract incentive
9052-VKDUW,65,Month-to-month,Fiber optic,Credit card (automatic),109.4,7227.45,No,Yes,50.23,1,High,54.95,P2 - High,Offer annual contract incentive
1666-JZPZT,27,Month-to-month,DSL,Mailed check,49.0,1291.35,No,No,39.51,0,Medium,19.36,P4 - Monitor,Offer annual contract incentive
5777-KJIRB,40,One year,DSL,Mailed check,50.25,2023.55,No,No,23.2,0,Low,11.66,P4 - Monitor,Offer Tech Support trial/bundle
7677-SJJJK,8,One year,No,Credit card (automatic),19.9,153.95,No internet service,No internet service,10.63,0,Low,2.12,P4 - Monitor,Standard retention campaign
2480-EJWYP,58,One year,Fiber optic,Bank transfer (automatic),97.8,5458.8,No,No,45.8,0,Medium,44.79,P4 - Monitor,Offer Tech Support trial/bundle
3253-HKOKL,52,One year,Fiber optic,Electronic check,100.3,5244.45,No,Yes,6.59,0,Low,6.61,P4 - Monitor,Offer Tech Support trial/bundle
7055-HNEOJ,3,Month-to-month,DSL,Mailed check,55.8,154.55,Yes,No,57.26,1,High,31.95,P3 - Medium,Offer annual contract incentive
5514-YQENT,41,Two year,Fiber optic,Electronic check,111.15,4507.15,Yes,Yes,9.12,0,Low,10.14,P4 - Monitor,Promote automatic payment
3211-AAPKX,20,Month-to-month,Fiber optic,Mailed check,98.55,2031.95,Yes,No,68.56,1,High,67.57,P2 - High,Offer annual contract incentive
8445-DNBAE,1,Month-to-month,DSL,Electronic check,50.05,50.05,No,No,67.79,1,High,33.93,P3 - Medium,Offer annual contract incentive
2958-NHPPS,23,Month-to-month,No,Electronic check,20.85,473.9,No internet service,No internet service,17.28,0,Low,3.6,P4 - Monitor,Offer annual contract incentive
6806-YDEUL,6,Month-to-month,No,Bank transfer (automatic),19.5,106.8,No internet service,No internet service,39.73,0,Medium,7.75,P4 - Monitor,Offer annual contract incentive
1735-XMJVH,8,Month-to-month,No,Mailed check,19.35,152.6,No internet service,No internet service,18.98,0,Low,3.67,P4 - Monitor,Offer annual contract incentive
6890-PFRQX,18,Month-to-month,DSL,Mailed check,69.5,1199.4,No,Yes,30.64,0,Medium,21.29,P4 - Monitor,Offer annual contract incentive
0222-CNVPT,52,Month-to-month,DSL,Credit card (automatic),48.8,2555.05,No,Yes,43.93,0,Medium,21.44,P4 - Monitor,Offer annual contract incentive
5899-OUVKV,31,Month-to-month,Fiber optic,Electronic check,94.5,2979.2,No,No,73.44,1,High,69.4,P2 - High,Offer annual contract incentive
8681-ICONS,29,Month-to-month,No,Mailed check,20.65,654.85,No internet service,No internet service,12.56,0,Low,2.59,P4 - Monitor,Offer annual contract incentive
1621-YNCJH,36,Two year,Fiber optic,Credit card (automatic),106.05,3834.4,Yes,Yes,22.9,0,Low,24.29,P4 - Monitor,Review Fiber pricing/service quality
6362-QHAFM,42,One year,Fiber optic,Electronic check,108.3,4586.15,Yes,No,65.44,1,High,70.87,P2 - High,Offer Online Security bundle
3070-BDOQC,60,Two year,Fiber optic,Electronic check,99.65,5941.05,No,No,38.48,0,Medium,38.35,P4 - Monitor,Offer Tech Support trial/bundle
6234-PFPXL,22,Month-to-month,Fiber optic,Credit card (automatic),95.9,2234.95,Yes,Yes,54.09,1,High,51.87,P2 - High,Offer annual contract incentive
9824-QCJPK,36,One year,No,Mailed check,20.0,666.75,No internet service,No internet service,4.88,0,Low,0.98,P4 - Monitor,Standard retention campaign
4283-IVYCI,9,Month-to-month,DSL,Mailed check,64.95,547.8,Yes,Yes,42.21,0,Medium,27.42,P4 - Monitor,Offer annual contract incentive
1866-OBPNR,1,Month-to-month,Fiber optic,Credit card (automatic),74.6,74.6,No,No,49.47,0,Medium,36.9,P4 - Monitor,Offer annual contract incentive
8205-MQUGY,12,Month-to-month,DSL,Electronic check,49.2,571.15,No,Yes,37.97,0,Medium,18.68,P4 - Monitor,Offer annual contract incentive
8970-ANWXO,23,One year,DSL,Mailed check,73.75,1756.6,Yes,No,34.59,0,Medium,25.51,P4 - Monitor,Offer Online Security bundle
9480-BQJEI,62,One year,Fiber optic,Bank transfer (automatic),92.3,5731.45,No,Yes,31.85,0,Medium,29.4,P4 - Monitor,Offer Tech Support trial/bundle
6979-TNDEU,8,Month-to-month,No,Mailed check,19.2,156.85,No internet service,No internet service,30.52,0,Medium,5.86,P4 - Monitor,Offer annual contract incentive
9777-WJJPR,31,Month-to-month,Fiber optic,Credit card (automatic),88.65,2683.2,No,No,66.66,1,High,59.09,P2 - High,Offer annual contract incentive
9495-SKLKD,45,Month-to-month,Fiber optic,Bank transfer (automatic),95.95,4456.65,No,No,20.47,0,Low,19.64,P4 - Monitor,Offer annual contract incentive
6048-UWKAL,69,Two year,Fiber optic,Credit card (automatic),105.4,6998.95,Yes,No,23.1,0,Low,24.35,P4 - Monitor,Offer Online Security bundle
5067-DGXLL,2,Month-to-month,No,Mailed check,20.25,36.8,No internet service,No internet service,33.1,0,Medium,6.7,P4 - Monitor,Offer annual contract incentive
6281-FKEWS,44,One year,DSL,Electronic check,49.05,2265.0,No,No,40.87,0,Medium,20.05,P4 - Monitor,Offer Tech Support trial/bundle
8898-KASCD,39,One year,DSL,Mailed check,35.55,1309.15,Yes,No,18.75,0,Low,6.67,P4 - Monitor,Offer Online Security bundle
9242-TKFSV,72,Two year,DSL,Credit card (automatic),65.1,4754.3,Yes,Yes,4.15,0,Low,2.7,P4 - Monitor,Standard retention campaign
9290-SHCMB,13,Month-to-month,Fiber optic,Electronic check,96.85,1235.55,No,No,85.06,1,Critical,82.38,P1 - Immediate,Offer annual contract incentive
0743-HNPFG,51,One year,DSL,Credit card (automatic),69.75,3562.5,Yes,Yes,15.44,0,Low,10.77,P4 - Monitor,Standard retention campaign
2277-BKJKN,71,Two year,Fiber optic,Electronic check,99.2,7213.75,No,No,32.52,0,Medium,32.26,P4 - Monitor,Offer Tech Support trial/bundle
5035-PGZXH,56,One year,Fiber optic,Electronic check,106.8,5914.4,No,No,56.56,1,High,60.41,P2 - High,Offer Tech Support trial/bundle
8695-WDYEA,1,Month-to-month,DSL,Mailed check,51.25,51.25,No,Yes,63.33,1,High,32.46,P3 - Medium,Offer annual contract incentive
6543-JXSOO,23,One year,DSL,Mailed check,57.75,1282.85,Yes,Yes,15.25,0,Low,8.81,P4 - Monitor,Standard retention campaign
8016-ZMGMO,66,One year,DSL,Bank transfer (automatic),70.85,4738.85,No,No,18.69,0,Low,13.24,P4 - Monitor,Offer Tech Support trial/bundle
8605-ITULD,1,Month-to-month,No,Mailed check,19.55,19.55,No internet service,No internet service,54.6,1,High,10.67,P3 - Medium,Offer annual contract incentive
6416-YJTTB,11,Month-to-month,Fiber optic,Bank transfer (automatic),79.5,795.65,No,Yes,60.62,1,High,48.19,P3 - Medium,Offer annual contract incentive
4472-VESGY,52,Month-to-month,Fiber optic,Bank transfer (automatic),98.15,4993.4,No,Yes,14.4,0,Low,14.13,P4 - Monitor,Offer annual contract incentive
3195-TQDZX,3,Month-to-month,No,Electronic check,20.25,61.45,No internet service,No internet service,29.36,0,Medium,5.95,P4 - Monitor,Offer annual contract incentive
3128-YOVTD,51,Month-to-month,Fiber optic,Bank transfer (automatic),79.15,4018.55,No,Yes,15.01,0,Low,11.88,P4 - Monitor,Offer annual contract incentive
1728-CXQBE,64,Month-to-month,Fiber optic,Electronic check,94.25,6081.4,No,No,65.88,1,High,62.09,P2 - High,Offer annual contract incentive
7041-TXQJH,37,Month-to-month,DSL,Credit card (automatic),40.2,1478.85,No,No,51.65,1,High,20.76,P3 - Medium,Offer annual contract incentive
5014-GSOUQ,13,Two year,No,Mailed check,19.95,243.65,No internet service,No internet service,7.47,0,Low,1.49,P4 - Monitor,Standard retention campaign
5724-BIDBU,49,One year,DSL,Electronic check,55.35,2633.95,No,Yes,29.46,0,Medium,16.31,P4 - Monitor,Offer Tech Support trial/bundle
0481-SUMCB,45,One year,Fiber optic,Bank transfer (automatic),102.15,4735.35,No,No,48.36,0,Medium,49.4,P4 - Monitor,Offer Tech Support trial/bundle
1769-GRUIK,18,Month-to-month,Fiber optic,Electronic check,71.1,1247.75,No,No,73.52,1,High,52.27,P2 - High,Offer annual contract incentive
8819-WFGGJ,68,Two year,DSL,Bank transfer (automatic),54.1,3794.5,No,Yes,11.73,0,Low,6.35,P4 - Monitor,Offer Tech Support trial/bundle
7427-AUFPY,54,Two year,No,Credit card (automatic),19.65,1008.7,No internet service,No internet service,7.14,0,Low,1.4,P4 - Monitor,Standard retention campaign
2811-POVEX,23,Month-to-month,Fiber optic,Bank transfer (automatic),88.45,2130.55,No,No,26.41,0,Medium,23.36,P4 - Monitor,Offer annual contract incentive
7898-PDWQE,71,Two year,DSL,Credit card (automatic),80.4,5727.15,Yes,Yes,5.72,0,Low,4.6,P4 - Monitor,Standard retention campaign
9972-EWRJS,67,Two year,No,Bank transfer (automatic),19.25,1372.9,No internet service,No internet service,1.22,0,Low,0.23,P4 - Monitor,Standard retention campaign
9314-IJWSQ,14,Month-to-month,Fiber optic,Electronic check,84.8,1203.9,No,No,43.16,0,Medium,36.6,P4 - Monitor,Offer annual contract incentive
5799-JRCZO,63,Two year,No,Credit card (automatic),19.5,1215.1,No internet service,No internet service,1.7,0,Low,0.33,P4 - Monitor,Standard retention campaign
1921-KYSAY,41,One year,DSL,Electronic check,68.6,2877.05,Yes,No,24.56,0,Low,16.85,P4 - Monitor,Offer Online Security bundle
6198-RTPMF,17,Month-to-month,Fiber optic,Electronic check,92.6,1579.7,No,No,77.62,1,Critical,71.88,P2 - High,Offer annual contract incentive
2924-KHUVI,56,One year,Fiber optic,Electronic check,100.55,5514.95,No,Yes,44.56,0,Medium,44.81,P4 - Monitor,Offer Tech Support trial/bundle
1925-GMVBW,5,Month-to-month,No,Credit card (automatic),20.55,96.1,No internet service,No internet service,30.21,0,Medium,6.21,P4 - Monitor,Offer annual contract incentive
6184-DYUOB,3,Month-to-month,No,Mailed check,19.6,55.25,No internet service,No internet service,40.61,0,Medium,7.96,P4 - Monitor,Offer annual contract incentive
9207-ZPANB,37,One year,DSL,Electronic check,67.45,2443.3,Yes,Yes,19.96,0,Low,13.46,P4 - Monitor,Promote automatic payment
9327-QSDED,8,Month-to-month,DSL,Mailed check,43.55,335.4,No,No,62.67,1,High,27.29,P3 - Medium,Offer annual contract incentive
1656-DRSMG,63,Month-to-month,Fiber optic,Credit card (automatic),109.85,7002.95,Yes,No,58.7,1,High,64.48,P2 - High,Offer annual contract incentive
3012-VFFMN,7,Month-to-month,No,Mailed check,20.65,158.95,No internet service,No internet service,16.12,0,Low,3.33,P4 - Monitor,Offer annual contract incentive
2984-AFWNC,3,Month-to-month,Fiber optic,Electronic check,95.4,293.15,No,No,83.77,1,Critical,79.92,P1 - Immediate,Offer annual contract incentive
0640-YJTPY,72,Two year,No,Bank transfer (automatic),21.0,1493.75,No internet service,No internet service,0.73,0,Low,0.15,P4 - Monitor,Standard retention campaign
8096-LOIST,19,Month-to-month,DSL,Electronic check,56.2,1093.4,No,No,57.7,1,High,32.43,P3 - Medium,Offer annual contract incentive
9764-REAFF,59,Two year,No,Bank transfer (automatic),18.4,1057.85,No internet service,No internet service,7.76,0,Low,1.43,P4 - Monitor,Standard retention campaign
7107-UBYKY,35,Month-to-month,No,Electronic check,25.75,882.55,No internet service,No internet service,16.27,0,Low,4.19,P4 - Monitor,Offer annual contract incentive
4881-GQJTW,14,Month-to-month,No,Credit card (automatic),19.6,300.4,No internet service,No internet service,24.8,0,Low,4.86,P4 - Monitor,Offer annual contract incentive
7876-DNYAP,69,Two year,No,Credit card (automatic),19.8,1436.95,No internet service,No internet service,0.4,0,Low,0.08,P4 - Monitor,Standard retention campaign
7905-NJMXS,7,Month-to-month,DSL,Electronic check,64.2,475.0,Yes,Yes,44.05,0,Medium,28.28,P4 - Monitor,Offer annual contract incentive
2882-WDTBA,69,Two year,DSL,Bank transfer (automatic),75.75,5388.15,Yes,Yes,5.9,0,Low,4.47,P4 - Monitor,Standard retention campaign
2091-GPPIQ,72,Two year,DSL,Electronic check,78.95,5730.15,Yes,No,12.39,0,Low,9.78,P4 - Monitor,Offer Online Security bundle
5071-FBJFS,4,Month-to-month,DSL,Electronic check,50.3,217.1,No,Yes,47.33,0,Medium,23.81,P4 - Monitor,Offer annual contract incentive
2796-UUZZO,63,Month-to-month,Fiber optic,Credit card (automatic),80.3,4896.35,No,No,14.19,0,Low,11.39,P4 - Monitor,Offer annual contract incentive
2429-AYKKO,72,Two year,No,Bank transfer (automatic),19.85,1434.1,No internet service,No internet service,4.98,0,Low,0.99,P4 - Monitor,Standard retention campaign
9798-OPFEM,46,Two year,No,Electronic check,21.1,937.1,No internet service,No internet service,4.02,0,Low,0.85,P4 - Monitor,Promote automatic payment
3794-NFNCH,30,Month-to-month,DSL,Mailed check,50.0,1474.9,No,No,40.14,0,Medium,20.07,P4 - Monitor,Offer annual contract incentive
5193-QLVZB,63,Two year,Fiber optic,Bank transfer (automatic),104.75,6536.5,No,No,38.09,0,Medium,39.9,P4 - Monitor,Offer Tech Support trial/bundle
7114-AEOZE,60,Two year,No,Bank transfer (automatic),19.85,1128.1,No internet service,No internet service,5.24,0,Low,1.04,P4 - Monitor,Standard retention campaign
5522-NYKPB,25,Month-to-month,Fiber optic,Electronic check,85.9,2199.05,Yes,No,22.15,0,Low,19.03,P4 - Monitor,Offer annual contract incentive
9957-YODKZ,6,Month-to-month,Fiber optic,Electronic check,80.8,457.1,No,No,87.19,1,Critical,70.45,P2 - High,Offer annual contract incentive
6518-KZXCB,22,Two year,No,Mailed check,25.25,566.5,No internet service,No internet service,11.61,0,Low,2.93,P4 - Monitor,Standard retention campaign
2245-ADZFJ,31,Two year,DSL,Bank transfer (automatic),80.55,2471.6,Yes,No,10.27,0,Low,8.27,P4 - Monitor,Offer Online Security bundle
7776-QGYJC,39,Month-to-month,Fiber optic,Bank transfer (automatic),81.5,3107.3,Yes,No,17.32,0,Low,14.12,P4 - Monitor,Offer annual contract incentive
9313-QOLTZ,26,Month-to-month,No,Mailed check,20.9,518.3,No internet service,No internet service,18.34,0,Low,3.83,P4 - Monitor,Offer annual contract incentive
4672-FOTSD,12,Month-to-month,DSL,Electronic check,67.25,832.3,Yes,Yes,42.58,0,Medium,28.64,P4 - Monitor,Offer annual contract incentive
9818-XQCUV,2,Month-to-month,No,Mailed check,20.35,45.3,No internet service,No internet service,33.61,0,Medium,6.84,P4 - Monitor,Offer annual contract incentive
7338-ERIVA,39,One year,DSL,Bank transfer (automatic),45.05,1790.6,Yes,Yes,12.41,0,Low,5.59,P4 - Monitor,Standard retention campaign
8259-NFJTV,7,Month-to-month,DSL,Mailed check,34.65,246.6,Yes,Yes,40.19,0,Medium,13.93,P4 - Monitor,Offer annual contract incentive
3223-DWFIO,4,Month-to-month,Fiber optic,Electronic check,69.35,261.65,No,No,80.57,1,Critical,55.88,P2 - High,Offer annual contract incentive
6968-GMKPR,55,Month-to-month,Fiber optic,Electronic check,81.55,4509.5,No,No,68.86,1,High,56.16,P2 - High,Offer annual contract incentive
4751-ERMAN,72,Two year,DSL,Bank transfer (automatic),75.4,5480.25,No,No,15.57,0,Low,11.74,P4 - Monitor,Offer Tech Support trial/bundle
1436-ZMJAN,10,Month-to-month,DSL,Credit card (automatic),67.8,653.15,No,No,53.51,1,High,36.28,P3 - Medium,Offer annual contract incentive
3292-PBZEJ,11,Month-to-month,Fiber optic,Electronic check,111.4,1183.05,Yes,No,76.98,1,Critical,85.76,P1 - Immediate,Offer annual contract incentive
0799-DDIHE,15,Month-to-month,DSL,Electronic check,46.3,639.45,No,No,33.85,0,Medium,15.67,P4 - Monitor,Offer annual contract incentive
3070-FNFZQ,23,Two year,No,Bank transfer (automatic),20.4,478.75,No internet service,No internet service,0.86,0,Low,0.18,P4 - Monitor,Standard retention campaign
2812-SFXMJ,1,Month-to-month,No,Mailed check,20.05,20.05,No internet service,No internet service,50.04,1,High,10.03,P3 - Medium,Offer annual contract incentive
5014-WUQMG,47,One year,Fiber optic,Electronic check,96.1,4391.45,No,Yes,7.12,0,Low,6.84,P4 - Monitor,Offer Tech Support trial/bundle
5312-TSZVC,15,One year,No,Mailed check,19.65,270.6,No internet service,No internet service,8.5,0,Low,1.67,P4 - Monitor,Standard retention campaign
0993-OSGPT,68,One year,DSL,Bank transfer (automatic),60.65,3975.9,Yes,No,13.29,0,Low,8.06,P4 - Monitor,Offer Online Security bundle
7108-DGVUU,21,One year,DSL,Bank transfer (automatic),71.7,1497.05,No,No,24.12,0,Low,17.29,P4 - Monitor,Offer Tech Support trial/bundle
2782-JEEBU,21,Month-to-month,DSL,Mailed check,36.0,780.15,Yes,No,44.17,0,Medium,15.9,P4 - Monitor,Offer annual contract incentive
5127-BZENZ,56,One year,DSL,Bank transfer (automatic),65.2,3512.15,No,Yes,10.97,0,Low,7.15,P4 - Monitor,Offer Tech Support trial/bundle
2720-FVBQP,6,Month-to-month,DSL,Credit card (automatic),48.95,273.25,No,No,44.52,0,Medium,21.79,P4 - Monitor,Offer annual contract incentive
9906-NHHVC,65,Two year,DSL,Bank transfer (automatic),53.5,3517.9,No,No,21.97,0,Low,11.75,P4 - Monitor,Offer Tech Support trial/bundle
4522-XRWWI,42,One year,DSL,Credit card (automatic),80.45,3375.9,Yes,Yes,28.56,0,Medium,22.98,P4 - Monitor,Standard retention campaign
3766-EJLFL,68,Two year,Fiber optic,Bank transfer (automatic),109.05,7508.55,Yes,Yes,5.18,0,Low,5.65,P4 - Monitor,Review Fiber pricing/service quality
5939-SXWHM,48,Two year,No,Bank transfer (automatic),26.3,1245.05,No internet service,No internet service,1.53,0,Low,0.4,P4 - Monitor,Standard retention campaign
8152-UOBNY,50,One year,Fiber optic,Electronic check,106.8,5347.95,Yes,No,55.0,1,High,58.74,P2 - High,Offer Online Security bundle
7351-KYHQH,7,Month-to-month,DSL,Electronic check,64.95,493.65,No,No,50.94,1,High,33.09,P3 - Medium,Offer annual contract incentive
7643-RCHXS,63,Two year,No,Electronic check,19.35,1263.85,No internet service,No internet service,1.38,0,Low,0.27,P4 - Monitor,Promote automatic payment
8246-SHFGA,17,Month-to-month,No,Credit card (automatic),21.1,385.55,No internet service,No internet service,21.03,0,Low,4.44,P4 - Monitor,Offer annual contract incentive
0620-XEFWH,4,Month-to-month,No,Mailed check,18.85,84.2,No internet service,No internet service,17.89,0,Low,3.37,P4 - Monitor,Offer annual contract incentive
6485-QXWWE,62,Two year,No,Bank transfer (automatic),26.0,1638.7,No internet service,No internet service,1.07,0,Low,0.28,P4 - Monitor,Standard retention campaign
7321-VGNKU,2,Month-to-month,Fiber optic,Electronic check,70.35,120.25,No,No,85.43,1,Critical,60.1,P2 - High,Offer annual contract incentive
5327-CNLUQ,48,Two year,Fiber optic,Bank transfer (automatic),96.9,4473.45,No,Yes,23.76,0,Low,23.02,P4 - Monitor,Offer Tech Support trial/bundle
7552-KEYGT,27,Two year,No,Bank transfer (automatic),19.55,520.55,No internet service,No internet service,6.46,0,Low,1.26,P4 - Monitor,Standard retention campaign
5816-JMLGY,70,Two year,DSL,Bank transfer (automatic),80.4,5717.85,Yes,No,5.69,0,Low,4.57,P4 - Monitor,Offer Online Security bundle
2927-QRRQV,46,One year,Fiber optic,Electronic check,94.65,4312.5,No,No,49.19,0,Medium,46.56,P4 - Monitor,Offer Tech Support trial/bundle
6265-SXWBU,69,One year,Fiber optic,Credit card (automatic),95.75,6511.25,No,No,5.12,0,Low,4.9,P4 - Monitor,Offer Tech Support trial/bundle
7941-RCJOW,65,Two year,No,Credit card (automatic),19.55,1218.65,No internet service,No internet service,4.31,0,Low,0.84,P4 - Monitor,Standard retention campaign
6374-NTQLP,72,Two year,Fiber optic,Credit card (automatic),104.1,7447.7,Yes,Yes,3.9,0,Low,4.06,P4 - Monitor,Review Fiber pricing/service quality
2387-KDZQY,17,One year,No,Mailed check,20.1,279.5,No internet service,No internet service,6.82,0,Low,1.37,P4 - Monitor,Standard retention campaign
3584-WKTTW,51,One year,Fiber optic,Electronic check,111.55,5720.35,Yes,Yes,53.37,1,High,59.53,P2 - High,Promote automatic payment
3399-BMLVW,51,Two year,DSL,Credit card (automatic),60.5,3121.45,Yes,Yes,6.88,0,Low,4.16,P4 - Monitor,Standard retention campaign
1971-DTCZB,72,Two year,DSL,Bank transfer (automatic),90.95,6468.6,Yes,Yes,5.44,0,Low,4.95,P4 - Monitor,Standard retention campaign
3374-PZLXD,34,Month-to-month,No,Mailed check,19.7,675.6,No internet service,No internet service,22.19,0,Low,4.37,P4 - Monitor,Offer annual contract incentive
3813-DHBBB,67,Two year,DSL,Bank transfer (automatic),50.95,3521.7,Yes,Yes,4.94,0,Low,2.52,P4 - Monitor,Standard retention campaign
2812-REYAT,49,One year,No,Bank transfer (automatic),20.05,923.1,No internet service,No internet service,8.65,0,Low,1.73,P4 - Monitor,Standard retention campaign
6518-PPLMZ,53,Two year,No,Mailed check,19.4,1110.35,No internet service,No internet service,1.16,0,Low,0.23,P4 - Monitor,Standard retention campaign
4939-KYYPY,27,Month-to-month,DSL,Electronic check,59.45,1611.65,Yes,No,32.61,0,Medium,19.39,P4 - Monitor,Offer annual contract incentive
5930-GBIWP,69,Two year,DSL,Credit card (automatic),81.5,5553.25,Yes,Yes,6.51,0,Low,5.31,P4 - Monitor,Standard retention campaign
6022-KOUQO,2,Month-to-month,DSL,Bank transfer (automatic),29.05,44.75,Yes,No,53.88,1,High,15.65,P3 - Medium,Offer annual contract incentive
2361-UPSND,46,One year,DSL,Mailed check,70.6,3231.05,Yes,Yes,16.64,0,Low,11.75,P4 - Monitor,Standard retention campaign
6035-RIIOM,54,Two year,Fiber optic,Bank transfer (automatic),97.2,5129.45,No,No,35.49,0,Medium,34.5,P4 - Monitor,Offer Tech Support trial/bundle
9504-DSHWM,20,Month-to-month,DSL,Bank transfer (automatic),59.2,1191.2,Yes,Yes,29.11,0,Medium,17.23,P4 - Monitor,Offer annual contract incentive
5035-BVCXS,11,Month-to-month,Fiber optic,Mailed check,75.9,866.4,No,No,75.85,1,Critical,57.57,P2 - High,Offer annual contract incentive
6267-DCFFZ,30,Month-to-month,Fiber optic,Electronic check,90.05,2627.2,No,No,77.22,1,Critical,69.54,P2 - High,Offer annual contract incentive
3533-UVMOM,68,Two year,DSL,Bank transfer (automatic),70.95,4741.45,No,Yes,6.8,0,Low,4.82,P4 - Monitor,Offer Tech Support trial/bundle
2439-LYPMQ,38,Month-to-month,Fiber optic,Electronic check,102.6,4009.2,No,No,77.92,1,Critical,79.95,P1 - Immediate,Offer annual contract incentive
1478-VPOAD,1,Month-to-month,DSL,Electronic check,43.8,43.8,No,No,74.93,1,High,32.82,P3 - Medium,Offer annual contract incentive
9995-HOTOH,63,Two year,DSL,Electronic check,59.0,3707.6,No,Yes,21.06,0,Low,12.43,P4 - Monitor,Offer Tech Support trial/bundle
2988-PLAHS,3,One year,DSL,Electronic check,69.95,220.45,No,No,52.46,1,High,36.7,P3 - Medium,Offer Tech Support trial/bundle
1371-OJCEK,48,One year,No,Bank transfer (automatic),24.35,1133.7,No internet service,No internet service,11.16,0,Low,2.72,P4 - Monitor,Standard retention campaign
4999-IEZLT,66,One year,DSL,Credit card (automatic),29.45,1983.15,Yes,No,19.45,0,Low,5.73,P4 - Monitor,Offer Online Security bundle
8883-ANODQ,68,Two year,Fiber optic,Credit card (automatic),84.4,5746.75,No,No,2.82,0,Low,2.38,P4 - Monitor,Offer Tech Support trial/bundle
2351-RRBUE,7,One year,No,Mailed check,20.65,134.05,No internet service,No internet service,12.67,0,Low,2.62,P4 - Monitor,Standard retention campaign
5980-BDHPY,72,Two year,DSL,Bank transfer (automatic),87.1,6230.1,Yes,Yes,4.23,0,Low,3.68,P4 - Monitor,Standard retention campaign
1498-DQNRX,29,Month-to-month,No,Mailed check,19.85,573.05,No internet service,No internet service,27.56,0,Medium,5.47,P4 - Monitor,Offer annual contract incentive
9469-WEJBT,37,Month-to-month,Fiber optic,Electronic check,90.35,3419.3,Yes,No,60.13,1,High,54.33,P2 - High,Offer annual contract incentive
2581-VKIRT,59,One year,DSL,Mailed check,65.5,3801.3,Yes,Yes,12.93,0,Low,8.47,P4 - Monitor,Standard retention campaign
7426-WEIJX,60,Month-to-month,Fiber optic,Electronic check,80.95,4859.1,No,Yes,19.22,0,Low,15.56,P4 - Monitor,Offer annual contract incentive
2851-MMUTZ,27,Month-to-month,DSL,Mailed check,56.15,1439.35,Yes,No,33.94,0,Medium,19.06,P4 - Monitor,Offer annual contract incentive
3307-TLCUD,17,Month-to-month,DSL,Mailed check,34.4,592.75,No,Yes,40.73,0,Medium,14.01,P4 - Monitor,Offer annual contract incentive
6625-FLENO,58,Two year,No,Mailed check,20.75,1185.95,No internet service,No internet service,4.46,0,Low,0.93,P4 - Monitor,Standard retention campaign
2967-MXRAV,1,One year,No,Mailed check,18.8,18.8,No internet service,No internet service,17.44,0,Low,3.28,P4 - Monitor,Standard retention campaign
8189-HBVRW,53,Month-to-month,Fiber optic,Electronic check,90.8,4921.2,No,Yes,49.46,0,Medium,44.91,P4 - Monitor,Offer annual contract incentive
4163-KIUHY,35,Month-to-month,No,Electronic check,25.6,901.25,No internet service,No internet service,20.66,0,Low,5.29,P4 - Monitor,Offer annual contract incentive
3500-NSDOA,68,Two year,DSL,Credit card (automatic),70.8,4859.95,Yes,No,6.38,0,Low,4.52,P4 - Monitor,Offer Online Security bundle
1171-TYKUR,47,Month-to-month,No,Electronic check,25.4,1139.2,No internet service,No internet service,22.48,0,Low,5.71,P4 - Monitor,Offer annual contract incentive
3761-FLYZI,65,Month-to-month,Fiber optic,Bank transfer (automatic),108.8,7082.45,No,No,65.26,1,High,71.0,P2 - High,Offer annual contract incentive
1219-NNDDO,9,Month-to-month,Fiber optic,Electronic check,76.85,663.55,No,No,84.47,1,Critical,64.92,P2 - High,Offer annual contract incentive
8388-DMKAE,8,Two year,No,Mailed check,20.25,174.65,No internet service,No internet service,7.42,0,Low,1.5,P4 - Monitor,Standard retention campaign
4403-BWPAY,14,One year,No,Credit card (automatic),24.8,321.7,No internet service,No internet service,15.68,0,Low,3.89,P4 - Monitor,Standard retention campaign
9659-QEQSY,45,Month-to-month,Fiber optic,Electronic check,115.65,5125.5,Yes,Yes,55.18,1,High,63.82,P2 - High,Offer annual contract incentive
5405-ZMYXQ,8,Month-to-month,Fiber optic,Credit card (automatic),74.6,548.9,No,No,81.82,1,Critical,61.04,P2 - High,Offer annual contract incentive
1442-OKRJE,66,One year,Fiber optic,Bank transfer (automatic),103.15,7031.3,No,Yes,7.52,0,Low,7.76,P4 - Monitor,Offer Tech Support trial/bundle
4737-AQCPU,72,Two year,DSL,Credit card (automatic),72.1,5016.65,Yes,Yes,7.1,0,Low,5.12,P4 - Monitor,Standard retention campaign
2808-CHTDM,23,Two year,No,Mailed check,25.1,611.45,No internet service,No internet service,2.26,0,Low,0.57,P4 - Monitor,Standard retention campaign
0793-TWELN,4,Month-to-month,Fiber optic,Electronic check,80.15,319.85,No,Yes,67.91,1,High,54.43,P2 - High,Offer annual contract incentive
3283-WCWXT,6,Two year,No,Mailed check,25.4,153.3,No internet service,No internet service,3.8,0,Low,0.97,P4 - Monitor,Standard retention campaign
1060-ENTOF,67,One year,Fiber optic,Credit card (automatic),105.4,7035.6,Yes,Yes,34.87,0,Medium,36.75,P4 - Monitor,Review Fiber pricing/service quality
0999-QXNSA,7,Month-to-month,DSL,Mailed check,45.75,344.2,No,No,46.17,0,Medium,21.12,P4 - Monitor,Offer annual contract incentive
5451-MHQOF,56,One year,No,Mailed check,24.45,1431.65,No internet service,No internet service,9.28,0,Low,2.27,P4 - Monitor,Standard retention campaign
4836-WNFNO,72,Two year,No,Credit card (automatic),25.0,1849.2,No internet service,No internet service,3.0,0,Low,0.75,P4 - Monitor,Standard retention campaign
9225-BZLNZ,72,Two year,DSL,Electronic check,85.25,6083.1,No,Yes,13.8,0,Low,11.76,P4 - Monitor,Offer Tech Support trial/bundle
0354-VXMJC,23,Two year,No,Credit card (automatic),19.6,426.65,No internet service,No internet service,0.71,0,Low,0.14,P4 - Monitor,Standard retention campaign
4422-QVIJA,35,Month-to-month,DSL,Mailed check,50.15,1655.35,No,No,24.26,0,Low,12.17,P4 - Monitor,Offer annual contract incentive
9365-SRSZE,27,Month-to-month,Fiber optic,Electronic check,70.55,1943.9,No,No,72.6,1,High,51.22,P2 - High,Offer annual contract incentive
8332-OSJDW,12,One year,No,Mailed check,26.4,314.95,No internet service,No internet service,12.71,0,Low,3.36,P4 - Monitor,Standard retention campaign
4735-BJKOU,40,Two year,No,Mailed check,20.15,804.85,No internet service,No internet service,3.9,0,Low,0.79,P4 - Monitor,Standard retention campaign
0274-JKUJR,7,Month-to-month,DSL,Mailed check,58.85,465.7,No,Yes,27.69,0,Medium,16.3,P4 - Monitor,Offer annual contract incentive
5740-YHGTW,70,Month-to-month,Fiber optic,Credit card (automatic),97.55,6669.05,No,Yes,14.47,0,Low,14.12,P4 - Monitor,Offer annual contract incentive
8917-SZTTJ,60,Two year,No,Credit card (automatic),19.65,1161.75,No internet service,No internet service,0.66,0,Low,0.13,P4 - Monitor,Standard retention campaign
1696-MZVAU,39,One year,DSL,Credit card (automatic),25.25,947.75,No,No,33.54,0,Medium,8.47,P4 - Monitor,Offer Tech Support trial/bundle
7359-WWYJV,72,Two year,Fiber optic,Credit card (automatic),114.45,8375.05,Yes,Yes,15.32,0,Low,17.53,P4 - Monitor,Review Fiber pricing/service quality
4906-ZHGPK,54,One year,DSL,Electronic check,70.7,3770.0,Yes,No,27.39,0,Medium,19.36,P4 - Monitor,Offer Online Security bundle
3795-GWTRD,63,Two year,DSL,Credit card (automatic),75.55,4707.85,Yes,Yes,8.54,0,Low,6.45,P4 - Monitor,Standard retention campaign
1298-PHBTI,71,Two year,Fiber optic,Electronic check,84.8,6152.4,Yes,No,3.92,0,Low,3.32,P4 - Monitor,Offer Online Security bundle
6223-DHJGV,42,One year,No,Mailed check,20.65,958.1,No internet service,No internet service,5.07,0,Low,1.05,P4 - Monitor,Standard retention campaign
6961-MJKBO,47,Two year,No,Bank transfer (automatic),20.45,943.0,No internet service,No internet service,6.43,0,Low,1.31,P4 - Monitor,Standard retention campaign
8158-WPEZG,11,Month-to-month,DSL,Electronic check,35.65,425.1,Yes,No,54.15,1,High,19.3,P3 - Medium,Offer annual contract incentive
4918-FYJNT,55,Month-to-month,Fiber optic,Electronic check,90.45,5044.8,Yes,No,56.16,1,High,50.8,P2 - High,Offer annual contract incentive
0727-BNRLG,69,Two year,Fiber optic,Credit card (automatic),97.65,6743.55,Yes,No,23.87,0,Low,23.31,P4 - Monitor,Offer Online Security bundle
4854-CIDCF,3,Month-to-month,Fiber optic,Electronic check,73.85,196.4,No,No,82.11,1,Critical,60.64,P2 - High,Offer annual contract incentive
3280-MRDOF,30,Two year,DSL,Credit card (automatic),69.1,2093.9,Yes,No,17.63,0,Low,12.18,P4 - Monitor,Offer Online Security bundle
6435-SRWBJ,5,Month-to-month,Fiber optic,Electronic check,82.75,417.75,Yes,No,82.03,1,Critical,67.88,P2 - High,Offer annual contract incentive
9964-WBQDJ,71,Two year,No,Credit card (automatic),24.4,1725.4,No internet service,No internet service,4.2,0,Low,1.02,P4 - Monitor,Standard retention campaign
6303-KFWSL,29,One year,DSL,Electronic check,55.25,1620.2,No,No,23.43,0,Low,12.95,P4 - Monitor,Offer Tech Support trial/bundle
1702-CCFNJ,52,Month-to-month,DSL,Bank transfer (automatic),61.35,3169.55,Yes,No,22.84,0,Low,14.01,P4 - Monitor,Offer annual contract incentive
8932-CZHRQ,68,One year,DSL,Credit card (automatic),76.75,5233.25,No,Yes,25.72,0,Medium,19.74,P4 - Monitor,Offer Tech Support trial/bundle
0386-CWRGM,46,Two year,No,Mailed check,19.4,967.85,No internet service,No internet service,0.85,0,Low,0.16,P4 - Monitor,Standard retention campaign
5515-RUGKN,8,Month-to-month,DSL,Credit card (automatic),54.75,438.05,No,No,58.01,1,High,31.76,P3 - Medium,Offer annual contract incentive
0404-AHASP,72,Two year,No,Credit card (automatic),19.7,1421.9,No internet service,No internet service,3.1,0,Low,0.61,P4 - Monitor,Standard retention campaign
7279-NMVJC,17,One year,No,Bank transfer (automatic),19.9,323.15,No internet service,No internet service,14.33,0,Low,2.85,P4 - Monitor,Standard retention campaign
2081-VEYEH,3,Month-to-month,Fiber optic,Electronic check,107.95,318.6,Yes,No,79.67,1,Critical,86.0,P1 - Immediate,Offer annual contract incentive
6407-UTSLV,2,Month-to-month,Fiber optic,Bank transfer (automatic),83.8,163.7,No,No,84.55,1,Critical,70.85,P2 - High,Offer annual contract incentive
9060-HJJRW,51,One year,DSL,Credit card (automatic),56.4,2928.5,No,No,32.84,0,Medium,18.52,P4 - Monitor,Offer Tech Support trial/bundle
2587-YNLES,6,Two year,No,Mailed check,20.1,100.35,No internet service,No internet service,2.14,0,Low,0.43,P4 - Monitor,Standard retention campaign
7398-SKNQZ,3,Month-to-month,Fiber optic,Electronic check,94.9,273.2,No,No,89.65,1,Critical,85.08,P1 - Immediate,Offer annual contract incentive
5935-FCCNB,17,Month-to-month,Fiber optic,Electronic check,94.2,1608.15,No,No,82.32,1,Critical,77.55,P1 - Immediate,Offer annual contract incentive
1958-RNRKS,30,Month-to-month,DSL,Electronic check,49.9,1441.95,No,No,47.41,0,Medium,23.66,P4 - Monitor,Offer annual contract incentive
5136-RGMZO,31,Month-to-month,DSL,Electronic check,71.05,2168.15,Yes,No,38.92,0,Medium,27.65,P4 - Monitor,Offer annual contract incentive
8345-MVDYC,45,Two year,DSL,Bank transfer (automatic),81.65,3618.7,Yes,Yes,6.65,0,Low,5.43,P4 - Monitor,Standard retention campaign
8226-BXGES,64,One year,Fiber optic,Bank transfer (automatic),89.45,5692.65,No,Yes,25.38,0,Medium,22.7,P4 - Monitor,Offer Tech Support trial/bundle
9705-IOVQQ,61,One year,Fiber optic,Electronic check,99.0,5969.3,No,No,9.33,0,Low,9.24,P4 - Monitor,Offer Tech Support trial/bundle
1015-OWJKI,1,Month-to-month,No,Mailed check,19.05,19.05,No internet service,No internet service,44.08,0,Medium,8.4,P4 - Monitor,Offer annual contract incentive
2040-XBAVJ,72,Two year,Fiber optic,Bank transfer (automatic),114.45,8100.55,Yes,Yes,1.98,0,Low,2.27,P4 - Monitor,Review Fiber pricing/service quality
8887-IPQNC,7,Month-to-month,DSL,Mailed check,44.25,313.45,No,No,64.71,1,High,28.63,P3 - Medium,Offer annual contract incentive
8646-JCOMS,66,One year,Fiber optic,Bank transfer (automatic),90.55,6130.95,Yes,No,25.68,0,Medium,23.25,P4 - Monitor,Offer Online Security bundle
1222-KJNZD,40,Month-to-month,No,Bank transfer (automatic),20.4,745.3,No internet service,No internet service,12.9,0,Low,2.63,P4 - Monitor,Offer annual contract incentive
0106-GHRQR,16,Month-to-month,DSL,Bank transfer (automatic),71.4,1212.1,No,No,47.88,0,Medium,34.19,P4 - Monitor,Offer annual contract incentive
3768-VHXQO,67,Two year,No,Credit card (automatic),24.85,1583.5,No internet service,No internet service,3.62,0,Low,0.9,P4 - Monitor,Standard retention campaign
8952-WCVCD,41,One year,Fiber optic,Bank transfer (automatic),104.45,4162.05,No,Yes,47.36,0,Medium,49.47,P4 - Monitor,Offer Tech Support trial/bundle
2418-TPEUN,56,Two year,No,Credit card (automatic),19.8,1119.9,No internet service,No internet service,0.97,0,Low,0.19,P4 - Monitor,Standard retention campaign
3963-RYFNS,72,Two year,Fiber optic,Bank transfer (automatic),116.45,8013.55,Yes,Yes,14.73,0,Low,17.15,P4 - Monitor,Review Fiber pricing/service quality
8540-ZQGEA,54,Two year,No,Credit card (automatic),20.05,1102.4,No internet service,No internet service,3.98,0,Low,0.8,P4 - Monitor,Standard retention campaign
1320-REHCS,52,Month-to-month,Fiber optic,Electronic check,110.75,5832.0,Yes,No,66.24,1,High,73.36,P2 - High,Offer annual contract incentive
4137-JOPHL,50,Two year,Fiber optic,Bank transfer (automatic),89.7,4304.5,Yes,No,20.78,0,Low,18.64,P4 - Monitor,Offer Online Security bundle
7801-CEDNV,27,One year,DSL,Credit card (automatic),48.7,1421.75,No,Yes,18.12,0,Low,8.82,P4 - Monitor,Offer Tech Support trial/bundle
2057-BOYKM,72,Two year,Fiber optic,Bank transfer (automatic),96.6,6827.5,Yes,Yes,12.73,0,Low,12.3,P4 - Monitor,Review Fiber pricing/service quality
3658-QQJYD,62,One year,DSL,Credit card (automatic),74.3,4698.05,No,Yes,21.8,0,Low,16.2,P4 - Monitor,Offer Tech Support trial/bundle
1803-BGNBD,12,Month-to-month,DSL,Electronic check,54.3,654.5,Yes,No,49.16,0,Medium,26.69,P4 - Monitor,Offer annual contract incentive
0134-XWXCE,44,One year,DSL,Bank transfer (automatic),74.85,3268.05,Yes,No,24.05,0,Low,18.0,P4 - Monitor,Offer Online Security bundle
6950-TWMYB,54,Two year,Fiber optic,Bank transfer (automatic),79.95,4362.05,Yes,No,2.43,0,Low,1.94,P4 - Monitor,Offer Online Security bundle
5848-FHRFC,68,Two year,No,Bank transfer (automatic),20.05,1386.9,No internet service,No internet service,4.07,0,Low,0.82,P4 - Monitor,Standard retention campaign
2243-FNMMI,20,Month-to-month,No,Mailed check,19.4,415.4,No internet service,No internet service,21.28,0,Low,4.13,P4 - Monitor,Offer annual contract incentive
2511-MORQY,50,One year,DSL,Bank transfer (automatic),54.9,2614.1,No,No,19.41,0,Low,10.66,P4 - Monitor,Offer Tech Support trial/bundle
5356-KZCKT,58,Two year,No,Credit card (automatic),24.45,1513.6,No internet service,No internet service,5.77,0,Low,1.41,P4 - Monitor,Standard retention campaign
9470-XCCEM,35,Month-to-month,Fiber optic,Bank transfer (automatic),89.65,3161.6,No,No,18.71,0,Low,16.77,P4 - Monitor,Offer annual contract incentive
6519-CFDBX,2,Month-to-month,DSL,Electronic check,45.4,80.95,No,No,77.13,1,Critical,35.02,P3 - Medium,Offer annual contract incentive
3902-MIVLE,63,Two year,DSL,Mailed check,75.7,4676.7,Yes,Yes,7.02,0,Low,5.31,P4 - Monitor,Standard retention campaign
0409-WTMPL,58,One year,Fiber optic,Credit card (automatic),110.65,6526.65,No,Yes,43.95,0,Medium,48.63,P4 - Monitor,Offer Tech Support trial/bundle
8763-KIAFH,27,One year,No,Mailed check,20.55,583.3,No internet service,No internet service,8.28,0,Low,1.7,P4 - Monitor,Standard retention campaign
3669-WHAFY,71,Two year,Fiber optic,Credit card (automatic),115.15,8078.1,Yes,Yes,14.7,0,Low,16.93,P4 - Monitor,Review Fiber pricing/service quality
3055-VTCGS,63,One year,DSL,Credit card (automatic),58.55,3503.5,No,No,20.0,0,Low,11.71,P4 - Monitor,Offer Tech Support trial/bundle
3144-KMTWZ,71,Month-to-month,Fiber optic,Bank transfer (automatic),93.25,6669.45,No,No,58.27,1,High,54.34,P2 - High,Offer annual contract incentive
2007-QVGAW,68,Two year,No,Bank transfer (automatic),19.35,1292.65,No internet service,No internet service,1.23,0,Low,0.24,P4 - Monitor,Standard retention campaign
5207-PLSTK,1,Month-to-month,DSL,Mailed check,48.75,48.75,No,Yes,60.03,1,High,29.26,P3 - Medium,Offer annual contract incentive
2307-FYNNL,65,Two year,Fiber optic,Electronic check,109.05,7108.2,Yes,Yes,32.34,0,Medium,35.27,P4 - Monitor,Promote automatic payment
5605-XNWEN,72,Two year,No,Bank transfer (automatic),25.0,1802.55,No internet service,No internet service,4.22,0,Low,1.06,P4 - Monitor,Standard retention campaign
2155-AMQRX,28,Month-to-month,DSL,Credit card (automatic),54.9,1505.15,Yes,No,35.42,0,Medium,19.45,P4 - Monitor,Offer annual contract incentive
6181-AXXYF,72,Two year,No,Credit card (automatic),24.75,1859.1,No internet service,No internet service,0.76,0,Low,0.19,P4 - Monitor,Standard retention campaign
5091-HFAZW,2,Month-to-month,Fiber optic,Electronic check,91.15,168.5,No,Yes,75.84,1,Critical,69.13,P2 - High,Offer annual contract incentive
2519-LBNQL,60,One year,Fiber optic,Electronic check,104.35,6339.45,No,No,54.91,1,High,57.3,P2 - High,Offer Tech Support trial/bundle
8623-ULFNQ,26,Month-to-month,DSL,Electronic check,66.05,1652.4,Yes,No,44.63,0,Medium,29.48,P4 - Monitor,Offer annual contract incentive
1568-LJSZU,68,Two year,DSL,Credit card (automatic),92.2,6392.85,Yes,Yes,7.35,0,Low,6.78,P4 - Monitor,Standard retention campaign
7789-HKSBS,42,One year,Fiber optic,Bank transfer (automatic),105.2,4599.15,No,Yes,49.71,0,Medium,52.29,P4 - Monitor,Offer Tech Support trial/bundle
7416-CKTEP,57,Two year,No,Bank transfer (automatic),19.6,1134.25,No internet service,No internet service,5.92,0,Low,1.16,P4 - Monitor,Standard retention campaign
2586-CWXVV,54,Month-to-month,DSL,Electronic check,30.4,1621.35,No,No,52.72,1,High,16.03,P3 - Medium,Offer annual contract incentive
2348-KCJLT,44,One year,DSL,Mailed check,61.5,2722.2,No,Yes,14.38,0,Low,8.84,P4 - Monitor,Offer Tech Support trial/bundle
8401-EMUWF,42,Month-to-month,DSL,Bank transfer (automatic),69.4,3058.3,No,Yes,12.24,0,Low,8.49,P4 - Monitor,Offer annual contract incentive
4193-IBKSW,72,Two year,No,Bank transfer (automatic),24.75,1769.6,No internet service,No internet service,0.68,0,Low,0.17,P4 - Monitor,Standard retention campaign
5377-NDTOU,71,Two year,DSL,Mailed check,91.05,6293.75,Yes,Yes,4.76,0,Low,4.33,P4 - Monitor,Standard retention campaign
2474-LCNUE,23,Month-to-month,DSL,Credit card (automatic),73.65,1642.75,Yes,No,37.45,0,Medium,27.58,P4 - Monitor,Offer annual contract incentive
0839-QNXME,30,Two year,No,Credit card (automatic),19.4,578.5,No internet service,No internet service,4.94,0,Low,0.96,P4 - Monitor,Standard retention campaign
3506-OVLKD,35,One year,No,Bank transfer (automatic),26.2,954.9,No internet service,No internet service,16.45,0,Low,4.31,P4 - Monitor,Standard retention campaign
6650-VJONK,1,Month-to-month,DSL,Bank transfer (automatic),43.85,43.85,No,No,71.81,1,High,31.49,P3 - Medium,Offer annual contract incentive
2178-PMGCJ,22,Month-to-month,Fiber optic,Mailed check,69.7,1490.4,No,No,62.86,1,High,43.81,P3 - Medium,Offer annual contract incentive
7492-TAFJD,7,Two year,DSL,Mailed check,38.55,280.0,No,Yes,13.12,0,Low,5.06,P4 - Monitor,Offer Tech Support trial/bundle
2773-MADBQ,36,Two year,DSL,Mailed check,53.1,1901.25,Yes,Yes,6.44,0,Low,3.42,P4 - Monitor,Standard retention campaign
6016-LVTJQ,34,Month-to-month,No,Mailed check,20.65,716.4,No internet service,No internet service,11.42,0,Low,2.36,P4 - Monitor,Offer annual contract incentive
7860-KSUGX,72,Two year,DSL,Credit card (automatic),64.45,4720.0,No,Yes,8.11,0,Low,5.23,P4 - Monitor,Offer Tech Support trial/bundle
8966-KZXXA,36,Two year,No,Credit card (automatic),25.1,930.95,No internet service,No internet service,1.71,0,Low,0.43,P4 - Monitor,Standard retention campaign
5149-QYTTU,71,One year,Fiber optic,Credit card (automatic),95.15,6770.85,Yes,Yes,4.73,0,Low,4.5,P4 - Monitor,Review Fiber pricing/service quality
2070-XYMFH,23,Month-to-month,Fiber optic,Mailed check,79.35,1835.3,No,No,68.3,1,High,54.2,P2 - High,Offer annual contract incentive
2085-BOJKI,17,One year,Fiber optic,Bank transfer (automatic),96.65,1588.25,No,No,51.48,1,High,49.76,P3 - Medium,Offer Tech Support trial/bundle
0817-HSUSE,1,Month-to-month,DSL,Electronic check,75.5,75.5,Yes,No,64.65,1,High,48.81,P3 - Medium,Offer annual contract incentive
5442-PPTJY,12,Two year,No,Mailed check,19.7,258.35,No internet service,No internet service,1.7,0,Low,0.33,P4 - Monitor,Standard retention campaign
1927-QEWMY,72,Two year,No,Credit card (automatic),20.5,1502.25,No internet service,No internet service,2.17,0,Low,0.44,P4 - Monitor,Standard retention campaign
1663-MHLHE,1,Month-to-month,No,Mailed check,19.2,19.2,No internet service,No internet service,44.82,0,Medium,8.61,P4 - Monitor,Offer annual contract incentive
5663-QBGIS,72,Two year,Fiber optic,Bank transfer (automatic),98.35,6929.4,No,No,35.06,0,Medium,34.48,P4 - Monitor,Offer Tech Support trial/bundle
4450-MDZFX,60,Month-to-month,Fiber optic,Bank transfer (automatic),74.35,4453.3,No,No,17.96,0,Low,13.35,P4 - Monitor,Offer annual contract incentive
6701-DHKWQ,61,Two year,DSL,Credit card (automatic),51.35,3244.4,Yes,No,9.3,0,Low,4.78,P4 - Monitor,Offer Online Security bundle
7554-AKDQF,6,Month-to-month,DSL,Mailed check,45.65,323.45,No,No,63.0,1,High,28.76,P3 - Medium,Offer annual contract incentive
0794-YVSGE,72,Two year,No,Bank transfer (automatic),20.3,1401.15,No internet service,No internet service,0.63,0,Low,0.13,P4 - Monitor,Standard retention campaign
5423-BHIXO,32,Month-to-month,DSL,Electronic check,54.2,1739.6,No,No,45.01,0,Medium,24.4,P4 - Monitor,Offer annual contract incentive
6908-VVYHM,65,Month-to-month,Fiber optic,Electronic check,90.65,5931.0,No,No,66.48,1,High,60.26,P2 - High,Offer annual contract incentive
2959-EEXWB,45,Month-to-month,DSL,Bank transfer (automatic),50.9,2333.85,No,Yes,16.75,0,Low,8.53,P4 - Monitor,Offer annual contract incentive
1839-UMACK,42,One year,No,Electronic check,25.05,949.85,No internet service,No internet service,16.55,0,Low,4.15,P4 - Monitor,Promote automatic payment
3030-YDNRM,8,Month-to-month,Fiber optic,Electronic check,74.85,572.45,No,No,84.11,1,Critical,62.96,P2 - High,Offer annual contract incentive
7321-KKSDU,32,Two year,No,Mailed check,20.5,696.8,No internet service,No internet service,1.28,0,Low,0.26,P4 - Monitor,Standard retention campaign
3402-XRIUO,22,Month-to-month,DSL,Mailed check,63.55,1381.8,Yes,Yes,28.23,0,Medium,17.94,P4 - Monitor,Offer annual contract incentive
8286-AFUYI,1,Month-to-month,DSL,Electronic check,47.95,47.95,No,Yes,69.59,1,High,33.37,P3 - Medium,Offer annual contract incentive
8356-WUAOJ,1,Month-to-month,DSL,Electronic check,45.0,45.0,No,No,77.74,1,Critical,34.98,P3 - Medium,Offer annual contract incentive
8058-DMYRU,54,Month-to-month,Fiber optic,Electronic check,90.05,4931.8,No,No,71.96,1,High,64.8,P2 - High,Offer annual contract incentive
9350-ZXYJC,4,Two year,No,Credit card (automatic),25.3,116.95,No internet service,No internet service,17.01,0,Low,4.3,P4 - Monitor,Standard retention campaign
8958-JPTRR,56,One year,No,Electronic check,24.3,1261.7,No internet service,No internet service,10.55,0,Low,2.56,P4 - Monitor,Promote automatic payment
6959-GQEGV,45,Month-to-month,DSL,Electronic check,75.95,3273.8,No,Yes,37.55,0,Medium,28.52,P4 - Monitor,Offer annual contract incentive
3173-WSSUE,71,Two year,No,Credit card (automatic),19.7,1415.85,No internet service,No internet service,0.37,0,Low,0.07,P4 - Monitor,Standard retention campaign
1265-HVPZB,59,One year,DSL,Credit card (automatic),66.4,3958.2,No,Yes,18.81,0,Low,12.49,P4 - Monitor,Offer Tech Support trial/bundle
4115-UMJFQ,69,One year,DSL,Bank transfer (automatic),35.75,2492.25,No,No,25.96,0,Medium,9.28,P4 - Monitor,Offer Tech Support trial/bundle
7369-TRPFD,19,One year,No,Mailed check,18.8,279.2,No internet service,No internet service,5.56,0,Low,1.05,P4 - Monitor,Standard retention campaign
1098-KFQEC,55,Two year,No,Credit card (automatic),19.4,1083.0,No internet service,No internet service,0.94,0,Low,0.18,P4 - Monitor,Standard retention campaign
7190-XHTWJ,38,One year,No,Mailed check,19.3,755.5,No internet service,No internet service,4.95,0,Low,0.96,P4 - Monitor,Standard retention campaign
3537-RYBHH,47,Month-to-month,DSL,Credit card (automatic),67.45,3252.0,No,Yes,35.0,0,Medium,23.61,P4 - Monitor,Offer annual contract incentive
5296-BFCYD,46,Two year,No,Mailed check,20.1,936.85,No internet service,No internet service,0.89,0,Low,0.18,P4 - Monitor,Standard retention campaign
9359-JANWS,65,Two year,DSL,Credit card (automatic),58.9,3857.1,Yes,Yes,11.32,0,Low,6.67,P4 - Monitor,Standard retention campaign
3279-DYZQM,71,Two year,No,Mailed check,19.45,1378.45,No internet service,No internet service,0.71,0,Low,0.14,P4 - Monitor,Standard retention campaign
0523-VNGTF,52,Month-to-month,DSL,Electronic check,50.5,2566.3,Yes,No,37.4,0,Medium,18.89,P4 - Monitor,Offer annual contract incentive
9575-IWCAZ,6,One year,No,Mailed check,25.1,171.0,No internet service,No internet service,11.86,0,Low,2.98,P4 - Monitor,Standard retention campaign
7105-MXJLL,26,One year,DSL,Mailed check,60.7,1597.4,No,No,26.31,0,Medium,15.97,P4 - Monitor,Offer Tech Support trial/bundle
7064-FRRSW,48,One year,Fiber optic,Electronic check,99.0,4744.35,No,No,51.1,1,High,50.59,P2 - High,Offer Tech Support trial/bundle
7940-UQQUG,64,One year,Fiber optic,Bank transfer (automatic),104.4,6721.6,Yes,Yes,7.87,0,Low,8.22,P4 - Monitor,Review Fiber pricing/service quality
3961-SXAXY,1,Month-to-month,DSL,Bank transfer (automatic),44.05,44.05,No,No,72.04,1,High,31.73,P3 - Medium,Offer annual contract incentive
7010-BRBUU,72,Two year,No,Credit card (automatic),24.1,1734.65,No internet service,No internet service,0.69,0,Low,0.17,P4 - Monitor,Standard retention campaign
3566-HJGPK,1,Month-to-month,DSL,Mailed check,45.55,45.55,No,No,76.33,1,Critical,34.77,P3 - Medium,Offer annual contract incentive
3062-ICYZQ,51,Month-to-month,Fiber optic,Electronic check,93.8,4539.35,No,Yes,14.59,0,Low,13.69,P4 - Monitor,Offer annual contract incentive
9938-PRCVK,41,Two year,No,Bank transfer (automatic),19.7,804.25,No internet service,No internet service,1.06,0,Low,0.21,P4 - Monitor,Standard retention campaign
0973-KYVNF,72,Two year,DSL,Credit card (automatic),70.65,5011.15,No,Yes,6.39,0,Low,4.51,P4 - Monitor,Offer Tech Support trial/bundle
5129-HHMZC,43,Two year,DSL,Credit card (automatic),86.45,3574.5,Yes,Yes,9.18,0,Low,7.94,P4 - Monitor,Standard retention campaign
9637-CDTKZ,72,Two year,Fiber optic,Credit card (automatic),114.1,8086.4,Yes,Yes,13.43,0,Low,15.32,P4 - Monitor,Review Fiber pricing/service quality
3946-JEWRQ,47,One year,Fiber optic,Credit card (automatic),95.2,4563.0,No,No,48.64,0,Medium,46.31,P4 - Monitor,Offer Tech Support trial/bundle
7873-CVMAW,72,Two year,DSL,Credit card (automatic),88.55,6362.35,Yes,Yes,6.06,0,Low,5.37,P4 - Monitor,Standard retention campaign
0463-WZZKO,3,Month-to-month,No,Credit card (automatic),20.75,67.1,No internet service,No internet service,28.07,0,Medium,5.82,P4 - Monitor,Offer annual contract incentive
4524-QCSSM,26,Month-to-month,DSL,Bank transfer (automatic),44.65,1156.55,No,Yes,43.73,0,Medium,19.53,P4 - Monitor,Offer annual contract incentive
5832-EXGTT,29,Month-to-month,DSL,Mailed check,60.2,1834.15,No,Yes,18.23,0,Low,10.97,P4 - Monitor,Offer annual contract incentive
2039-JONDJ,27,One year,DSL,Bank transfer (automatic),55.45,1477.65,No,Yes,12.56,0,Low,6.96,P4 - Monitor,Offer Tech Support trial/bundle
7217-JYHOQ,24,Month-to-month,DSL,Credit card (automatic),70.3,1706.45,Yes,Yes,13.68,0,Low,9.62,P4 - Monitor,Offer annual contract incentive
6695-FRVEC,67,Two year,DSL,Bank transfer (automatic),60.4,3953.7,Yes,Yes,5.84,0,Low,3.53,P4 - Monitor,Standard retention campaign
9894-QMIMJ,23,One year,DSL,Bank transfer (automatic),55.8,1327.85,No,No,20.01,0,Low,11.17,P4 - Monitor,Offer Tech Support trial/bundle
8069-YQQAJ,14,Month-to-month,DSL,Mailed check,31.1,419.7,No,No,56.96,1,High,17.71,P3 - Medium,Offer annual contract incentive
1636-NTNCO,4,Month-to-month,DSL,Credit card (automatic),50.95,207.35,No,No,71.05,1,High,36.2,P3 - Medium,Offer annual contract incentive
3466-WAESX,16,Month-to-month,DSL,Electronic check,69.1,1083.7,No,Yes,31.44,0,Medium,21.73,P4 - Monitor,Offer annual contract incentive
9281-PKKZE,46,Month-to-month,DSL,Electronic check,43.95,2007.85,No,No,60.96,1,High,26.79,P3 - Medium,Offer annual contract incentive
3638-VBZTA,68,Two year,DSL,Bank transfer (automatic),86.5,5882.75,Yes,Yes,8.18,0,Low,7.08,P4 - Monitor,Standard retention campaign
7459-IMVYU,38,Month-to-month,DSL,Electronic check,69.95,2657.55,Yes,Yes,26.86,0,Medium,18.79,P4 - Monitor,Offer annual contract incentive
8563-OYMQY,17,Month-to-month,Fiber optic,Credit card (automatic),90.95,1612.2,No,No,67.99,1,High,61.84,P2 - High,Offer annual contract incentive
0754-EEBDC,4,Two year,No,Mailed check,19.9,76.65,No internet service,No internet service,3.58,0,Low,0.71,P4 - Monitor,Standard retention campaign
5777-ZPQNC,12,One year,No,Electronic check,20.15,260.7,No internet service,No internet service,10.97,0,Low,2.21,P4 - Monitor,Promote automatic payment
1951-IEYXM,72,Two year,DSL,Credit card (automatic),90.6,6441.85,Yes,Yes,6.05,0,Low,5.48,P4 - Monitor,Standard retention campaign
3318-NMQXL,3,Month-to-month,Fiber optic,Electronic check,92.0,266.8,No,No,88.9,1,Critical,81.79,P1 - Immediate,Offer annual contract incentive
1022-RKXDR,41,One year,No,Mailed check,24.85,962.25,No internet service,No internet service,10.01,0,Low,2.49,P4 - Monitor,Standard retention campaign
2361-FJWNO,40,One year,DSL,Credit card (automatic),36.0,1382.9,Yes,No,23.54,0,Low,8.47,P4 - Monitor,Offer Online Security bundle
2272-UOINI,7,Month-to-month,DSL,Electronic check,78.5,571.05,Yes,Yes,49.32,0,Medium,38.72,P4 - Monitor,Offer annual contract incentive
8232-UTFOZ,69,Two year,No,Credit card (automatic),19.95,1399.35,No internet service,No internet service,3.13,0,Low,0.62,P4 - Monitor,Standard retention campaign
3750-YHRYO,7,One year,No,Mailed check,20.65,150.0,No internet service,No internet service,9.6,0,Low,1.98,P4 - Monitor,Standard retention campaign
6637-KYRCV,5,Month-to-month,DSL,Electronic check,30.5,167.2,No,No,37.85,0,Medium,11.54,P4 - Monitor,Offer annual contract incentive
5668-MEISB,72,Two year,Fiber optic,Credit card (automatic),106.1,7657.4,Yes,Yes,2.36,0,Low,2.5,P4 - Monitor,Review Fiber pricing/service quality
0129-QMPDR,44,One year,No,Bank transfer (automatic),20.5,865.05,No internet service,No internet service,5.52,0,Low,1.13,P4 - Monitor,Standard retention campaign
7188-CBBBA,65,One year,Fiber optic,Electronic check,95.5,6153.85,No,No,44.45,0,Medium,42.45,P4 - Monitor,Offer Tech Support trial/bundle
5356-CSVSQ,3,Month-to-month,DSL,Electronic check,64.6,174.2,Yes,No,65.92,1,High,42.58,P3 - Medium,Offer annual contract incentive
3221-CJMSG,24,Month-to-month,DSL,Credit card (automatic),51.1,1269.6,Yes,No,35.97,0,Medium,18.38,P4 - Monitor,Offer annual contract incentive
3219-JQRSL,72,Two year,DSL,Credit card (automatic),89.1,6352.4,Yes,Yes,12.56,0,Low,11.19,P4 - Monitor,Standard retention campaign
2801-NISEI,24,Month-to-month,DSL,Electronic check,54.95,1348.5,Yes,Yes,37.18,0,Medium,20.43,P4 - Monitor,Offer annual contract incentive
4623-ZKHLY,22,Month-to-month,No,Bank transfer (automatic),20.45,471.55,No internet service,No internet service,23.36,0,Low,4.78,P4 - Monitor,Offer annual contract incentive
6732-VAILE,70,Two year,DSL,Credit card (automatic),85.95,5931.75,Yes,No,6.35,0,Low,5.46,P4 - Monitor,Offer Online Security bundle
8201-AAXCB,25,Month-to-month,DSL,Electronic check,60.35,1404.65,No,No,22.05,0,Low,13.31,P4 - Monitor,Offer annual contract incentive
7696-CFTAT,37,Two year,No,Bank transfer (automatic),19.8,726.1,No internet service,No internet service,0.87,0,Low,0.17,P4 - Monitor,Standard retention campaign
1845-CSBRZ,22,Month-to-month,Fiber optic,Bank transfer (automatic),85.35,1961.6,No,No,26.34,0,Medium,22.48,P4 - Monitor,Offer annual contract incentive
2123-VSCOT,59,Two year,DSL,Bank transfer (automatic),72.1,4194.85,Yes,No,7.98,0,Low,5.75,P4 - Monitor,Offer Online Security bundle
2018-QKYGT,1,Month-to-month,Fiber optic,Electronic check,81.05,81.05,No,No,59.24,1,High,48.01,P3 - Medium,Offer annual contract incentive
2792-VPPET,3,Month-to-month,No,Electronic check,20.5,76.95,No internet service,No internet service,27.28,0,Medium,5.59,P4 - Monitor,Offer annual contract incentive
7409-JURKQ,53,One year,Fiber optic,Bank transfer (automatic),111.8,5809.75,Yes,No,46.79,0,Medium,52.31,P4 - Monitor,Offer Online Security bundle
3247-MHJKM,1,Month-to-month,No,Mailed check,20.2,20.2,No internet service,No internet service,54.42,1,High,10.99,P3 - Medium,Offer annual contract incentive
1964-SVLEA,20,One year,No,Mailed check,19.7,415.9,No internet service,No internet service,5.57,0,Low,1.1,P4 - Monitor,Standard retention campaign
7297-DVYGA,51,One year,No,Bank transfer (automatic),19.85,996.95,No internet service,No internet service,7.7,0,Low,1.53,P4 - Monitor,Standard retention campaign
2239-CGBUZ,51,One year,DSL,Bank transfer (automatic),60.5,3145.15,Yes,Yes,10.19,0,Low,6.16,P4 - Monitor,Standard retention campaign
0854-UYHZD,13,Two year,No,Mailed check,19.55,265.3,No internet service,No internet service,1.78,0,Low,0.35,P4 - Monitor,Standard retention campaign
7243-LCGGZ,1,Month-to-month,No,Mailed check,20.9,20.9,No internet service,No internet service,54.53,1,High,11.4,P3 - Medium,Offer annual contract incentive
8267-KFGYD,1,Month-to-month,No,Mailed check,21.05,21.05,No internet service,No internet service,40.23,0,Medium,8.47,P4 - Monitor,Offer annual contract incentive
4890-VMUAV,63,One year,DSL,Electronic check,71.5,4576.3,Yes,Yes,19.76,0,Low,14.13,P4 - Monitor,Promote automatic payment
9261-WDCAF,3,Month-to-month,DSL,Mailed check,54.65,189.1,No,No,73.29,1,High,40.05,P3 - Medium,Offer annual contract incentive
3764-MNMOI,46,Two year,No,Credit card (automatic),19.2,908.15,No internet service,No internet service,6.16,0,Low,1.18,P4 - Monitor,Standard retention campaign
7442-YGZFK,1,Month-to-month,DSL,Credit card (automatic),49.8,49.8,No,No,76.24,1,Critical,37.97,P3 - Medium,Offer annual contract incentive
8229-BUJHX,71,Two year,No,Bank transfer (automatic),20.5,1500.95,No internet service,No internet service,0.55,0,Low,0.11,P4 - Monitor,Standard retention campaign
7449-HVPIV,55,Month-to-month,Fiber optic,Credit card (automatic),90.4,5099.15,No,No,16.06,0,Low,14.52,P4 - Monitor,Offer annual contract incentive
5504-WSIUR,70,One year,Fiber optic,Bank transfer (automatic),90.25,6385.95,Yes,No,23.3,0,Low,21.03,P4 - Monitor,Offer Online Security bundle
8466-PZBLH,67,Two year,Fiber optic,Bank transfer (automatic),104.6,6885.75,Yes,Yes,5.36,0,Low,5.61,P4 - Monitor,Review Fiber pricing/service quality
8735-IJJEG,14,Month-to-month,DSL,Credit card (automatic),50.2,668.85,No,No,48.35,0,Medium,24.27,P4 - Monitor,Offer annual contract incentive
0564-MUUQK,20,Month-to-month,Fiber optic,Bank transfer (automatic),95.5,1916.2,Yes,No,29.75,0,Medium,28.41,P4 - Monitor,Offer annual contract incentive
0701-RFGFI,49,Month-to-month,Fiber optic,Bank transfer (automatic),95.4,4613.95,No,No,21.74,0,Low,20.74,P4 - Monitor,Offer annual contract incentive
0019-EFAEP,72,Two year,Fiber optic,Bank transfer (automatic),101.3,7261.25,No,Yes,14.63,0,Low,14.82,P4 - Monitor,Offer Tech Support trial/bundle
5619-PTMIK,46,Month-to-month,DSL,Electronic check,53.1,2459.8,No,Yes,41.27,0,Medium,21.91,P4 - Monitor,Offer annual contract incentive
3737-XBQDD,24,Month-to-month,Fiber optic,Bank transfer (automatic),84.85,2048.8,No,No,69.87,1,High,59.28,P2 - High,Offer annual contract incentive
5882-CMAZQ,5,Month-to-month,DSL,Electronic check,34.25,163.55,Yes,No,33.71,0,Medium,11.55,P4 - Monitor,Offer annual contract incentive
5846-QFDFI,33,Month-to-month,Fiber optic,Credit card (automatic),88.6,2888.7,Yes,No,17.12,0,Low,15.17,P4 - Monitor,Offer annual contract incentive
4445-KWOKW,42,One year,DSL,Bank transfer (automatic),60.15,2421.6,No,Yes,12.58,0,Low,7.57,P4 - Monitor,Offer Tech Support trial/bundle
3511-APPBJ,23,One year,Fiber optic,Credit card (automatic),99.95,2292.75,No,Yes,43.19,0,Medium,43.17,P4 - Monitor,Offer Tech Support trial/bundle
7967-HYCDE,8,Month-to-month,Fiber optic,Bank transfer (automatic),70.7,553.4,No,No,72.68,1,High,51.38,P2 - High,Offer annual contract incentive
2430-RRYUW,66,One year,DSL,Mailed check,54.8,3465.7,No,Yes,12.09,0,Low,6.63,P4 - Monitor,Offer Tech Support trial/bundle
3723-BFBGR,24,Month-to-month,DSL,Credit card (automatic),54.8,1291.3,No,No,38.59,0,Medium,21.15,P4 - Monitor,Offer annual contract incentive
5447-WZAFP,53,One year,Fiber optic,Mailed check,100.3,5200.8,No,No,49.04,0,Medium,49.19,P4 - Monitor,Offer Tech Support trial/bundle
5110-CHOPY,60,Two year,DSL,Electronic check,53.6,3237.05,No,Yes,20.49,0,Low,10.98,P4 - Monitor,Offer Tech Support trial/bundle
4425-OWHWB,20,One year,No,Credit card (automatic),19.35,433.75,No internet service,No internet service,5.47,0,Low,1.06,P4 - Monitor,Standard retention campaign
7892-QVYKW,23,Month-to-month,Fiber optic,Electronic check,85.6,1868.4,No,No,24.32,0,Low,20.82,P4 - Monitor,Offer annual contract incentive
9675-ICXCT,72,Two year,DSL,Electronic check,80.8,5728.55,Yes,Yes,12.3,0,Low,9.94,P4 - Monitor,Promote automatic payment
4703-MQYKT,21,Two year,No,Mailed check,19.6,390.4,No internet service,No internet service,6.9,0,Low,1.35,P4 - Monitor,Standard retention campaign
5692-ICXLW,31,Month-to-month,Fiber optic,Electronic check,90.7,2845.15,No,No,76.71,1,Critical,69.58,P2 - High,Offer annual contract incentive
0602-DDUML,57,Two year,DSL,Mailed check,69.75,3894.4,Yes,No,7.57,0,Low,5.28,P4 - Monitor,Offer Online Security bundle
2208-MPXIO,45,Two year,No,Bank transfer (automatic),20.0,886.4,No internet service,No internet service,1.2,0,Low,0.24,P4 - Monitor,Standard retention campaign
1960-UYCNN,10,Month-to-month,Fiber optic,Electronic check,95.25,1021.55,No,No,84.72,1,Critical,80.7,P1 - Immediate,Offer annual contract incentive
3190-FZATL,14,Month-to-month,No,Mailed check,19.95,268.4,No internet service,No internet service,16.68,0,Low,3.33,P4 - Monitor,Offer annual contract incentive
7336-RLLRH,27,One year,DSL,Mailed check,80.85,2204.35,Yes,Yes,27.63,0,Medium,22.34,P4 - Monitor,Standard retention campaign
7710-JSYOA,69,Two year,Fiber optic,Bank transfer (automatic),93.3,6398.05,Yes,No,2.89,0,Low,2.7,P4 - Monitor,Offer Online Security bundle
9885-MFVSU,35,Two year,DSL,Credit card (automatic),46.35,1662.05,Yes,Yes,8.72,0,Low,4.04,P4 - Monitor,Standard retention campaign
0607-MVMGC,45,One year,DSL,Credit card (automatic),78.75,3600.65,No,No,31.19,0,Medium,24.56,P4 - Monitor,Offer Tech Support trial/bundle
3365-SAIGS,17,Month-to-month,Fiber optic,Electronic check,83.55,1329.15,No,No,78.19,1,Critical,65.33,P2 - High,Offer annual contract incentive
8022-BECSI,22,One year,No,Mailed check,19.6,422.5,No internet service,No internet service,4.87,0,Low,0.95,P4 - Monitor,Standard retention campaign
9993-LHIEB,67,Two year,DSL,Mailed check,67.85,4627.65,Yes,Yes,5.97,0,Low,4.05,P4 - Monitor,Standard retention campaign
0266-CLZKZ,67,Two year,Fiber optic,Bank transfer (automatic),105.65,6717.9,Yes,No,6.98,0,Low,7.37,P4 - Monitor,Offer Online Security bundle
7020-OZKXZ,9,Month-to-month,Fiber optic,Credit card (automatic),75.5,637.4,No,No,75.08,1,Critical,56.69,P2 - High,Offer annual contract incentive
3977-QCRSL,5,Month-to-month,No,Mailed check,20.15,117.95,No internet service,No internet service,34.39,0,Medium,6.93,P4 - Monitor,Offer annual contract incentive
0017-DINOC,54,Two year,DSL,Credit card (automatic),45.2,2460.55,Yes,Yes,8.07,0,Low,3.65,P4 - Monitor,Standard retention campaign
7639-OPLNG,70,Two year,DSL,Bank transfer (automatic),79.25,5731.85,Yes,Yes,7.76,0,Low,6.15,P4 - Monitor,Standard retention campaign
1492-QGCLU,53,Month-to-month,DSL,Electronic check,85.7,4616.1,Yes,Yes,13.64,0,Low,11.69,P4 - Monitor,Offer annual contract incentive
7328-OWMOM,31,One year,No,Credit card (automatic),20.1,589.25,No internet service,No internet service,5.11,0,Low,1.03,P4 - Monitor,Standard retention campaign
4418-LZMSV,13,Month-to-month,DSL,Bank transfer (automatic),61.8,750.1,Yes,No,15.97,0,Low,9.87,P4 - Monitor,Offer annual contract incentive
5155-AZQPB,28,Month-to-month,DSL,Mailed check,49.9,1410.25,No,No,22.33,0,Low,11.14,P4 - Monitor,Offer annual contract incentive
1087-GRUYI,38,Two year,No,Bank transfer (automatic),20.4,743.5,No internet service,No internet service,5.17,0,Low,1.05,P4 - Monitor,Standard retention campaign
2546-KZAAT,52,One year,DSL,Mailed check,75.4,3865.45,No,Yes,20.59,0,Low,15.52,P4 - Monitor,Offer Tech Support trial/bundle
0181-RITDD,62,Two year,Fiber optic,Mailed check,108.15,6825.65,Yes,Yes,3.94,0,Low,4.26,P4 - Monitor,Review Fiber pricing/service quality
5989-PGKJB,16,Month-to-month,Fiber optic,Electronic check,86.25,1340.1,No,No,78.78,1,Critical,67.95,P2 - High,Offer annual contract incentive
8272-ONJLV,12,One year,Fiber optic,Electronic check,95.7,1184.0,No,No,60.93,1,High,58.31,P2 - High,Offer Tech Support trial/bundle
1488-PBLJN,72,Two year,Fiber optic,Bank transfer (automatic),116.85,8477.7,Yes,Yes,2.01,0,Low,2.35,P4 - Monitor,Review Fiber pricing/service quality
0308-GIQJT,71,One year,Fiber optic,Bank transfer (automatic),105.75,7382.85,Yes,No,43.97,0,Medium,46.5,P4 - Monitor,Offer Online Security bundle
3778-FOAQW,24,One year,No,Mailed check,20.15,456.85,No internet service,No internet service,6.82,0,Low,1.37,P4 - Monitor,Standard retention campaign
4452-ROHMO,15,Two year,No,Mailed check,19.6,331.6,No internet service,No internet service,6.71,0,Low,1.32,P4 - Monitor,Standard retention campaign
3090-LETTY,2,Month-to-month,DSL,Bank transfer (automatic),60.95,134.6,No,Yes,38.49,0,Medium,23.46,P4 - Monitor,Offer annual contract incentive
5349-AZPEW,5,Month-to-month,DSL,Mailed check,25.05,125.5,No,No,44.45,0,Medium,11.13,P4 - Monitor,Offer annual contract incentive
9720-JJJOR,41,One year,DSL,Bank transfer (automatic),60.3,2511.3,No,Yes,16.93,0,Low,10.21,P4 - Monitor,Offer Tech Support trial/bundle
8100-HZZLJ,43,Month-to-month,DSL,Electronic check,63.95,2737.05,No,Yes,21.11,0,Low,13.5,P4 - Monitor,Offer annual contract incentive
8775-ERLNB,1,Month-to-month,Fiber optic,Electronic check,74.3,74.3,No,No,87.1,1,Critical,64.72,P2 - High,Offer annual contract incentive
8309-IEYJD,1,Month-to-month,Fiber optic,Mailed check,70.6,70.6,No,No,85.79,1,Critical,60.57,P2 - High,Offer annual contract incentive
7398-HPYZQ,71,Two year,DSL,Bank transfer (automatic),90.55,6404.0,Yes,Yes,4.85,0,Low,4.39,P4 - Monitor,Standard retention campaign
3546-GHEAE,7,Two year,No,Mailed check,19.45,165.35,No internet service,No internet service,8.83,0,Low,1.72,P4 - Monitor,Standard retention campaign
7361-YPXFS,28,Month-to-month,DSL,Bank transfer (automatic),64.45,1867.6,Yes,No,25.13,0,Medium,16.2,P4 - Monitor,Offer annual contract incentive
6557-BZXLQ,16,Month-to-month,Fiber optic,Electronic check,69.65,1043.3,No,No,73.55,1,High,51.23,P2 - High,Offer annual contract incentive
2550-QHZGP,7,One year,No,Mailed check,19.5,128.6,No internet service,No internet service,8.17,0,Low,1.59,P4 - Monitor,Standard retention campaign
7519-JTWQH,69,Two year,Fiber optic,Bank transfer (automatic),110.5,7455.45,Yes,No,30.48,0,Medium,33.68,P4 - Monitor,Offer Online Security bundle
2538-OIMXF,1,Month-to-month,DSL,Mailed check,24.7,24.7,No,No,59.68,1,High,14.74,P3 - Medium,Offer annual contract incentive
8543-MSDMF,3,Month-to-month,DSL,Electronic check,77.4,206.15,No,Yes,57.67,1,High,44.64,P3 - Medium,Offer annual contract incentive
1170-SASML,69,Month-to-month,Fiber optic,Bank transfer (automatic),85.4,5869.4,No,No,60.49,1,High,51.66,P2 - High,Offer annual contract incentive
4872-JCVCA,71,Two year,DSL,Bank transfer (automatic),47.6,3377.8,Yes,Yes,4.36,0,Low,2.08,P4 - Monitor,Standard retention campaign
5346-BZCHP,69,Two year,No,Mailed check,19.4,1346.2,No internet service,No internet service,0.84,0,Low,0.16,P4 - Monitor,Standard retention campaign
2038-LLMLM,48,Month-to-month,Fiber optic,Electronic check,103.85,4946.05,Yes,No,68.57,1,High,71.21,P2 - High,Offer annual contract incentive
1216-BGTSP,45,Month-to-month,Fiber optic,Credit card (automatic),108.45,4964.7,Yes,Yes,51.67,1,High,56.04,P2 - High,Offer annual contract incentive
4138-NAXED,51,Month-to-month,Fiber optic,Bank transfer (automatic),81.0,4085.75,No,No,54.53,1,High,44.17,P3 - Medium,Offer annual contract incentive
0744-BIKKF,72,Two year,DSL,Bank transfer (automatic),86.65,6224.8,Yes,Yes,4.59,0,Low,3.98,P4 - Monitor,Standard retention campaign
7483-IQWIB,37,Month-to-month,Fiber optic,Electronic check,92.95,3415.25,No,No,21.17,0,Low,19.68,P4 - Monitor,Offer annual contract incentive
5248-KWLAR,71,Two year,DSL,Electronic check,90.35,6325.25,Yes,Yes,7.57,0,Low,6.84,P4 - Monitor,Promote automatic payment
7996-MHXLW,66,Two year,No,Credit card (automatic),25.15,1683.6,No internet service,No internet service,4.6,0,Low,1.16,P4 - Monitor,Standard retention campaign
7833-PKIHD,51,One year,DSL,Bank transfer (automatic),76.4,3966.3,Yes,Yes,17.85,0,Low,13.64,P4 - Monitor,Standard retention campaign
7061-OVMIM,30,One year,No,Bank transfer (automatic),19.55,608.5,No internet service,No internet service,11.14,0,Low,2.18,P4 - Monitor,Standard retention campaign
5153-RTHKF,34,Month-to-month,Fiber optic,Electronic check,85.35,2896.6,No,No,71.5,1,High,61.03,P2 - High,Offer annual contract incentive
1852-QSWCD,64,Two year,No,Mailed check,24.8,1514.85,No internet service,No internet service,1.0,0,Low,0.25,P4 - Monitor,Standard retention campaign
4832-VRBMR,65,One year,Fiber optic,Bank transfer (automatic),103.15,6792.45,No,No,48.08,0,Medium,49.59,P4 - Monitor,Offer Tech Support trial/bundle
9079-LWTFD,47,Month-to-month,Fiber optic,Mailed check,100.75,4669.2,Yes,Yes,40.19,0,Medium,40.49,P4 - Monitor,Offer annual contract incentive
3392-EHMNK,67,Two year,Fiber optic,Credit card (automatic),94.1,6302.8,Yes,No,3.59,0,Low,3.38,P4 - Monitor,Offer Online Security bundle
5986-WWXDV,39,One year,No,Bank transfer (automatic),19.35,779.2,No internet service,No internet service,7.87,0,Low,1.52,P4 - Monitor,Standard retention campaign
3061-BCKYI,14,Month-to-month,No,Mailed check,19.9,283.75,No internet service,No internet service,27.59,0,Medium,5.49,P4 - Monitor,Offer annual contract incentive
7901-TBKJX,56,Month-to-month,Fiber optic,Electronic check,101.05,5594.0,No,No,74.32,1,High,75.1,P2 - High,Offer annual contract incentive
7228-PAQPD,14,One year,DSL,Credit card (automatic),59.1,772.85,Yes,No,33.31,0,Medium,19.69,P4 - Monitor,Offer Online Security bundle
7746-QYVCO,16,One year,DSL,Mailed check,55.85,857.8,No,Yes,23.46,0,Low,13.1,P4 - Monitor,Offer Tech Support trial/bundle
5804-HYIEZ,70,Month-to-month,Fiber optic,Electronic check,106.05,7554.05,No,Yes,17.26,0,Low,18.3,P4 - Monitor,Offer annual contract incentive
9919-FZDED,72,Two year,DSL,Credit card (automatic),84.1,5981.65,No,Yes,11.46,0,Low,9.64,P4 - Monitor,Offer Tech Support trial/bundle
5934-TSSAU,23,Month-to-month,Fiber optic,Credit card (automatic),75.3,1702.9,No,No,24.15,0,Low,18.18,P4 - Monitor,Offer annual contract incentive
3486-KHMLI,21,Month-to-month,No,Mailed check,24.7,467.15,No internet service,No internet service,17.25,0,Low,4.26,P4 - Monitor,Offer annual contract incentive
6784-XYJAE,36,One year,DSL,Electronic check,55.8,1941.5,No,No,22.86,0,Low,12.76,P4 - Monitor,Offer Tech Support trial/bundle
3933-DQPWX,50,Two year,DSL,Credit card (automatic),39.7,1932.75,Yes,No,12.51,0,Low,4.97,P4 - Monitor,Offer Online Security bundle
6661-EIPZC,48,Month-to-month,DSL,Credit card (automatic),29.5,1423.05,Yes,No,24.64,0,Low,7.27,P4 - Monitor,Offer annual contract incentive
8957-THMOA,50,Two year,No,Credit card (automatic),20.15,970.85,No internet service,No internet service,1.59,0,Low,0.32,P4 - Monitor,Standard retention campaign
2251-PYLPB,72,Two year,DSL,Credit card (automatic),79.55,5810.9,Yes,Yes,5.99,0,Low,4.77,P4 - Monitor,Standard retention campaign
5555-RNPGT,10,Month-to-month,No,Credit card (automatic),24.8,223.9,No internet service,No internet service,24.92,0,Low,6.18,P4 - Monitor,Offer annual contract incentive
1057-FOGLZ,18,Month-to-month,No,Mailed check,19.65,391.7,No internet service,No internet service,24.29,0,Low,4.77,P4 - Monitor,Offer annual contract incentive
8087-LGYHQ,9,Month-to-month,Fiber optic,Electronic check,94.05,811.65,No,No,87.29,1,Critical,82.1,P1 - Immediate,Offer annual contract incentive
4137-BTIKL,2,Month-to-month,Fiber optic,Mailed check,90.75,174.75,No,Yes,66.48,1,High,60.33,P2 - High,Offer annual contract incentive
2190-BCXEC,40,Month-to-month,Fiber optic,Credit card (automatic),78.85,3126.85,Yes,No,55.29,1,High,43.6,P3 - Medium,Offer annual contract incentive
6227-FBDXH,69,One year,Fiber optic,Bank transfer (automatic),99.5,6841.45,No,No,40.0,0,Medium,39.8,P4 - Monitor,Offer Tech Support trial/bundle
2911-WDXMV,18,Month-to-month,Fiber optic,Credit card (automatic),80.55,1406.65,No,No,40.54,0,Medium,32.65,P4 - Monitor,Offer annual contract incentive
7206-PQBBZ,11,Month-to-month,Fiber optic,Electronic check,70.2,834.7,No,No,79.66,1,Critical,55.92,P2 - High,Offer annual contract incentive
4547-FZJWE,55,One year,DSL,Credit card (automatic),59.45,3157.0,No,Yes,19.89,0,Low,11.82,P4 - Monitor,Offer Tech Support trial/bundle
7422-WNBTY,33,Month-to-month,Fiber optic,Electronic check,93.35,3092.0,No,No,74.53,1,High,69.57,P2 - High,Offer annual contract incentive
0842-IWYCP,46,Month-to-month,DSL,Bank transfer (automatic),44.95,2168.9,No,No,40.52,0,Medium,18.21,P4 - Monitor,Offer annual contract incentive
3521-HTQTV,34,Two year,No,Bank transfer (automatic),26.1,980.35,No internet service,No internet service,9.61,0,Low,2.51,P4 - Monitor,Standard retention campaign
3744-ZBHON,3,Month-to-month,No,Electronic check,20.2,65.95,No internet service,No internet service,34.85,0,Medium,7.04,P4 - Monitor,Offer annual contract incentive
3373-DIUUN,30,Two year,No,Mailed check,21.25,711.9,No internet service,No internet service,0.66,0,Low,0.14,P4 - Monitor,Standard retention campaign
8383-SGHJU,33,One year,DSL,Electronic check,59.4,1952.8,Yes,Yes,15.78,0,Low,9.37,P4 - Monitor,Promote automatic payment
7607-QKKTJ,45,One year,Fiber optic,Credit card (automatic),95.0,4368.85,No,No,6.85,0,Low,6.51,P4 - Monitor,Offer Tech Support trial/bundle
7707-PYBBH,40,Month-to-month,DSL,Mailed check,61.9,2647.1,Yes,Yes,25.06,0,Medium,15.51,P4 - Monitor,Offer annual contract incentive
8984-HPEMB,71,Two year,Fiber optic,Electronic check,118.65,8477.6,Yes,Yes,18.31,0,Low,21.72,P4 - Monitor,Promote automatic payment
4139-DETXS,72,Two year,DSL,Bank transfer (automatic),64.45,4528.0,Yes,Yes,4.32,0,Low,2.78,P4 - Monitor,Standard retention campaign
9779-DPNEJ,22,Month-to-month,Fiber optic,Electronic check,80.15,1790.65,No,No,27.92,0,Medium,22.38,P4 - Monitor,Offer annual contract incentive
9805-FILKB,46,One year,No,Bank transfer (automatic),20.2,845.6,No internet service,No internet service,5.79,0,Low,1.17,P4 - Monitor,Standard retention campaign
5793-YOLJN,55,Two year,No,Mailed check,21.0,1210.3,No internet service,No internet service,1.1,0,Low,0.23,P4 - Monitor,Standard retention campaign
0673-IGUQO,1,Month-to-month,No,Mailed check,20.45,20.45,No internet service,No internet service,48.44,0,Medium,9.91,P4 - Monitor,Offer annual contract incentive
4123-FCVCB,12,One year,DSL,Mailed check,75.85,854.45,Yes,No,50.73,1,High,38.48,P3 - Medium,Offer Online Security bundle
8819-IMISP,31,Month-to-month,Fiber optic,Electronic check,80.45,2429.1,No,No,75.33,1,Critical,60.6,P2 - High,Offer annual contract incentive
8311-UEUAB,67,Two year,DSL,Electronic check,75.5,5229.45,No,Yes,22.81,0,Low,17.22,P4 - Monitor,Offer Tech Support trial/bundle
5858-EAFCZ,1,Month-to-month,DSL,Mailed check,44.45,44.45,No,No,75.62,1,Critical,33.61,P3 - Medium,Offer annual contract incentive
1163-ONYEY,41,Month-to-month,DSL,Credit card (automatic),74.55,3023.55,No,Yes,15.81,0,Low,11.79,P4 - Monitor,Offer annual contract incentive
5656-MJEFC,42,Two year,DSL,Credit card (automatic),48.15,2032.3,Yes,Yes,8.95,0,Low,4.31,P4 - Monitor,Standard retention campaign
6082-OQFBA,23,One year,No,Mailed check,19.65,436.9,No internet service,No internet service,5.39,0,Low,1.06,P4 - Monitor,Standard retention campaign
8974-OVACP,1,Month-to-month,No,Mailed check,20.15,20.15,No internet service,No internet service,55.92,1,High,11.27,P3 - Medium,Offer annual contract incentive
4010-YLMVT,56,Month-to-month,Fiber optic,Credit card (automatic),106.6,5893.95,No,Yes,54.0,1,High,57.56,P2 - High,Offer annual contract incentive
1379-FRVEB,15,Month-to-month,Fiber optic,Electronic check,91.0,1430.05,No,No,49.53,0,Medium,45.07,P4 - Monitor,Offer annual contract incentive
8612-GXIDD,12,Two year,No,Bank transfer (automatic),25.4,313.0,No internet service,No internet service,5.67,0,Low,1.44,P4 - Monitor,Standard retention campaign
6288-CHQJB,54,Two year,DSL,Bank transfer (automatic),69.95,3871.85,Yes,Yes,6.34,0,Low,4.43,P4 - Monitor,Standard retention campaign
8160-HOWOX,7,Month-to-month,DSL,Electronic check,66.85,458.1,No,No,62.47,1,High,41.76,P3 - Medium,Offer annual contract incentive
6648-INWPS,16,Month-to-month,No,Electronic check,20.15,341.35,No internet service,No internet service,18.55,0,Low,3.74,P4 - Monitor,Offer annual contract incentive
4223-BKEOR,21,One year,DSL,Mailed check,64.85,1336.8,No,Yes,19.27,0,Low,12.5,P4 - Monitor,Offer Tech Support trial/bundle
4079-VTGLK,30,Two year,DSL,Electronic check,74.85,2181.75,No,No,26.06,0,Medium,19.51,P4 - Monitor,Offer Tech Support trial/bundle
1763-WQFUK,3,Month-to-month,DSL,Mailed check,50.5,147.75,Yes,No,63.35,1,High,31.99,P3 - Medium,Offer annual contract incentive
1391-UBDAR,11,Month-to-month,Fiber optic,Electronic check,72.9,818.45,No,No,74.83,1,High,54.55,P2 - High,Offer annual contract incentive
8894-JVDCV,62,One year,Fiber optic,Credit card (automatic),115.05,7133.45,Yes,Yes,40.22,0,Medium,46.27,P4 - Monitor,Review Fiber pricing/service quality
2023-VQFDL,18,Month-to-month,No,Electronic check,19.0,348.8,No internet service,No internet service,25.55,0,Medium,4.85,P4 - Monitor,Offer annual contract incentive
1345-GKDZZ,6,Month-to-month,No,Mailed check,19.55,128.6,No internet service,No internet service,16.75,0,Low,3.27,P4 - Monitor,Offer annual contract incentive
2014-MKGMH,46,One year,Fiber optic,Electronic check,101.1,4674.4,No,No,59.45,1,High,60.1,P2 - High,Offer Tech Support trial/bundle
5628-FCGYG,21,Month-to-month,Fiber optic,Electronic check,84.1,1737.45,No,No,79.05,1,Critical,66.48,P2 - High,Offer annual contract incentive
2560-WBWXF,68,Two year,No,Bank transfer (automatic),24.15,1498.85,No internet service,No internet service,3.79,0,Low,0.92,P4 - Monitor,Standard retention campaign
0248-IPDFW,1,Month-to-month,DSL,Electronic check,50.1,50.1,No,No,77.69,1,Critical,38.92,P3 - Medium,Offer annual contract incentive
7978-DKUQH,25,Month-to-month,Fiber optic,Electronic check,74.6,1797.75,No,No,71.77,1,High,53.54,P2 - High,Offer annual contract incentive
4335-UPJSI,24,Two year,No,Mailed check,19.75,498.1,No internet service,No internet service,1.83,0,Low,0.36,P4 - Monitor,Standard retention campaign
1784-EZDKJ,51,One year,Fiber optic,Bank transfer (automatic),106.8,5498.8,No,No,54.86,1,High,58.59,P2 - High,Offer Tech Support trial/bundle
9297-FVVDH,57,Two year,DSL,Electronic check,84.5,4845.4,Yes,Yes,14.15,0,Low,11.96,P4 - Monitor,Promote automatic payment
8007-YYPWD,15,Two year,No,Bank transfer (automatic),25.05,369.1,No internet service,No internet service,13.72,0,Low,3.44,P4 - Monitor,Standard retention campaign
7101-HRBLJ,72,Two year,DSL,Bank transfer (automatic),83.7,6096.9,Yes,Yes,3.9,0,Low,3.26,P4 - Monitor,Standard retention campaign
6635-CPNUN,28,Month-to-month,Fiber optic,Credit card (automatic),96.6,2684.35,No,No,65.24,1,High,63.02,P2 - High,Offer annual contract incentive
5453-YBTWV,70,Two year,Fiber optic,Credit card (automatic),101.1,6994.8,Yes,Yes,2.52,0,Low,2.55,P4 - Monitor,Review Fiber pricing/service quality
5039-LZRQT,13,One year,No,Mailed check,20.2,273.25,No internet service,No internet service,7.83,0,Low,1.58,P4 - Monitor,Standard retention campaign
2931-VUVJN,59,One year,Fiber optic,Electronic check,94.05,5483.9,Yes,Yes,33.94,0,Medium,31.92,P4 - Monitor,Promote automatic payment
6418-PIQSP,62,Two year,DSL,Mailed check,81.0,4985.9,Yes,Yes,6.23,0,Low,5.05,P4 - Monitor,Standard retention campaign
8220-OCUFY,21,One year,DSL,Electronic check,60.25,1258.35,Yes,Yes,19.77,0,Low,11.91,P4 - Monitor,Promote automatic payment
3995-WFCSM,2,Month-to-month,DSL,Electronic check,60.85,111.4,No,No,67.75,1,High,41.23,P3 - Medium,Offer annual contract incentive
1895-QTKDO,1,Month-to-month,DSL,Credit card (automatic),43.95,43.95,No,No,71.54,1,High,31.44,P3 - Medium,Offer annual contract incentive
2038-OEQZH,4,Month-to-month,Fiber optic,Electronic check,86.05,308.1,No,No,83.57,1,Critical,71.91,P2 - High,Offer annual contract incentive
1178-PZGAB,19,One year,No,Credit card (automatic),20.25,383.65,No internet service,No internet service,6.99,0,Low,1.42,P4 - Monitor,Standard retention campaign
2626-VEEWG,67,Two year,No,Credit card (automatic),19.4,1284.2,No internet service,No internet service,0.9,0,Low,0.17,P4 - Monitor,Standard retention campaign
2878-RMWXY,72,Two year,Fiber optic,Credit card (automatic),102.65,7550.3,No,Yes,18.65,0,Low,19.14,P4 - Monitor,Offer Tech Support trial/bundle
1657-DYMBM,53,Two year,No,Credit card (automatic),19.9,1110.05,No internet service,No internet service,4.82,0,Low,0.96,P4 - Monitor,Standard retention campaign
7311-MQJCH,5,One year,No,Electronic check,19.55,99.6,No internet service,No internet service,14.52,0,Low,2.84,P4 - Monitor,Promote automatic payment
7375-WMVMT,71,Two year,Fiber optic,Credit card (automatic),95.5,6707.15,Yes,No,20.02,0,Low,19.12,P4 - Monitor,Offer Online Security bundle
1136-XGEQU,50,One year,DSL,Credit card (automatic),84.15,4164.4,Yes,No,26.26,0,Medium,22.1,P4 - Monitor,Offer Online Security bundle
2530-FMFXO,56,Two year,Fiber optic,Electronic check,103.2,5873.75,Yes,No,10.94,0,Low,11.29,P4 - Monitor,Offer Online Security bundle
6844-DZKRF,2,Month-to-month,DSL,Credit card (automatic),50.2,109.25,Yes,No,64.72,1,High,32.49,P3 - Medium,Offer annual contract incentive
5970-GHJAW,46,Two year,No,Credit card (automatic),19.95,862.4,No internet service,No internet service,0.83,0,Low,0.17,P4 - Monitor,Standard retention campaign
8879-XUAHX,71,Two year,Fiber optic,Electronic check,116.25,8564.75,Yes,Yes,16.19,0,Low,18.82,P4 - Monitor,Promote automatic payment
3689-MOZGR,29,Month-to-month,DSL,Electronic check,31.2,926.2,Yes,No,51.45,1,High,16.05,P3 - Medium,Offer annual contract incentive
4195-PNGZS,69,Two year,No,Bank transfer (automatic),24.45,1718.2,No internet service,No internet service,0.51,0,Low,0.12,P4 - Monitor,Standard retention campaign
5003-XZWWO,71,Two year,DSL,Credit card (automatic),84.2,5956.85,Yes,No,4.75,0,Low,4.0,P4 - Monitor,Offer Online Security bundle
7622-FWGEW,56,Two year,DSL,Bank transfer (automatic),85.65,4824.45,Yes,Yes,9.4,0,Low,8.05,P4 - Monitor,Standard retention campaign
6922-NCEDI,56,One year,No,Mailed check,21.2,1238.65,No internet service,No internet service,6.95,0,Low,1.47,P4 - Monitor,Standard retention campaign
9891-NQDBD,28,One year,No,Mailed check,25.55,672.2,No internet service,No internet service,9.83,0,Low,2.51,P4 - Monitor,Standard retention campaign
6131-IUNXN,19,Month-to-month,No,Mailed check,20.2,382.2,No internet service,No internet service,12.76,0,Low,2.58,P4 - Monitor,Offer annual contract incentive
8548-AWOFC,66,Month-to-month,DSL,Electronic check,63.85,4264.6,Yes,No,32.18,0,Medium,20.55,P4 - Monitor,Offer annual contract incentive
9798-DRYDS,17,One year,DSL,Mailed check,61.95,1070.7,Yes,No,29.3,0,Medium,18.15,P4 - Monitor,Offer Online Security bundle
8532-UEFWH,52,Two year,No,Mailed check,25.75,1345.85,No internet service,No internet service,1.03,0,Low,0.27,P4 - Monitor,Standard retention campaign
6296-DDOOR,19,One year,DSL,Electronic check,58.2,1045.25,No,No,29.51,0,Medium,17.17,P4 - Monitor,Offer Tech Support trial/bundle
7951-VRDVK,36,One year,DSL,Bank transfer (automatic),85.85,3003.55,Yes,Yes,30.87,0,Medium,26.5,P4 - Monitor,Standard retention campaign
4815-YOSUK,72,One year,Fiber optic,Credit card (automatic),104.9,7537.5,Yes,Yes,7.92,0,Low,8.31,P4 - Monitor,Review Fiber pricing/service quality
0380-NEAVX,34,One year,Fiber optic,Electronic check,99.85,3343.15,No,No,53.22,1,High,53.14,P2 - High,Offer Tech Support trial/bundle
4365-MSDYN,8,Month-to-month,No,Bank transfer (automatic),19.55,161.15,No internet service,No internet service,32.66,0,Medium,6.39,P4 - Monitor,Offer annual contract incentive
7036-TYDEC,69,Two year,Fiber optic,Electronic check,104.0,7028.5,Yes,No,29.82,0,Medium,31.01,P4 - Monitor,Offer Online Security bundle
5802-ADBRC,50,One year,Fiber optic,Mailed check,104.4,5232.9,No,Yes,49.5,0,Medium,51.68,P4 - Monitor,Offer Tech Support trial/bundle
8076-FEZKJ,10,One year,No,Mailed check,19.5,225.85,No internet service,No internet service,7.0,0,Low,1.37,P4 - Monitor,Standard retention campaign
5197-YPYBZ,12,Two year,No,Credit card (automatic),25.25,274.7,No internet service,No internet service,3.21,0,Low,0.81,P4 - Monitor,Standard retention campaign
4312-GVYNH,70,Two year,DSL,Bank transfer (automatic),49.85,3370.2,Yes,Yes,7.46,0,Low,3.72,P4 - Monitor,Standard retention campaign
8495-LJDFO,64,Month-to-month,Fiber optic,Bank transfer (automatic),108.95,7111.3,Yes,Yes,50.22,1,High,54.71,P2 - High,Offer annual contract incentive
0839-JTCUD,66,Two year,DSL,Credit card (automatic),89.9,5958.85,Yes,Yes,6.65,0,Low,5.98,P4 - Monitor,Standard retention campaign
5494-WOZRZ,71,Two year,DSL,Credit card (automatic),82.0,5999.85,Yes,Yes,5.81,0,Low,4.76,P4 - Monitor,Standard retention campaign
1302-UHBDD,20,Month-to-month,Fiber optic,Electronic check,89.95,1648.45,No,No,72.38,1,High,65.11,P2 - High,Offer annual contract incentive
2234-EOFPT,72,Two year,DSL,Bank transfer (automatic),79.35,5753.25,Yes,Yes,5.67,0,Low,4.5,P4 - Monitor,Standard retention campaign
8619-IJNDK,71,Two year,DSL,Credit card (automatic),64.05,4492.9,Yes,Yes,7.56,0,Low,4.84,P4 - Monitor,Standard retention campaign
8378-LKJAF,38,Month-to-month,Fiber optic,Credit card (automatic),101.15,3956.7,No,No,25.18,0,Medium,25.47,P4 - Monitor,Offer annual contract incentive
1153-GNOLC,33,One year,DSL,Electronic check,39.1,1309.0,No,No,40.36,0,Medium,15.78,P4 - Monitor,Offer Tech Support trial/bundle
3298-QEICA,23,Two year,DSL,Mailed check,34.6,813.45,Yes,Yes,12.02,0,Low,4.16,P4 - Monitor,Standard retention campaign
0788-DXBFY,58,One year,No,Electronic check,19.55,1108.8,No internet service,No internet service,8.1,0,Low,1.58,P4 - Monitor,Promote automatic payment
3597-YASZG,70,Two year,Fiber optic,Bank transfer (automatic),104.45,7349.35,Yes,No,28.13,0,Medium,29.38,P4 - Monitor,Offer Online Security bundle
3496-LFSZU,4,Month-to-month,Fiber optic,Electronic check,70.5,294.2,No,No,81.31,1,Critical,57.32,P2 - High,Offer annual contract incentive
5242-UOWHD,45,Two year,No,Mailed check,20.35,929.2,No internet service,No internet service,0.61,0,Low,0.12,P4 - Monitor,Standard retention campaign
6479-SZPLM,36,Two year,No,Credit card (automatic),19.45,754.5,No internet service,No internet service,0.65,0,Low,0.13,P4 - Monitor,Standard retention campaign
8097-VBQTZ,54,Month-to-month,DSL,Mailed check,69.9,3883.3,Yes,Yes,22.27,0,Low,15.57,P4 - Monitor,Offer annual contract incentive
4500-HKANN,23,Two year,DSL,Mailed check,59.7,1414.2,Yes,No,12.76,0,Low,7.62,P4 - Monitor,Offer Online Security bundle
9917-KWRBE,41,One year,DSL,Credit card (automatic),78.35,3211.2,No,Yes,19.73,0,Low,15.46,P4 - Monitor,Offer Tech Support trial/bundle
3420-ZDBMA,5,Month-to-month,Fiber optic,Mailed check,71.45,371.6,No,No,80.3,1,Critical,57.37,P2 - High,Offer annual contract incentive
2212-LYASK,27,One year,DSL,Credit card (automatic),45.85,1246.4,No,No,35.41,0,Medium,16.24,P4 - Monitor,Offer Tech Support trial/bundle
1393-IMKZG,1,Month-to-month,Fiber optic,Electronic check,95.85,95.85,Yes,No,83.5,1,Critical,80.03,P1 - Immediate,Offer annual contract incentive
8069-RHUXK,67,Two year,DSL,Credit card (automatic),35.7,2545.7,Yes,Yes,10.35,0,Low,3.69,P4 - Monitor,Standard retention campaign
3398-GCPMU,72,Two year,DSL,Credit card (automatic),89.55,6448.85,Yes,Yes,11.62,0,Low,10.41,P4 - Monitor,Standard retention campaign
2908-WGAXL,56,Two year,No,Credit card (automatic),24.95,1468.9,No internet service,No internet service,2.01,0,Low,0.5,P4 - Monitor,Standard retention campaign
3378-AJRAO,44,One year,No,Electronic check,24.85,1013.6,No internet service,No internet service,11.68,0,Low,2.9,P4 - Monitor,Promote automatic payment
1013-QCWAM,66,Month-to-month,Fiber optic,Electronic check,100.8,6690.75,No,No,72.12,1,High,72.7,P2 - High,Offer annual contract incentive
6050-FFXES,69,Two year,Fiber optic,Bank transfer (automatic),105.35,7240.65,Yes,No,28.5,0,Medium,30.02,P4 - Monitor,Offer Online Security bundle
0362-RAOQO,40,Two year,No,Credit card (automatic),19.65,830.25,No internet service,No internet service,4.56,0,Low,0.9,P4 - Monitor,Standard retention campaign
9554-DFKIC,30,Month-to-month,DSL,Bank transfer (automatic),54.45,1588.7,No,Yes,21.15,0,Low,11.52,P4 - Monitor,Offer annual contract incentive
5527-ACHSO,11,Month-to-month,DSL,Mailed check,70.5,829.3,Yes,No,50.66,1,High,35.72,P3 - Medium,Offer annual contract incentive
0829-DDVLK,15,One year,No,Credit card (automatic),20.1,302.45,No internet service,No internet service,8.43,0,Low,1.69,P4 - Monitor,Standard retention campaign
1399-UBQIU,11,Month-to-month,DSL,Electronic check,69.35,712.25,No,No,58.51,1,High,40.58,P3 - Medium,Offer annual contract incentive
1813-JLKWR,64,One year,No,Bank transfer (automatic),19.8,1336.65,No internet service,No internet service,10.59,0,Low,2.1,P4 - Monitor,Standard retention campaign
0336-PIKEI,72,Two year,DSL,Bank transfer (automatic),74.4,5360.75,Yes,Yes,10.99,0,Low,8.18,P4 - Monitor,Standard retention campaign
7322-OCWHC,72,Two year,Fiber optic,Bank transfer (automatic),93.05,6735.05,Yes,Yes,12.36,0,Low,11.5,P4 - Monitor,Review Fiber pricing/service quality
9537-VHDTA,1,Month-to-month,DSL,Mailed check,51.2,51.2,No,Yes,53.73,1,High,27.51,P3 - Medium,Offer annual contract incentive
4957-TIALW,15,One year,DSL,Credit card (automatic),65.6,1010.0,Yes,Yes,19.45,0,Low,12.76,P4 - Monitor,Standard retention campaign
2054-PJOCK,60,One year,DSL,Credit card (automatic),80.55,4847.05,Yes,No,23.63,0,Low,19.03,P4 - Monitor,Offer Online Security bundle
9150-HEPMB,56,One year,DSL,Mailed check,52.7,3019.7,No,Yes,13.11,0,Low,6.91,P4 - Monitor,Offer Tech Support trial/bundle
9030-QGZNL,8,Two year,No,Mailed check,20.85,161.65,No internet service,No internet service,7.48,0,Low,1.56,P4 - Monitor,Standard retention campaign
3126-WQMGH,49,Month-to-month,DSL,Credit card (automatic),52.15,2583.75,No,No,41.79,0,Medium,21.79,P4 - Monitor,Offer annual contract incentive
7176-WRTNX,70,Two year,Fiber optic,Bank transfer (automatic),114.95,7711.25,Yes,Yes,30.79,0,Medium,35.39,P4 - Monitor,Review Fiber pricing/service quality
5732-IKGQH,52,One year,Fiber optic,Bank transfer (automatic),104.45,5481.25,Yes,Yes,50.05,1,High,52.28,P2 - High,Review Fiber pricing/service quality
9239-GZHZE,72,Two year,Fiber optic,Credit card (automatic),113.65,8124.2,Yes,Yes,11.6,0,Low,13.18,P4 - Monitor,Review Fiber pricing/service quality
7205-BAIAD,40,Two year,No,Bank transfer (automatic),20.6,827.3,No internet service,No internet service,4.82,0,Low,0.99,P4 - Monitor,Standard retention campaign
0093-EXYQL,40,Month-to-month,Fiber optic,Electronic check,91.55,3673.6,No,No,73.89,1,High,67.65,P2 - High,Offer annual contract incentive
8064-RAVOH,1,Month-to-month,DSL,Electronic check,49.85,49.85,No,No,68.89,1,High,34.34,P3 - Medium,Offer annual contract incentive
0219-QAERP,30,One year,No,Credit card (automatic),19.8,576.65,No internet service,No internet service,4.17,0,Low,0.83,P4 - Monitor,Standard retention campaign
9168-INPSZ,44,Month-to-month,Fiber optic,Electronic check,104.15,4495.65,Yes,No,66.93,1,High,69.71,P2 - High,Offer annual contract incentive
0015-UOCOJ,7,Month-to-month,DSL,Electronic check,48.2,340.35,No,Yes,68.49,1,High,33.01,P3 - Medium,Offer annual contract incentive
5334-AFQJB,72,Two year,No,Credit card (automatic),25.1,1789.9,No internet service,No internet service,4.49,0,Low,1.13,P4 - Monitor,Standard retention campaign
2754-SDJRD,8,Month-to-month,Fiber optic,Credit card (automatic),100.15,908.55,Yes,No,81.38,1,Critical,81.5,P1 - Immediate,Offer annual contract incentive
8963-JLGJT,3,Month-to-month,DSL,Mailed check,55.9,157.55,No,Yes,46.21,0,Medium,25.83,P4 - Monitor,Offer annual contract incentive
1465-LNTLJ,8,Month-to-month,DSL,Credit card (automatic),64.4,581.7,Yes,No,47.58,0,Medium,30.64,P4 - Monitor,Offer annual contract incentive
2135-DQWAQ,5,Month-to-month,Fiber optic,Mailed check,85.3,420.45,No,No,84.2,1,Critical,71.82,P2 - High,Offer annual contract incentive
4056-QHXHZ,72,Two year,Fiber optic,Mailed check,107.45,7576.7,Yes,Yes,3.17,0,Low,3.41,P4 - Monitor,Review Fiber pricing/service quality
7401-JIXNM,54,Two year,DSL,Credit card (automatic),91.3,4965.0,Yes,Yes,7.37,0,Low,6.73,P4 - Monitor,Standard retention campaign
9339-FIIJL,72,Two year,DSL,Bank transfer (automatic),85.95,6151.9,Yes,No,5.65,0,Low,4.86,P4 - Monitor,Offer Online Security bundle
4706-DGAHW,1,Month-to-month,DSL,Electronic check,45.2,45.2,No,No,81.84,1,Critical,36.99,P3 - Medium,Offer annual contract incentive
6670-MFRPK,69,Two year,Fiber optic,Credit card (automatic),79.2,5420.65,No,No,3.05,0,Low,2.42,P4 - Monitor,Offer Tech Support trial/bundle
6177-PEVRA,48,Two year,DSL,Credit card (automatic),55.5,2627.35,No,Yes,9.68,0,Low,5.37,P4 - Monitor,Offer Tech Support trial/bundle
4813-HQMGZ,8,Month-to-month,Fiber optic,Electronic check,90.25,743.75,Yes,No,84.64,1,Critical,76.39,P1 - Immediate,Offer annual contract incentive
7579-KKLOE,71,Two year,DSL,Mailed check,91.25,6589.6,Yes,Yes,5.71,0,Low,5.21,P4 - Monitor,Standard retention campaign
8402-EIVQS,67,One year,Fiber optic,Credit card (automatic),100.9,6733.15,No,Yes,38.26,0,Medium,38.6,P4 - Monitor,Offer Tech Support trial/bundle
4947-DSMXK,34,Month-to-month,Fiber optic,Bank transfer (automatic),97.7,3410.0,No,No,23.02,0,Low,22.49,P4 - Monitor,Offer annual contract incentive
7245-NIIWQ,3,Month-to-month,Fiber optic,Electronic check,69.85,199.85,No,No,83.54,1,Critical,58.35,P2 - High,Offer annual contract incentive
0002-ORFBO,9,One year,DSL,Mailed check,65.6,593.3,Yes,No,32.28,0,Medium,21.18,P4 - Monitor,Offer Online Security bundle
3324-OIRTO,71,One year,Fiber optic,Bank transfer (automatic),104.65,7288.4,No,Yes,6.59,0,Low,6.9,P4 - Monitor,Offer Tech Support trial/bundle
5414-OFQCB,57,Two year,Fiber optic,Credit card (automatic),90.45,5229.8,Yes,No,20.19,0,Low,18.26,P4 - Monitor,Offer Online Security bundle
4967-WPNCF,72,Two year,DSL,Bank transfer (automatic),63.7,4464.8,Yes,Yes,3.82,0,Low,2.43,P4 - Monitor,Standard retention campaign
8552-OBVRU,48,Month-to-month,Fiber optic,Electronic check,104.5,5068.05,Yes,Yes,23.86,0,Low,24.93,P4 - Monitor,Offer annual contract incentive
8499-BRXTD,18,One year,No,Mailed check,20.1,401.85,No internet service,No internet service,5.75,0,Low,1.16,P4 - Monitor,Standard retention campaign
9154-QDGTH,43,One year,Fiber optic,Credit card (automatic),104.3,4451.85,Yes,No,12.28,0,Low,12.81,P4 - Monitor,Offer Online Security bundle
8197-BFWVU,72,Two year,DSL,Bank transfer (automatic),93.25,6688.95,Yes,Yes,8.99,0,Low,8.38,P4 - Monitor,Standard retention campaign
2577-GVSIL,35,One year,DSL,Bank transfer (automatic),73.45,2661.1,Yes,No,30.32,0,Medium,22.27,P4 - Monitor,Offer Online Security bundle
9367-OIUXP,4,Month-to-month,No,Mailed check,20.7,73.05,No internet service,No internet service,31.62,0,Medium,6.55,P4 - Monitor,Offer annual contract incentive
6770-UAYGJ,49,Two year,No,Mailed check,25.25,1211.65,No internet service,No internet service,0.89,0,Low,0.22,P4 - Monitor,Standard retention campaign
6463-HHXJR,71,Two year,Fiber optic,Bank transfer (automatic),100.5,7030.65,No,Yes,2.49,0,Low,2.5,P4 - Monitor,Offer Tech Support trial/bundle
7928-VJYAB,11,Month-to-month,Fiber optic,Electronic check,90.6,1020.2,No,No,38.48,0,Medium,34.86,P4 - Monitor,Offer annual contract incentive
1187-WILMM,63,Two year,DSL,Credit card (automatic),89.4,5597.65,Yes,Yes,5.95,0,Low,5.32,P4 - Monitor,Standard retention campaign
9776-OJUZI,65,Month-to-month,Fiber optic,Bank transfer (automatic),95.45,6223.3,No,No,60.25,1,High,57.51,P2 - High,Offer annual contract incentive
1306-RPWXZ,49,Two year,No,Credit card (automatic),20.45,1024.65,No internet service,No internet service,1.19,0,Low,0.24,P4 - Monitor,Standard retention campaign
3097-PYWXL,4,Month-to-month,No,Electronic check,19.95,82.9,No internet service,No internet service,29.64,0,Medium,5.91,P4 - Monitor,Offer annual contract incentive
2266-SJNAT,72,One year,Fiber optic,Credit card (automatic),109.15,7789.6,Yes,No,43.81,0,Medium,47.82,P4 - Monitor,Offer Online Security bundle
0869-PAPRP,26,Month-to-month,Fiber optic,Credit card (automatic),85.7,2067.0,No,No,67.49,1,High,57.84,P2 - High,Offer annual contract incentive
4238-JSSWH,35,Month-to-month,Fiber optic,Bank transfer (automatic),102.05,3452.55,No,No,66.38,1,High,67.74,P2 - High,Offer annual contract incentive
2972-YDYUW,57,One year,Fiber optic,Electronic check,94.7,5468.95,Yes,No,37.36,0,Medium,35.38,P4 - Monitor,Offer Online Security bundle
1104-FEJAM,28,Month-to-month,DSL,Electronic check,64.4,1802.15,No,No,17.11,0,Low,11.02,P4 - Monitor,Offer annual contract incentive
2809-ILCYT,25,One year,No,Mailed check,26.8,733.55,No internet service,No internet service,13.74,0,Low,3.68,P4 - Monitor,Standard retention campaign
5499-ECUTN,47,One year,DSL,Credit card (automatic),66.05,3021.45,No,Yes,15.16,0,Low,10.01,P4 - Monitor,Offer Tech Support trial/bundle
4981-FLTMF,57,Month-to-month,DSL,Bank transfer (automatic),65.2,3687.85,Yes,Yes,10.88,0,Low,7.09,P4 - Monitor,Offer annual contract incentive
9121-PHQSR,16,Month-to-month,Fiber optic,Credit card (automatic),85.05,1391.15,No,No,79.63,1,Critical,67.73,P2 - High,Offer annual contract incentive
3113-IWHLC,5,Month-to-month,DSL,Mailed check,55.8,274.35,No,Yes,51.71,1,High,28.85,P3 - Medium,Offer annual contract incentive
4277-BWBML,72,Two year,No,Bank transfer (automatic),19.95,1322.85,No internet service,No internet service,1.13,0,Low,0.23,P4 - Monitor,Standard retention campaign
0234-TEVTT,48,One year,DSL,Credit card (automatic),45.0,2196.3,No,Yes,6.07,0,Low,2.73,P4 - Monitor,Offer Tech Support trial/bundle
4304-TSPVK,68,Two year,Fiber optic,Bank transfer (automatic),114.9,7843.55,Yes,Yes,22.4,0,Low,25.74,P4 - Monitor,Review Fiber pricing/service quality
1552-AAGRX,30,Month-to-month,Fiber optic,Bank transfer (automatic),106.4,3211.9,Yes,Yes,56.77,1,High,60.4,P2 - High,Offer annual contract incentive
2637-FKFSY,3,Month-to-month,DSL,Mailed check,46.1,130.15,No,No,73.01,1,High,33.66,P3 - Medium,Offer annual contract incentive
9796-MVYXX,14,Two year,DSL,Mailed check,39.7,692.35,Yes,Yes,17.23,0,Low,6.84,P4 - Monitor,Standard retention campaign
7874-ECPQJ,4,Month-to-month,No,Bank transfer (automatic),20.05,85.5,No internet service,No internet service,20.88,0,Low,4.19,P4 - Monitor,Offer annual contract incentive
0020-INWCK,71,Two year,Fiber optic,Credit card (automatic),95.75,6849.4,No,No,5.09,0,Low,4.87,P4 - Monitor,Offer Tech Support trial/bundle
7089-RKVSZ,8,One year,No,Mailed check,24.4,203.95,No internet service,No internet service,11.88,0,Low,2.9,P4 - Monitor,Standard retention campaign
2683-JXWQQ,61,Month-to-month,DSL,Bank transfer (automatic),33.6,2117.2,No,Yes,26.17,0,Medium,8.79,P4 - Monitor,Offer annual contract incentive
9548-ZMVTX,72,Two year,Fiber optic,Bank transfer (automatic),90.45,6565.85,Yes,No,2.56,0,Low,2.32,P4 - Monitor,Offer Online Security bundle
8739-XNIKG,5,Month-to-month,Fiber optic,Electronic check,84.0,424.75,No,No,88.61,1,Critical,74.43,P2 - High,Offer annual contract incentive
9755-JHNMN,49,Two year,DSL,Bank transfer (automatic),67.4,3306.85,Yes,Yes,6.38,0,Low,4.3,P4 - Monitor,Standard retention campaign
3981-QSVQI,8,Month-to-month,No,Bank transfer (automatic),19.7,168.9,No internet service,No internet service,28.27,0,Medium,5.57,P4 - Monitor,Offer annual contract incentive
2789-HQBOU,3,Month-to-month,Fiber optic,Electronic check,80.35,253.8,No,No,86.39,1,Critical,69.41,P2 - High,Offer annual contract incentive
9424-CMPOG,9,Two year,No,Mailed check,19.6,197.4,No internet service,No internet service,1.86,0,Low,0.36,P4 - Monitor,Standard retention campaign
5067-WJEUN,67,Two year,DSL,Bank transfer (automatic),54.2,3838.2,No,Yes,2.63,0,Low,1.43,P4 - Monitor,Offer Tech Support trial/bundle
3450-WXOAT,46,Month-to-month,DSL,Credit card (automatic),45.2,2065.15,No,No,43.38,0,Medium,19.61,P4 - Monitor,Offer annual contract incentive
9251-WNSOD,67,One year,DSL,Mailed check,75.1,5064.45,No,Yes,19.81,0,Low,14.88,P4 - Monitor,Offer Tech Support trial/bundle
6974-DAFLI,55,One year,No,Electronic check,19.7,1140.05,No internet service,No internet service,8.87,0,Low,1.75,P4 - Monitor,Promote automatic payment
2616-UUTFK,33,Month-to-month,DSL,Bank transfer (automatic),72.75,2447.45,No,Yes,30.15,0,Medium,21.93,P4 - Monitor,Offer annual contract incentive
7064-JHXCE,62,Two year,No,Credit card (automatic),20.05,1263.9,No internet service,No internet service,0.61,0,Low,0.12,P4 - Monitor,Standard retention campaign
7989-AWGEH,49,Month-to-month,DSL,Electronic check,39.2,1838.15,No,Yes,19.7,0,Low,7.72,P4 - Monitor,Offer annual contract incentive
4373-VVHQL,1,Month-to-month,DSL,Electronic check,44.75,44.75,No,No,78.73,1,Critical,35.23,P3 - Medium,Offer annual contract incentive
4559-UWIHT,14,Month-to-month,Fiber optic,Electronic check,82.65,1185.0,No,No,81.47,1,Critical,67.33,P2 - High,Offer annual contract incentive
7268-IGMFD,18,Month-to-month,Fiber optic,Bank transfer (automatic),93.9,1743.9,Yes,No,58.3,1,High,54.74,P2 - High,Offer annual contract incentive
6650-BWFRT,72,Two year,Fiber optic,Credit card (automatic),117.15,8529.5,Yes,Yes,13.03,0,Low,15.26,P4 - Monitor,Review Fiber pricing/service quality
9570-KYEUA,64,Two year,Fiber optic,Credit card (automatic),99.25,6549.45,Yes,Yes,23.23,0,Low,23.06,P4 - Monitor,Review Fiber pricing/service quality
6993-YGFJV,69,Two year,Fiber optic,Bank transfer (automatic),112.55,7806.5,Yes,Yes,24.17,0,Low,27.2,P4 - Monitor,Review Fiber pricing/service quality
2712-SYWAY,1,Month-to-month,No,Electronic check,25.7,25.7,No internet service,No internet service,41.16,0,Medium,10.58,P4 - Monitor,Offer annual contract incentive
0730-BGQGF,71,Two year,DSL,Credit card (automatic),90.3,6287.3,Yes,Yes,1.22,0,Low,1.1,P4 - Monitor,Standard retention campaign
5498-IBWPI,66,One year,DSL,Credit card (automatic),49.4,3251.85,Yes,No,5.38,0,Low,2.66,P4 - Monitor,Offer Online Security bundle
9101-NTIXF,2,Month-to-month,No,Mailed check,19.4,50.6,No internet service,No internet service,32.14,0,Medium,6.24,P4 - Monitor,Offer annual contract incentive
0013-SMEOE,71,Two year,Fiber optic,Bank transfer (automatic),109.7,7904.25,Yes,Yes,16.94,0,Low,18.58,P4 - Monitor,Review Fiber pricing/service quality
9314-QDMDW,11,One year,DSL,Electronic check,61.25,729.95,No,No,38.82,0,Medium,23.78,P4 - Monitor,Offer Tech Support trial/bundle
9308-ANMVE,47,Month-to-month,DSL,Electronic check,55.3,2654.05,No,Yes,23.79,0,Low,13.16,P4 - Monitor,Offer annual contract incentive
3413-DHLPB,60,Month-to-month,Fiber optic,Bank transfer (automatic),103.75,5969.95,Yes,No,19.04,0,Low,19.75,P4 - Monitor,Offer annual contract incentive
7649-PHJVR,11,One year,No,Mailed check,19.5,226.8,No internet service,No internet service,7.15,0,Low,1.39,P4 - Monitor,Standard retention campaign
6114-TCFID,29,One year,DSL,Credit card (automatic),39.5,1082.75,Yes,Yes,13.6,0,Low,5.37,P4 - Monitor,Standard retention campaign
3787-TRIAL,21,Month-to-month,DSL,Electronic check,26.05,565.75,No,No,30.79,0,Medium,8.02,P4 - Monitor,Offer annual contract incentive
2573-GYRUU,48,Month-to-month,Fiber optic,Credit card (automatic),91.05,4370.75,No,No,70.14,1,High,63.86,P2 - High,Offer annual contract incentive
5156-UMKOW,3,Month-to-month,DSL,Mailed check,29.65,90.05,No,No,37.86,0,Medium,11.23,P4 - Monitor,Offer annual contract incentive
1247-QBVSH,43,Month-to-month,DSL,Mailed check,50.2,2169.4,No,No,16.94,0,Low,8.5,P4 - Monitor,Offer annual contract incentive
6734-GMPVK,5,Month-to-month,Fiber optic,Electronic check,105.3,550.6,No,No,83.07,1,Critical,87.47,P1 - Immediate,Offer annual contract incentive
9822-OAOVB,1,Month-to-month,DSL,Electronic check,55.45,55.45,No,No,76.21,1,Critical,42.26,P3 - Medium,Offer annual contract incentive
6161-ERDGD,71,One year,DSL,Electronic check,85.45,6300.85,Yes,Yes,6.74,0,Low,5.76,P4 - Monitor,Promote automatic payment
1226-JZNKR,8,One year,No,Electronic check,19.8,160.05,No internet service,No internet service,17.27,0,Low,3.42,P4 - Monitor,Promote automatic payment
7318-EIVKO,8,Month-to-month,DSL,Electronic check,59.25,436.6,No,No,60.75,1,High,35.99,P3 - Medium,Offer annual contract incentive
3771-PZOBW,20,Month-to-month,Fiber optic,Credit card (automatic),90.7,1781.35,No,No,72.26,1,High,65.54,P2 - High,Offer annual contract incentive
8231-BSWXX,71,One year,Fiber optic,Credit card (automatic),79.05,5552.5,No,No,23.23,0,Low,18.36,P4 - Monitor,Offer Tech Support trial/bundle
6486-LHTMA,31,One year,Fiber optic,Electronic check,90.7,2835.5,No,No,48.45,0,Medium,43.94,P4 - Monitor,Offer Tech Support trial/bundle
4083-BFNYK,38,One year,Fiber optic,Credit card (automatic),95.0,3591.25,No,Yes,34.36,0,Medium,32.64,P4 - Monitor,Offer Tech Support trial/bundle
7389-KBFIT,2,Month-to-month,DSL,Mailed check,30.25,63.75,No,No,42.1,0,Medium,12.74,P4 - Monitor,Offer annual contract incentive
7176-WIONM,12,Month-to-month,DSL,Bank transfer (automatic),49.85,617.15,No,No,61.31,1,High,30.56,P3 - Medium,Offer annual contract incentive
5141-ZUVBH,9,Month-to-month,Fiber optic,Bank transfer (automatic),93.0,870.25,Yes,Yes,46.24,0,Medium,43.0,P4 - Monitor,Offer annual contract incentive
1089-HDMKP,11,Month-to-month,DSL,Electronic check,54.55,601.25,Yes,No,29.8,0,Medium,16.26,P4 - Monitor,Offer annual contract incentive
7623-HKYRK,6,Month-to-month,No,Mailed check,19.7,111.65,No internet service,No internet service,17.04,0,Low,3.36,P4 - Monitor,Offer annual contract incentive
0310-SUCIN,71,One year,DSL,Bank transfer (automatic),84.8,6046.1,Yes,Yes,21.35,0,Low,18.1,P4 - Monitor,Standard retention campaign
5197-PYEPU,42,One year,Fiber optic,Credit card (automatic),94.45,3923.8,No,Yes,4.85,0,Low,4.58,P4 - Monitor,Offer Tech Support trial/bundle
6619-RPLQZ,45,Two year,No,Mailed check,20.85,892.15,No internet service,No internet service,0.8,0,Low,0.17,P4 - Monitor,Standard retention campaign
3275-RHRNE,28,One year,DSL,Credit card (automatic),60.0,1682.05,Yes,No,5.39,0,Low,3.23,P4 - Monitor,Offer Online Security bundle
3503-TYDAY,43,Month-to-month,Fiber optic,Electronic check,80.45,3398.9,No,No,65.8,1,High,52.94,P2 - High,Offer annual contract incentive
6901-GOGZG,60,Two year,DSL,Electronic check,84.95,4984.85,Yes,Yes,4.6,0,Low,3.91,P4 - Monitor,Promote automatic payment
7021-XSNYE,7,Two year,DSL,Credit card (automatic),49.65,305.55,Yes,Yes,7.16,0,Low,3.55,P4 - Monitor,Standard retention campaign
9621-OUPYD,25,One year,No,Bank transfer (automatic),20.2,507.9,No internet service,No internet service,9.3,0,Low,1.88,P4 - Monitor,Standard retention campaign
8982-NHAVY,27,One year,Fiber optic,Bank transfer (automatic),100.5,2673.45,No,No,50.2,1,High,50.45,P2 - High,Offer Tech Support trial/bundle
4307-KWMXE,10,Month-to-month,DSL,Electronic check,35.75,389.8,Yes,No,45.82,0,Medium,16.38,P4 - Monitor,Offer annual contract incentive
0141-YEAYS,27,Month-to-month,Fiber optic,Bank transfer (automatic),86.45,2401.05,No,No,69.77,1,High,60.32,P2 - High,Offer annual contract incentive
2450-ZKEED,11,One year,DSL,Bank transfer (automatic),53.8,651.55,Yes,No,23.57,0,Low,12.68,P4 - Monitor,Offer Online Security bundle
3694-DELSO,4,Month-to-month,DSL,Credit card (automatic),38.55,156.1,No,Yes,49.03,0,Medium,18.9,P4 - Monitor,Offer annual contract incentive
3893-JRNFS,68,Month-to-month,DSL,Bank transfer (automatic),39.9,2796.35,No,No,45.66,0,Medium,18.22,P4 - Monitor,Offer annual contract incentive
9603-OAIHC,1,Month-to-month,Fiber optic,Electronic check,70.05,70.05,No,No,88.46,1,Critical,61.97,P2 - High,Offer annual contract incentive
1133-KXCGE,18,One year,No,Mailed check,20.1,407.05,No internet service,No internet service,6.39,0,Low,1.28,P4 - Monitor,Standard retention campaign
0142-GVYSN,26,Month-to-month,No,Electronic check,20.3,511.25,No internet service,No internet service,16.25,0,Low,3.3,P4 - Monitor,Offer annual contract incentive
1049-FYSYG,17,Month-to-month,DSL,Credit card (automatic),35.65,646.05,No,No,51.2,1,High,18.25,P3 - Medium,Offer annual contract incentive
8406-LNMHF,59,One year,Fiber optic,Credit card (automatic),82.95,4903.15,No,Yes,22.7,0,Low,18.83,P4 - Monitor,Offer Tech Support trial/bundle
1821-BUCWY,30,Two year,DSL,Mailed check,55.65,1653.85,No,Yes,9.07,0,Low,5.05,P4 - Monitor,Offer Tech Support trial/bundle
0023-UYUPN,50,One year,No,Electronic check,25.2,1306.3,No internet service,No internet service,9.78,0,Low,2.46,P4 - Monitor,Promote automatic payment
8314-DPQHL,9,One year,DSL,Mailed check,50.8,463.6,Yes,Yes,22.75,0,Low,11.56,P4 - Monitor,Standard retention campaign
1465-WCZVT,3,Month-to-month,No,Mailed check,19.65,60.65,No internet service,No internet service,20.16,0,Low,3.96,P4 - Monitor,Offer annual contract incentive
9481-SFCQY,14,Month-to-month,DSL,Credit card (automatic),59.8,824.85,No,No,37.0,0,Medium,22.13,P4 - Monitor,Offer annual contract incentive
6360-SVNWV,31,Month-to-month,Fiber optic,Credit card (automatic),73.55,2094.65,No,Yes,60.13,1,High,44.23,P3 - Medium,Offer annual contract incentive
0567-GGCAC,7,Month-to-month,DSL,Electronic check,61.4,438.9,No,Yes,43.63,0,Medium,26.79,P4 - Monitor,Offer annual contract incentive
8884-MRNSU,17,One year,No,Bank transfer (automatic),19.9,329.75,No internet service,No internet service,10.85,0,Low,2.16,P4 - Monitor,Standard retention campaign
2171-UDMFD,32,Month-to-month,No,Credit card (automatic),19.45,674.55,No internet service,No internet service,13.62,0,Low,2.65,P4 - Monitor,Offer annual contract incentive
9050-IKDZA,2,Month-to-month,Fiber optic,Mailed check,81.5,162.55,No,No,85.55,1,Critical,69.72,P2 - High,Offer annual contract incentive
9802-CAQUT,72,Two year,Fiber optic,Credit card (automatic),109.55,7887.25,No,Yes,2.54,0,Low,2.78,P4 - Monitor,Offer Tech Support trial/bundle
0187-WZNAB,27,Month-to-month,Fiber optic,Mailed check,74.4,1972.35,No,Yes,21.97,0,Low,16.35,P4 - Monitor,Offer annual contract incentive
1475-VWVDO,7,Month-to-month,Fiber optic,Electronic check,74.9,490.55,No,No,82.54,1,Critical,61.82,P2 - High,Offer annual contract incentive
1357-MVDOZ,11,Month-to-month,DSL,Bank transfer (automatic),59.65,683.25,No,No,32.99,0,Medium,19.68,P4 - Monitor,Offer annual contract incentive
7602-MVRMB,72,Two year,Fiber optic,Bank transfer (automatic),110.45,8058.85,Yes,Yes,2.93,0,Low,3.24,P4 - Monitor,Review Fiber pricing/service quality
1197-BVMVG,4,Month-to-month,Fiber optic,Electronic check,74.45,294.45,No,No,86.99,1,Critical,64.76,P2 - High,Offer annual contract incentive
5406-KGRMX,71,Two year,No,Electronic check,24.55,1719.15,No internet service,No internet service,4.76,0,Low,1.17,P4 - Monitor,Promote automatic payment
5968-HYJRZ,47,Two year,No,Mailed check,24.55,1160.45,No internet service,No internet service,1.44,0,Low,0.35,P4 - Monitor,Standard retention campaign
5198-EFNBM,57,One year,Fiber optic,Electronic check,90.65,5199.8,No,No,41.29,0,Medium,37.43,P4 - Monitor,Offer Tech Support trial/bundle
7516-GMHUV,50,Two year,Fiber optic,Credit card (automatic),105.05,5163.3,No,Yes,34.82,0,Medium,36.58,P4 - Monitor,Offer Tech Support trial/bundle
7140-ADSMJ,8,Month-to-month,No,Credit card (automatic),20.45,162.3,No internet service,No internet service,23.32,0,Low,4.77,P4 - Monitor,Offer annual contract incentive
2230-XTUWL,48,Two year,No,Mailed check,19.55,883.35,No internet service,No internet service,0.73,0,Low,0.14,P4 - Monitor,Standard retention campaign
7706-YLMQA,70,One year,No,Bank transfer (automatic),19.7,1341.5,No internet service,No internet service,8.87,0,Low,1.75,P4 - Monitor,Standard retention campaign
2585-KTFRE,1,Month-to-month,DSL,Bank transfer (automatic),70.45,70.45,Yes,Yes,39.57,0,Medium,27.88,P4 - Monitor,Offer annual contract incentive
7994-UYIVZ,8,Month-to-month,Fiber optic,Bank transfer (automatic),85.65,659.45,No,No,86.39,1,Critical,73.99,P2 - High,Offer annual contract incentive
7717-BICXI,60,Two year,No,Mailed check,20.55,1205.05,No internet service,No internet service,0.67,0,Low,0.14,P4 - Monitor,Standard retention campaign
6559-RAKOZ,49,One year,Fiber optic,Electronic check,97.95,4917.9,Yes,No,12.67,0,Low,12.41,P4 - Monitor,Offer Online Security bundle
4716-MRVEN,29,One year,No,Mailed check,20.0,599.3,No internet service,No internet service,4.82,0,Low,0.96,P4 - Monitor,Standard retention campaign
2143-LJULT,67,Two year,No,Credit card (automatic),25.25,1733.15,No internet service,No internet service,4.56,0,Low,1.15,P4 - Monitor,Standard retention campaign
3200-MNQTF,67,Two year,DSL,Credit card (automatic),70.9,4677.1,Yes,Yes,8.24,0,Low,5.84,P4 - Monitor,Standard retention campaign
6164-HXUGH,6,Month-to-month,No,Mailed check,19.85,119.3,No internet service,No internet service,16.74,0,Low,3.32,P4 - Monitor,Offer annual contract incentive
5630-IXDXV,47,Month-to-month,Fiber optic,Electronic check,106.35,4849.1,No,No,76.06,1,Critical,80.89,P1 - Immediate,Offer annual contract incentive
0320-DWVTU,53,Two year,Fiber optic,Mailed check,99.5,5424.25,Yes,Yes,19.94,0,Low,19.84,P4 - Monitor,Review Fiber pricing/service quality
9135-MGVPY,69,Two year,DSL,Mailed check,84.7,5878.9,Yes,Yes,4.58,0,Low,3.88,P4 - Monitor,Standard retention campaign
1212-GLHMD,3,Month-to-month,Fiber optic,Mailed check,86.05,244.85,No,Yes,69.68,1,High,59.96,P2 - High,Offer annual contract incentive
7878-JGDKK,4,Month-to-month,DSL,Mailed check,44.55,220.75,No,No,72.46,1,High,32.28,P3 - Medium,Offer annual contract incentive
1088-AUUZZ,56,Two year,DSL,Credit card (automatic),75.85,4261.2,Yes,Yes,1.49,0,Low,1.13,P4 - Monitor,Standard retention campaign
6614-YWYSC,61,Two year,No,Bank transfer (automatic),25.0,1501.75,No internet service,No internet service,4.12,0,Low,1.03,P4 - Monitor,Standard retention campaign
9588-OZDMQ,2,Month-to-month,DSL,Electronic check,45.0,89.75,No,No,76.34,1,Critical,34.35,P3 - Medium,Offer annual contract incentive
6476-EPYZR,12,Month-to-month,No,Mailed check,20.5,255.5,No internet service,No internet service,14.67,0,Low,3.01,P4 - Monitor,Offer annual contract incentive
1174-FGIFN,28,One year,Fiber optic,Electronic check,90.45,2509.25,Yes,No,11.5,0,Low,10.4,P4 - Monitor,Offer Online Security bundle
6620-HVDUJ,24,Month-to-month,DSL,Bank transfer (automatic),60.45,1440.75,Yes,Yes,23.88,0,Low,14.44,P4 - Monitor,Offer annual contract incentive
1032-MAELW,68,One year,DSL,Electronic check,78.45,5333.35,Yes,Yes,5.47,0,Low,4.29,P4 - Monitor,Promote automatic payment
7641-TQFHN,39,Two year,Fiber optic,Mailed check,100.55,3895.35,Yes,No,9.57,0,Low,9.62,P4 - Monitor,Offer Online Security bundle
1552-TKMXS,42,Month-to-month,No,Credit card (automatic),20.35,869.9,No internet service,No internet service,22.15,0,Low,4.51,P4 - Monitor,Offer annual contract incentive
8622-ZLFKO,6,Month-to-month,Fiber optic,Electronic check,90.75,512.25,No,No,88.76,1,Critical,80.55,P1 - Immediate,Offer annual contract incentive
6188-UXBBR,38,One year,No,Credit card (automatic),20.25,814.75,No internet service,No internet service,6.51,0,Low,1.32,P4 - Monitor,Standard retention campaign
2333-KWEWW,18,Two year,No,Credit card (automatic),20.05,388.6,No internet service,No internet service,5.31,0,Low,1.06,P4 - Monitor,Standard retention campaign
5702-SKUOB,4,Month-to-month,No,Mailed check,19.6,93.45,No internet service,No internet service,41.32,0,Medium,8.1,P4 - Monitor,Offer annual contract incentive
1134-YWTYF,27,Month-to-month,DSL,Electronic check,53.8,1389.85,Yes,No,39.98,0,Medium,21.51,P4 - Monitor,Offer annual contract incentive
6061-GWWAV,41,One year,DSL,Mailed check,70.2,2894.55,No,Yes,6.35,0,Low,4.46,P4 - Monitor,Offer Tech Support trial/bundle
0679-TDGAK,50,One year,DSL,Electronic check,75.5,4025.6,Yes,Yes,5.71,0,Low,4.31,P4 - Monitor,Promote automatic payment
6585-WCEWR,72,Two year,No,Electronic check,20.35,1354.4,No internet service,No internet service,0.86,0,Low,0.18,P4 - Monitor,Promote automatic payment
9067-YGSCA,70,One year,No,Credit card (automatic),26.05,1856.4,No internet service,No internet service,9.37,0,Low,2.44,P4 - Monitor,Standard retention campaign
9067-SQTNS,44,One year,No,Bank transfer (automatic),20.6,926.0,No internet service,No internet service,1.48,0,Low,0.3,P4 - Monitor,Standard retention campaign
1776-SPBWV,34,One year,No,Bank transfer (automatic),20.1,682.1,No internet service,No internet service,2.59,0,Low,0.52,P4 - Monitor,Standard retention campaign
8735-SDUFN,72,Two year,No,Bank transfer (automatic),24.3,1778.7,No internet service,No internet service,3.02,0,Low,0.73,P4 - Monitor,Standard retention campaign
9668-PUGNU,71,Two year,No,Electronic check,24.5,1816.2,No internet service,No internet service,5.68,0,Low,1.39,P4 - Monitor,Promote automatic payment
9405-GPBBG,64,Two year,Fiber optic,Credit card (automatic),110.5,7069.25,Yes,No,26.79,0,Medium,29.6,P4 - Monitor,Offer Online Security bundle
1926-QUZNN,72,Two year,No,Bank transfer (automatic),25.25,1841.2,No internet service,No internet service,4.03,0,Low,1.02,P4 - Monitor,Standard retention campaign
7016-NVRIC,29,One year,Fiber optic,Bank transfer (automatic),90.1,2656.7,No,Yes,31.23,0,Medium,28.14,P4 - Monitor,Offer Tech Support trial/bundle
5829-NVSQN,23,One year,DSL,Bank transfer (automatic),68.75,1689.45,Yes,Yes,16.64,0,Low,11.44,P4 - Monitor,Standard retention campaign
9565-AXSMR,52,Two year,No,Mailed check,19.2,1054.75,No internet service,No internet service,1.43,0,Low,0.27,P4 - Monitor,Standard retention campaign
8869-LIHMK,64,Two year,Fiber optic,Bank transfer (automatic),115.1,7334.05,Yes,Yes,26.83,0,Medium,30.88,P4 - Monitor,Review Fiber pricing/service quality
0447-RXSGD,24,Month-to-month,Fiber optic,Bank transfer (automatic),99.65,2404.85,No,No,74.75,1,High,74.49,P2 - High,Offer annual contract incentive
4927-WWOOZ,2,Month-to-month,Fiber optic,Electronic check,91.45,171.45,No,No,89.63,1,Critical,81.97,P1 - Immediate,Offer annual contract incentive
5788-YPOEG,34,Two year,DSL,Mailed check,84.75,2839.45,Yes,Yes,2.31,0,Low,1.96,P4 - Monitor,Standard retention campaign
0661-KBKPA,53,One year,DSL,Mailed check,78.75,3942.45,Yes,No,7.25,0,Low,5.71,P4 - Monitor,Offer Online Security bundle
9081-WWXKP,47,Two year,No,Credit card (automatic),20.25,873.4,No internet service,No internet service,0.64,0,Low,0.13,P4 - Monitor,Standard retention campaign
0784-ZQJZX,72,Two year,No,Credit card (automatic),19.9,1529.65,No internet service,No internet service,1.11,0,Low,0.22,P4 - Monitor,Standard retention campaign
3133-PZNSR,72,Two year,Fiber optic,Credit card (automatic),97.75,6991.6,Yes,Yes,2.42,0,Low,2.37,P4 - Monitor,Review Fiber pricing/service quality
0722-SVSFK,7,Month-to-month,Fiber optic,Electronic check,100.4,715.0,Yes,No,81.24,1,Critical,81.56,P1 - Immediate,Offer annual contract incentive
3612-YVGSJ,71,Two year,No,Credit card (automatic),24.45,1681.6,No internet service,No internet service,4.2,0,Low,1.03,P4 - Monitor,Standard retention campaign
9825-YCXWZ,41,One year,Fiber optic,Bank transfer (automatic),101.1,4016.2,Yes,No,43.77,0,Medium,44.25,P4 - Monitor,Offer Online Security bundle
5397-NSKQG,67,Two year,DSL,Credit card (automatic),50.9,3281.65,No,Yes,3.9,0,Low,1.99,P4 - Monitor,Offer Tech Support trial/bundle
8565-HBFNN,69,One year,Fiber optic,Credit card (automatic),107.2,7317.1,Yes,Yes,38.44,0,Medium,41.21,P4 - Monitor,Review Fiber pricing/service quality
2000-DHJUY,70,Two year,DSL,Bank transfer (automatic),92.2,6474.45,Yes,Yes,11.27,0,Low,10.39,P4 - Monitor,Standard retention campaign
8670-ERCJH,72,Two year,Fiber optic,Bank transfer (automatic),113.4,8164.1,Yes,Yes,17.12,0,Low,19.41,P4 - Monitor,Review Fiber pricing/service quality
7758-UJWYS,34,Two year,DSL,Electronic check,40.55,1325.85,Yes,No,10.05,0,Low,4.08,P4 - Monitor,Offer Online Security bundle
2050-ONYDQ,65,Two year,No,Credit card (automatic),26.0,1654.85,No internet service,No internet service,0.6,0,Low,0.16,P4 - Monitor,Standard retention campaign
7055-JCGNI,70,Two year,Fiber optic,Credit card (automatic),111.95,7795.95,Yes,Yes,20.97,0,Low,23.48,P4 - Monitor,Review Fiber pricing/service quality
0739-UUAJR,72,Two year,DSL,Credit card (automatic),53.8,3952.45,No,Yes,3.84,0,Low,2.07,P4 - Monitor,Offer Tech Support trial/bundle
4826-DXMUP,35,One year,DSL,Mailed check,72.1,2495.15,Yes,No,10.33,0,Low,7.45,P4 - Monitor,Offer Online Security bundle
7285-KLOTR,12,One year,DSL,Electronic check,78.85,876.75,No,Yes,36.85,0,Medium,29.06,P4 - Monitor,Offer Tech Support trial/bundle
0654-PQKDW,62,One year,DSL,Bank transfer (automatic),70.75,4263.45,Yes,Yes,2.51,0,Low,1.78,P4 - Monitor,Standard retention campaign
7175-NTIXE,25,Month-to-month,DSL,Credit card (automatic),76.15,1992.95,Yes,Yes,33.04,0,Medium,25.16,P4 - Monitor,Offer annual contract incentive
7963-SHNDT,52,Two year,DSL,Mailed check,39.1,1982.1,Yes,Yes,5.53,0,Low,2.16,P4 - Monitor,Standard retention campaign
9796-BPKIW,8,Month-to-month,Fiber optic,Credit card (automatic),69.95,562.7,No,No,75.5,1,Critical,52.81,P2 - High,Offer annual contract incentive
0188-GWFLE,2,Month-to-month,No,Mailed check,20.05,33.7,No internet service,No internet service,34.39,0,Medium,6.9,P4 - Monitor,Offer annual contract incentive
8129-GMVGI,56,Two year,No,Mailed check,20.05,1090.1,No internet service,No internet service,0.98,0,Low,0.2,P4 - Monitor,Standard retention campaign
2882-DDZPG,12,Month-to-month,No,Bank transfer (automatic),19.45,227.45,No internet service,No internet service,34.74,0,Medium,6.76,P4 - Monitor,Offer annual contract incentive
3547-LQRIK,47,One year,No,Electronic check,26.9,1250.85,No internet service,No internet service,10.33,0,Low,2.78,P4 - Monitor,Promote automatic payment
9137-NOQKA,2,Month-to-month,No,Electronic check,19.2,37.2,No internet service,No internet service,38.27,0,Medium,7.35,P4 - Monitor,Offer annual contract incentive
5843-TTHGI,18,Month-to-month,DSL,Mailed check,50.0,892.7,No,No,49.71,0,Medium,24.86,P4 - Monitor,Offer annual contract incentive
1849-RJYIG,8,Month-to-month,DSL,Electronic check,60.0,487.75,No,Yes,59.88,1,High,35.93,P3 - Medium,Offer annual contract incentive
8868-GAGIO,45,Month-to-month,Fiber optic,Mailed check,84.55,3713.95,No,Yes,53.06,1,High,44.86,P3 - Medium,Offer annual contract incentive
4061-UKJWL,3,Month-to-month,DSL,Mailed check,45.45,141.7,No,No,74.27,1,High,33.76,P3 - Medium,Offer annual contract incentive
5380-XPJNZ,38,One year,No,Mailed check,20.05,678.2,No internet service,No internet service,4.73,0,Low,0.95,P4 - Monitor,Standard retention campaign
8263-QMNTJ,72,Two year,Fiber optic,Electronic check,115.55,8425.3,Yes,Yes,13.02,0,Low,15.04,P4 - Monitor,Promote automatic payment
3230-JCNZS,71,Two year,Fiber optic,Credit card (automatic),99.0,7061.65,No,Yes,2.11,0,Low,2.09,P4 - Monitor,Offer Tech Support trial/bundle
0277-ORXQS,66,Two year,DSL,Bank transfer (automatic),50.55,3364.55,Yes,No,3.68,0,Low,1.86,P4 - Monitor,Offer Online Security bundle
7996-BPXHY,13,Two year,No,Bank transfer (automatic),25.0,332.5,No internet service,No internet service,4.86,0,Low,1.22,P4 - Monitor,Standard retention campaign
3227-WLKLI,65,Two year,DSL,Bank transfer (automatic),91.55,5963.95,Yes,Yes,1.07,0,Low,0.98,P4 - Monitor,Standard retention campaign
2266-FUBDZ,15,Two year,No,Mailed check,19.35,278.85,No internet service,No internet service,2.02,0,Low,0.39,P4 - Monitor,Standard retention campaign
8237-ULIXL,72,Two year,No,Credit card (automatic),24.85,1871.85,No internet service,No internet service,3.1,0,Low,0.77,P4 - Monitor,Standard retention campaign
8216-AZUUZ,42,Two year,Fiber optic,Electronic check,100.4,4303.65,Yes,No,10.58,0,Low,10.62,P4 - Monitor,Offer Online Security bundle
9153-BTBVV,71,Two year,No,Bank transfer (automatic),25.0,1753.0,No internet service,No internet service,3.09,0,Low,0.77,P4 - Monitor,Standard retention campaign
5186-PEIZU,35,Month-to-month,No,Bank transfer (automatic),19.25,617.65,No internet service,No internet service,23.47,0,Low,4.52,P4 - Monitor,Offer annual contract incentive
1074-AMIOH,53,Month-to-month,Fiber optic,Bank transfer (automatic),108.25,5935.1,Yes,No,21.54,0,Low,23.32,P4 - Monitor,Offer annual contract incentive
4361-FEBGN,48,Two year,No,Credit card (automatic),20.15,982.95,No internet service,No internet service,4.18,0,Low,0.84,P4 - Monitor,Standard retention campaign
7748-UMTRK,30,Month-to-month,Fiber optic,Electronic check,101.3,2974.5,Yes,No,37.91,0,Medium,38.4,P4 - Monitor,Offer annual contract incentive
0380-ZCSBI,10,Month-to-month,No,Credit card (automatic),20.0,198.7,No internet service,No internet service,25.38,0,Medium,5.08,P4 - Monitor,Offer annual contract incentive
7145-FEJWU,12,Month-to-month,Fiber optic,Electronic check,105.3,1275.65,No,No,60.04,1,High,63.22,P2 - High,Offer annual contract incentive
6463-MVYRY,57,Two year,DSL,Bank transfer (automatic),69.85,4003.0,Yes,Yes,12.81,0,Low,8.95,P4 - Monitor,Standard retention campaign
3969-JQABI,58,Month-to-month,DSL,Credit card (automatic),65.25,3791.6,No,Yes,30.41,0,Medium,19.84,P4 - Monitor,Offer annual contract incentive
9624-EGDEQ,37,Two year,No,Mailed check,19.8,813.3,No internet service,No internet service,4.17,0,Low,0.83,P4 - Monitor,Standard retention campaign
1051-EQPZR,44,Month-to-month,No,Mailed check,19.6,780.25,No internet service,No internet service,12.41,0,Low,2.43,P4 - Monitor,Offer annual contract incentive
5849-ASHZJ,27,One year,No,Credit card (automatic),20.05,552.9,No internet service,No internet service,1.89,0,Low,0.38,P4 - Monitor,Standard retention campaign
5780-INQIK,8,Month-to-month,DSL,Electronic check,49.4,408.25,Yes,No,58.8,1,High,29.05,P3 - Medium,Offer annual contract incentive
4526-ZJJTM,25,Month-to-month,Fiber optic,Bank transfer (automatic),88.4,2191.15,No,No,61.79,1,High,54.62,P2 - High,Offer annual contract incentive
8384-FZBJK,57,Month-to-month,Fiber optic,Electronic check,100.6,5611.7,No,No,23.83,0,Low,23.97,P4 - Monitor,Offer annual contract incentive
3750-RNQKR,12,Month-to-month,No,Mailed check,19.45,246.25,No internet service,No internet service,29.34,0,Medium,5.71,P4 - Monitor,Offer annual contract incentive
0962-CQPWQ,62,Two year,No,Bank transfer (automatic),20.3,1296.15,No internet service,No internet service,0.62,0,Low,0.13,P4 - Monitor,Standard retention campaign
3096-YXENJ,65,Two year,Fiber optic,Bank transfer (automatic),107.65,7082.85,Yes,No,33.0,0,Medium,35.52,P4 - Monitor,Offer Online Security bundle
1265-BCFEO,71,Two year,DSL,Bank transfer (automatic),80.45,5662.25,Yes,No,7.98,0,Low,6.42,P4 - Monitor,Offer Online Security bundle
5837-LXSDN,21,One year,DSL,Credit card (automatic),58.85,1215.45,No,No,9.27,0,Low,5.46,P4 - Monitor,Offer Tech Support trial/bundle
5945-AZYHT,71,One year,Fiber optic,Electronic check,109.6,7854.15,No,Yes,40.64,0,Medium,44.54,P4 - Monitor,Offer Tech Support trial/bundle
8325-QRPZR,7,Month-to-month,Fiber optic,Electronic check,75.15,525.0,No,No,83.15,1,Critical,62.49,P2 - High,Offer annual contract incentive
6384-VMJHP,72,Two year,DSL,Credit card (automatic),73.0,5265.2,Yes,Yes,5.44,0,Low,3.97,P4 - Monitor,Standard retention campaign
2262-SLNVK,1,Month-to-month,Fiber optic,Electronic check,70.1,70.1,No,No,87.22,1,Critical,61.14,P2 - High,Offer annual contract incentive
7730-CLDSV,72,Two year,Fiber optic,Bank transfer (automatic),98.65,7129.45,Yes,No,3.69,0,Low,3.64,P4 - Monitor,Offer Online Security bundle
1135-HIORI,64,One year,Fiber optic,Electronic check,111.45,7266.95,Yes,No,10.31,0,Low,11.49,P4 - Monitor,Offer Online Security bundle
0164-APGRB,72,Two year,Fiber optic,Electronic check,114.9,8496.7,Yes,Yes,14.8,0,Low,17.01,P4 - Monitor,Promote automatic payment
6481-ESCNL,29,Month-to-month,Fiber optic,Bank transfer (automatic),100.55,2878.75,No,No,66.08,1,High,66.44,P2 - High,Offer annual contract incentive
1790-NESIO,13,Two year,No,Mailed check,20.4,261.3,No internet service,No internet service,5.78,0,Low,1.18,P4 - Monitor,Standard retention campaign
1550-EENBN,31,Month-to-month,Fiber optic,Electronic check,104.35,3205.6,No,Yes,57.27,1,High,59.76,P2 - High,Offer annual contract incentive
8198-RKSZG,14,Month-to-month,DSL,Credit card (automatic),80.45,1137.05,Yes,No,22.43,0,Low,18.04,P4 - Monitor,Offer annual contract incentive
9297-EONCV,72,Two year,DSL,Bank transfer (automatic),91.35,6697.2,Yes,Yes,5.57,0,Low,5.09,P4 - Monitor,Standard retention campaign
1069-QJOEE,25,One year,No,Electronic check,19.9,505.45,No internet service,No internet service,2.36,0,Low,0.47,P4 - Monitor,Promote automatic payment
7799-DSEWS,18,Month-to-month,DSL,Electronic check,68.35,1299.8,Yes,Yes,36.19,0,Medium,24.74,P4 - Monitor,Offer annual contract incentive
8766-PAFNE,71,Two year,DSL,Credit card (automatic),79.1,5564.85,Yes,No,6.51,0,Low,5.15,P4 - Monitor,Offer Online Security bundle
5315-CKEQK,28,One year,DSL,Electronic check,51.0,1381.8,No,No,12.06,0,Low,6.15,P4 - Monitor,Offer Tech Support trial/bundle
3130-ICDUP,2,Month-to-month,Fiber optic,Credit card (automatic),80.55,188.1,No,Yes,50.99,1,High,41.07,P3 - Medium,Offer annual contract incentive
0820-FNRNX,17,Month-to-month,DSL,Mailed check,66.7,1077.05,Yes,No,16.4,0,Low,10.94,P4 - Monitor,Offer annual contract incentive
0880-FVFWF,56,Month-to-month,Fiber optic,Electronic check,86.4,4922.4,No,Yes,54.02,1,High,46.67,P3 - Medium,Offer annual contract incentive
4611-ANLQC,60,One year,DSL,Electronic check,50.05,2911.5,No,Yes,27.02,0,Medium,13.52,P4 - Monitor,Offer Tech Support trial/bundle
4213-HKBJO,33,Two year,No,Credit card (automatic),25.7,826.1,No internet service,No internet service,10.79,0,Low,2.77,P4 - Monitor,Standard retention campaign
2792-LSHWX,1,Month-to-month,Fiber optic,Mailed check,83.4,83.4,Yes,Yes,64.65,1,High,53.92,P2 - High,Offer annual contract incentive
0014-BMAQU,63,Two year,Fiber optic,Credit card (automatic),84.65,5377.8,Yes,Yes,12.62,0,Low,10.68,P4 - Monitor,Review Fiber pricing/service quality
9018-PCIOK,55,Two year,DSL,Mailed check,64.75,3617.1,No,No,13.29,0,Low,8.61,P4 - Monitor,Offer Tech Support trial/bundle
4837-QUSFT,65,One year,Fiber optic,Bank transfer (automatic),100.15,6643.5,Yes,Yes,27.34,0,Medium,27.38,P4 - Monitor,Review Fiber pricing/service quality
9953-ZMKSM,63,Two year,No,Mailed check,25.25,1559.3,No internet service,No internet service,4.31,0,Low,1.09,P4 - Monitor,Standard retention campaign
0907-HQNTS,70,Two year,Fiber optic,Credit card (automatic),113.0,7987.6,Yes,Yes,15.99,0,Low,18.07,P4 - Monitor,Review Fiber pricing/service quality
7665-NKLAV,36,Two year,DSL,Credit card (automatic),40.65,1547.35,Yes,Yes,4.85,0,Low,1.97,P4 - Monitor,Standard retention campaign
4391-LNRXK,22,Month-to-month,Fiber optic,Bank transfer (automatic),94.95,2142.8,Yes,No,54.09,1,High,51.36,P2 - High,Offer annual contract incentive
8250-ZNGGW,5,Month-to-month,DSL,Credit card (automatic),59.9,287.85,Yes,Yes,52.05,1,High,31.18,P3 - Medium,Offer annual contract incentive
8562-GHPPI,1,Month-to-month,No,Credit card (automatic),19.8,19.8,No internet service,No internet service,45.04,0,Medium,8.92,P4 - Monitor,Offer annual contract incentive
5893-PYOLZ,56,Two year,DSL,Credit card (automatic),81.8,4534.45,Yes,No,7.52,0,Low,6.15,P4 - Monitor,Offer Online Security bundle
4986-MXSFP,2,Month-to-month,No,Mailed check,20.0,40.9,No internet service,No internet service,32.74,0,Medium,6.55,P4 - Monitor,Offer annual contract incentive
6131-FOYAS,35,Month-to-month,DSL,Electronic check,59.6,2094.9,No,Yes,37.74,0,Medium,22.49,P4 - Monitor,Offer annual contract incentive
3027-YNWZU,64,Two year,No,Credit card (automatic),25.0,1584.8,No internet service,No internet service,3.26,0,Low,0.82,P4 - Monitor,Standard retention campaign
5609-IMCGG,15,Month-to-month,Fiber optic,Credit card (automatic),84.35,1302.65,No,Yes,58.47,1,High,49.32,P3 - Medium,Offer annual contract incentive
4727-MCYZG,1,Month-to-month,DSL,Mailed check,55.55,55.55,No,No,75.58,1,Critical,41.98,P3 - Medium,Offer annual contract incentive
9481-WHGWY,70,Two year,DSL,Credit card (automatic),75.35,5437.75,Yes,Yes,2.06,0,Low,1.55,P4 - Monitor,Standard retention campaign
4328-VUFWD,39,One year,DSL,Electronic check,59.3,2209.15,Yes,No,19.2,0,Low,11.39,P4 - Monitor,Offer Online Security bundle
3301-LSLWQ,29,Month-to-month,DSL,Electronic check,66.1,1912.15,No,Yes,43.51,0,Medium,28.76,P4 - Monitor,Offer annual contract incentive
7473-ZBDSN,14,Two year,No,Mailed check,18.8,255.55,No internet service,No internet service,1.95,0,Low,0.37,P4 - Monitor,Standard retention campaign
3166-PNEOF,61,Two year,DSL,Credit card (automatic),86.45,5175.3,Yes,Yes,8.02,0,Low,6.93,P4 - Monitor,Standard retention campaign
5639-NTUPK,13,Month-to-month,DSL,Credit card (automatic),52.1,670.65,No,Yes,33.7,0,Medium,17.56,P4 - Monitor,Offer annual contract incentive
8780-YRMTT,66,Two year,DSL,Mailed check,47.4,3177.25,Yes,Yes,5.34,0,Low,2.53,P4 - Monitor,Standard retention campaign
5140-FOMCQ,59,One year,Fiber optic,Credit card (automatic),109.15,6557.75,No,Yes,42.99,0,Medium,46.92,P4 - Monitor,Offer Tech Support trial/bundle
6242-SGYTS,62,One year,Fiber optic,Credit card (automatic),94.95,5791.85,No,Yes,4.77,0,Low,4.53,P4 - Monitor,Offer Tech Support trial/bundle
8166-ORCHU,33,One year,Fiber optic,Electronic check,93.55,3055.5,Yes,Yes,35.61,0,Medium,33.31,P4 - Monitor,Promote automatic payment
8414-OOEEL,66,Two year,DSL,Credit card (automatic),79.5,5196.1,Yes,No,2.62,0,Low,2.08,P4 - Monitor,Offer Online Security bundle
8454-AATJP,72,Two year,Fiber optic,Credit card (automatic),115.05,8405.0,Yes,Yes,14.73,0,Low,16.95,P4 - Monitor,Review Fiber pricing/service quality
4531-AUZNK,51,One year,Fiber optic,Mailed check,95.15,5000.05,Yes,Yes,6.38,0,Low,6.07,P4 - Monitor,Review Fiber pricing/service quality
4191-XOVOM,63,Month-to-month,Fiber optic,Electronic check,105.4,6713.2,Yes,No,62.2,1,High,65.56,P2 - High,Offer annual contract incentive
2150-OEGBV,27,One year,No,Bank transfer (automatic),20.1,562.6,No internet service,No internet service,7.41,0,Low,1.49,P4 - Monitor,Standard retention campaign
1855-CFULU,4,Month-to-month,No,Mailed check,20.05,91.45,No internet service,No internet service,39.7,0,Medium,7.96,P4 - Monitor,Offer annual contract incentive
4878-BUNFV,42,Two year,No,Mailed check,20.7,828.85,No internet service,No internet service,0.43,0,Low,0.09,P4 - Monitor,Standard retention campaign
1872-EBWSC,29,One year,No,Mailed check,20.35,617.35,No internet service,No internet service,4.85,0,Low,0.99,P4 - Monitor,Standard retention campaign
7026-YMSBE,30,One year,No,Mailed check,19.7,625.05,No internet service,No internet service,4.6,0,Low,0.91,P4 - Monitor,Standard retention campaign
6997-UVGOX,71,Two year,DSL,Bank transfer (automatic),85.45,6029.9,Yes,Yes,0.7,0,Low,0.6,P4 - Monitor,Standard retention campaign
9674-EHPPG,46,Two year,DSL,Credit card (automatic),40.4,1842.7,Yes,Yes,9.16,0,Low,3.7,P4 - Monitor,Standard retention campaign
5440-VHLUL,69,One year,Fiber optic,Bank transfer (automatic),105.2,7386.05,Yes,No,50.97,1,High,53.62,P2 - High,Offer Online Security bundle
5781-BKHOP,72,Two year,Fiber optic,Bank transfer (automatic),100.65,7334.05,No,Yes,15.45,0,Low,15.55,P4 - Monitor,Offer Tech Support trial/bundle
5213-TWWJU,28,Month-to-month,Fiber optic,Electronic check,91.0,2626.15,Yes,No,56.4,1,High,51.32,P2 - High,Offer annual contract incentive
8628-MFKAX,72,Two year,Fiber optic,Credit card (automatic),116.75,8277.05,Yes,Yes,10.95,0,Low,12.78,P4 - Monitor,Review Fiber pricing/service quality
7629-WIXZF,7,One year,DSL,Electronic check,59.1,369.25,No,Yes,37.36,0,Medium,22.08,P4 - Monitor,Offer Tech Support trial/bundle
5445-GLVOT,22,Month-to-month,DSL,Electronic check,49.8,1049.05,No,Yes,60.22,1,High,29.99,P3 - Medium,Offer annual contract incentive
3976-HXHCE,72,Two year,No,Bank transfer (automatic),19.3,1414.8,No internet service,No internet service,7.86,0,Low,1.52,P4 - Monitor,Standard retention campaign
2466-NEJOJ,8,Month-to-month,No,Credit card (automatic),19.65,169.75,No internet service,No internet service,17.81,0,Low,3.5,P4 - Monitor,Offer annual contract incentive
0254-KCJGT,52,One year,DSL,Credit card (automatic),81.4,4354.45,Yes,Yes,23.64,0,Low,19.24,P4 - Monitor,Standard retention campaign
5472-CVMDX,68,Two year,DSL,Mailed check,38.9,2719.2,Yes,Yes,8.59,0,Low,3.34,P4 - Monitor,Standard retention campaign
6461-SZMCV,71,Two year,DSL,Bank transfer (automatic),87.95,6365.35,Yes,Yes,4.8,0,Low,4.22,P4 - Monitor,Standard retention campaign
8150-QUDFX,2,Month-to-month,No,Mailed check,19.85,51.6,No internet service,No internet service,33.91,0,Medium,6.73,P4 - Monitor,Offer annual contract incentive
9508-ILZDG,34,Month-to-month,Fiber optic,Electronic check,96.35,3190.25,Yes,No,68.65,1,High,66.14,P2 - High,Offer annual contract incentive
2346-DJQTB,35,Month-to-month,DSL,Electronic check,24.15,812.5,No,No,57.3,1,High,13.84,P3 - Medium,Offer annual contract incentive
1697-LYYYX,61,One year,No,Credit card (automatic),19.1,1143.8,No internet service,No internet service,2.67,0,Low,0.51,P4 - Monitor,Standard retention campaign
1942-OQFRW,1,Month-to-month,DSL,Electronic check,44.0,44.0,No,No,76.93,1,Critical,33.85,P3 - Medium,Offer annual contract incentive
9640-ZSLDC,53,One year,DSL,Credit card (automatic),60.6,3297.0,No,No,4.76,0,Low,2.88,P4 - Monitor,Offer Tech Support trial/bundle
4231-LZUYM,72,Two year,No,Bank transfer (automatic),25.65,1887.0,No internet service,No internet service,3.01,0,Low,0.77,P4 - Monitor,Standard retention campaign
6128-AQBMT,41,Month-to-month,DSL,Electronic check,53.95,2215.4,No,No,61.03,1,High,32.93,P3 - Medium,Offer annual contract incentive
3594-BDSOA,24,One year,No,Credit card (automatic),20.4,482.8,No internet service,No internet service,6.71,0,Low,1.37,P4 - Monitor,Standard retention campaign
5133-VRSAB,8,Month-to-month,DSL,Mailed check,29.35,216.45,No,Yes,57.26,1,High,16.81,P3 - Medium,Offer annual contract incentive
5996-DAOQL,1,Month-to-month,No,Mailed check,20.45,20.45,No internet service,No internet service,54.34,1,High,11.11,P3 - Medium,Offer annual contract incentive
6838-YAUVY,54,Two year,Fiber optic,Bank transfer (automatic),95.1,5064.85,Yes,No,31.53,0,Medium,29.99,P4 - Monitor,Offer Online Security bundle
0484-JPBRU,41,Month-to-month,No,Bank transfer (automatic),25.25,996.45,No internet service,No internet service,23.33,0,Low,5.89,P4 - Monitor,Offer annual contract incentive
7883-ROJOC,19,Month-to-month,DSL,Mailed check,44.9,839.65,No,No,47.88,0,Medium,21.5,P4 - Monitor,Offer annual contract incentive
0244-LGNFY,72,Two year,DSL,Bank transfer (automatic),92.65,6733.0,Yes,Yes,2.6,0,Low,2.41,P4 - Monitor,Standard retention campaign
7274-CGTOD,62,Two year,DSL,Bank transfer (automatic),43.7,2618.3,Yes,Yes,4.35,0,Low,1.9,P4 - Monitor,Standard retention campaign
4295-YURET,56,Two year,DSL,Credit card (automatic),72.6,4084.35,Yes,Yes,4.28,0,Low,3.11,P4 - Monitor,Standard retention campaign
4635-EJYPD,32,Two year,No,Mailed check,18.95,613.95,No internet service,No internet service,0.92,0,Low,0.17,P4 - Monitor,Standard retention campaign
1866-ZSLJM,21,Month-to-month,No,Credit card (automatic),20.5,402.85,No internet service,No internet service,16.32,0,Low,3.35,P4 - Monitor,Offer annual contract incentive
4636-TVXVG,62,One year,No,Bank transfer (automatic),19.95,1244.8,No internet service,No internet service,2.53,0,Low,0.5,P4 - Monitor,Standard retention campaign
4236-UJPWO,2,Month-to-month,DSL,Electronic check,24.5,46.4,No,No,78.69,1,Critical,19.28,P3 - Medium,Offer annual contract incentive
9392-XBGTD,27,Two year,No,Mailed check,20.6,581.85,No internet service,No internet service,1.27,0,Low,0.26,P4 - Monitor,Standard retention campaign
6402-SSEJG,25,One year,DSL,Electronic check,61.05,1540.2,No,Yes,28.92,0,Medium,17.66,P4 - Monitor,Offer Tech Support trial/bundle
1169-SAOCL,49,One year,Fiber optic,Bank transfer (automatic),106.65,5168.1,Yes,No,52.4,1,High,55.88,P2 - High,Offer Online Security bundle
1110-KYLGQ,63,Month-to-month,Fiber optic,Credit card (automatic),108.25,6780.1,No,Yes,44.12,0,Medium,47.76,P4 - Monitor,Offer annual contract incentive
9929-PLVPA,4,Month-to-month,No,Credit card (automatic),20.4,94.5,No internet service,No internet service,21.55,0,Low,4.4,P4 - Monitor,Offer annual contract incentive
3518-PZXZQ,1,Month-to-month,DSL,Mailed check,55.3,55.3,No,No,72.61,1,High,40.15,P3 - Medium,Offer annual contract incentive
2371-JUNGC,11,Month-to-month,No,Mailed check,20.25,208.0,No internet service,No internet service,28.65,0,Medium,5.8,P4 - Monitor,Offer annual contract incentive
7693-QPEFS,52,Month-to-month,Fiber optic,Bank transfer (automatic),72.95,3829.75,No,No,62.78,1,High,45.8,P3 - Medium,Offer annual contract incentive
0924-BJCRC,60,Month-to-month,Fiber optic,Electronic check,89.45,5294.6,No,No,61.78,1,High,55.26,P2 - High,Offer annual contract incentive
5074-FBGHB,64,One year,Fiber optic,Credit card (automatic),104.65,6889.8,Yes,No,54.67,1,High,57.21,P2 - High,Offer Online Security bundle
2351-BKRZW,43,Two year,DSL,Bank transfer (automatic),75.2,3254.35,No,Yes,1.87,0,Low,1.41,P4 - Monitor,Offer Tech Support trial/bundle
4455-BFSPD,61,One year,Fiber optic,Bank transfer (automatic),101.15,6383.9,Yes,No,39.54,0,Medium,39.99,P4 - Monitor,Offer Online Security bundle
3948-KXDUF,66,Two year,DSL,Bank transfer (automatic),68.75,4447.55,Yes,Yes,6.19,0,Low,4.26,P4 - Monitor,Standard retention campaign
2323-ARSVR,67,Two year,Fiber optic,Electronic check,111.05,7321.05,Yes,Yes,23.61,0,Low,26.22,P4 - Monitor,Promote automatic payment
0815-MFZGM,42,Two year,Fiber optic,Credit card (automatic),99.0,4135.0,Yes,No,26.97,0,Medium,26.7,P4 - Monitor,Offer Online Security bundle
5480-XTFFL,31,Two year,No,Mailed check,21.0,697.7,No internet service,No internet service,0.9,0,Low,0.19,P4 - Monitor,Standard retention campaign
8295-FHIVV,7,Month-to-month,No,Mailed check,19.4,168.65,No internet service,No internet service,29.03,0,Medium,5.63,P4 - Monitor,Offer annual contract incentive
9086-YJYXS,34,One year,DSL,Bank transfer (automatic),77.2,2753.8,No,No,6.34,0,Low,4.89,P4 - Monitor,Offer Tech Support trial/bundle
1179-INLAT,3,One year,No,Mailed check,19.45,69.25,No internet service,No internet service,11.22,0,Low,2.18,P4 - Monitor,Standard retention campaign
7909-FIOIY,19,Month-to-month,DSL,Mailed check,24.85,434.8,No,No,27.14,0,Medium,6.74,P4 - Monitor,Offer annual contract incentive
6351-SCJKT,3,Month-to-month,DSL,Mailed check,41.35,107.25,Yes,Yes,57.11,1,High,23.61,P3 - Medium,Offer annual contract incentive
5468-BPMMO,46,Month-to-month,No,Electronic check,19.6,851.2,No internet service,No internet service,23.87,0,Low,4.68,P4 - Monitor,Offer annual contract incentive
0197-PNKNK,69,One year,Fiber optic,Bank transfer (automatic),84.45,5848.6,No,Yes,3.34,0,Low,2.82,P4 - Monitor,Offer Tech Support trial/bundle
2439-QKJUL,5,Month-to-month,No,Mailed check,20.25,109.8,No internet service,No internet service,33.13,0,Medium,6.71,P4 - Monitor,Offer annual contract incentive
1194-SPVSP,1,Month-to-month,No,Bank transfer (automatic),19.65,19.65,No internet service,No internet service,47.06,0,Medium,9.25,P4 - Monitor,Offer annual contract incentive
9534-NSXEM,26,One year,No,Credit card (automatic),20.65,595.5,No internet service,No internet service,4.27,0,Low,0.88,P4 - Monitor,Standard retention campaign
8929-KSWIH,25,Two year,Fiber optic,Bank transfer (automatic),99.3,2513.5,Yes,No,23.51,0,Low,23.35,P4 - Monitor,Offer Online Security bundle
2250-IVBWA,64,Month-to-month,Fiber optic,Electronic check,81.05,5135.35,No,Yes,14.94,0,Low,12.11,P4 - Monitor,Offer annual contract incentive
1810-MVMAI,30,Month-to-month,DSL,Electronic check,67.6,2000.2,Yes,Yes,15.97,0,Low,10.8,P4 - Monitor,Offer annual contract incentive
9506-UXUSK,13,Month-to-month,Fiber optic,Electronic check,70.15,931.75,No,No,78.44,1,Critical,55.03,P2 - High,Offer annual contract incentive
1229-RCALF,64,One year,Fiber optic,Electronic check,115.0,7396.15,Yes,Yes,44.96,0,Medium,51.7,P4 - Monitor,Promote automatic payment
3572-UOLYZ,46,Month-to-month,Fiber optic,Bank transfer (automatic),84.8,3958.85,Yes,No,22.93,0,Low,19.44,P4 - Monitor,Offer annual contract incentive
1429-UYJSV,12,One year,No,Mailed check,19.7,260.9,No internet service,No internet service,9.15,0,Low,1.8,P4 - Monitor,Standard retention campaign
6366-XIVKZ,13,Month-to-month,DSL,Mailed check,63.15,816.8,No,Yes,29.07,0,Medium,18.36,P4 - Monitor,Offer annual contract incentive
3470-OBUET,67,Two year,DSL,Credit card (automatic),74.0,4868.4,Yes,Yes,1.78,0,Low,1.32,P4 - Monitor,Standard retention campaign
2770-NSVDG,24,Month-to-month,DSL,Electronic check,29.1,688.0,No,No,56.23,1,High,16.36,P3 - Medium,Offer annual contract incentive
9375-MHRRS,6,Month-to-month,DSL,Mailed check,50.05,288.35,Yes,No,55.41,1,High,27.73,P3 - Medium,Offer annual contract incentive
4860-YZGZM,10,Month-to-month,No,Electronic check,20.0,185.4,No internet service,No internet service,28.34,0,Medium,5.67,P4 - Monitor,Offer annual contract incentive
6599-GZWCM,13,One year,Fiber optic,Mailed check,74.65,966.25,No,No,46.11,0,Medium,34.42,P4 - Monitor,Offer Tech Support trial/bundle
5533-NHFRF,7,Month-to-month,DSL,Electronic check,44.4,265.8,Yes,No,62.77,1,High,27.87,P3 - Medium,Offer annual contract incentive
7037-MTYVW,38,Two year,DSL,Bank transfer (automatic),85.4,3297.0,Yes,Yes,2.75,0,Low,2.35,P4 - Monitor,Standard retention campaign
4760-THGOT,43,Month-to-month,Fiber optic,Electronic check,94.1,4107.3,No,Yes,60.92,1,High,57.33,P2 - High,Offer annual contract incentive
4016-BJKTZ,25,Two year,Fiber optic,Electronic check,108.9,2809.05,Yes,No,32.97,0,Medium,35.9,P4 - Monitor,Offer Online Security bundle
6584-VQMYT,27,One year,DSL,Mailed check,56.2,1567.55,No,Yes,5.34,0,Low,3.0,P4 - Monitor,Offer Tech Support trial/bundle
9838-BFCQT,72,Two year,No,Mailed check,26.1,1851.45,No internet service,No internet service,0.84,0,Low,0.22,P4 - Monitor,Standard retention campaign
2790-XUYMV,71,One year,Fiber optic,Credit card (automatic),85.45,6028.95,No,Yes,8.86,0,Low,7.57,P4 - Monitor,Offer Tech Support trial/bundle
0581-MDMPW,24,Month-to-month,Fiber optic,Credit card (automatic),88.95,2072.75,No,No,71.94,1,High,63.99,P2 - High,Offer annual contract incentive
1023-BQXZE,57,Two year,DSL,Bank transfer (automatic),74.35,4317.35,No,Yes,9.82,0,Low,7.3,P4 - Monitor,Offer Tech Support trial/bundle
9163-GHAYE,15,Month-to-month,DSL,Electronic check,48.85,736.8,No,No,49.24,0,Medium,24.05,P4 - Monitor,Offer annual contract incentive
3904-UKFRE,4,Month-to-month,Fiber optic,Electronic check,80.1,336.15,No,Yes,68.09,1,High,54.54,P2 - High,Offer annual contract incentive
5353-WILCI,28,Month-to-month,DSL,Electronic check,56.05,1522.65,No,Yes,39.22,0,Medium,21.98,P4 - Monitor,Offer annual contract incentive
0058-EVZWM,55,Month-to-month,Fiber optic,Bank transfer (automatic),89.8,4959.6,No,Yes,57.63,1,High,51.75,P2 - High,Offer annual contract incentive
7009-PCARS,55,One year,No,Bank transfer (automatic),19.1,1001.5,No internet service,No internet service,3.88,0,Low,0.74,P4 - Monitor,Standard retention campaign
0519-DRGTI,20,Month-to-month,No,Mailed check,20.35,442.6,No internet service,No internet service,12.5,0,Low,2.54,P4 - Monitor,Offer annual contract incentive
1017-FBQMM,62,One year,Fiber optic,Credit card (automatic),106.05,6703.5,Yes,No,7.48,0,Low,7.93,P4 - Monitor,Offer Online Security bundle
1985-MBRYP,43,Two year,No,Bank transfer (automatic),19.65,779.25,No internet service,No internet service,5.71,0,Low,1.12,P4 - Monitor,Standard retention campaign
9372-TXXPS,60,Two year,DSL,Bank transfer (automatic),59.85,3483.45,Yes,Yes,4.49,0,Low,2.69,P4 - Monitor,Standard retention campaign
3259-QMXUN,58,Two year,DSL,Electronic check,86.1,4890.5,No,Yes,17.09,0,Low,14.71,P4 - Monitor,Offer Tech Support trial/bundle
1015-JPFYW,7,One year,No,Mailed check,19.45,136.75,No internet service,No internet service,3.99,0,Low,0.78,P4 - Monitor,Standard retention campaign
6645-MXQJT,2,Month-to-month,Fiber optic,Electronic check,97.1,184.15,No,Yes,46.84,0,Medium,45.48,P4 - Monitor,Offer annual contract incentive
4360-QRAVE,37,Month-to-month,DSL,Electronic check,36.65,1315.0,No,No,50.53,1,High,18.52,P3 - Medium,Offer annual contract incentive
8433-WPJTV,65,One year,Fiber optic,Bank transfer (automatic),103.9,6767.1,Yes,No,10.49,0,Low,10.9,P4 - Monitor,Offer Online Security bundle
5804-JMYIO,39,Two year,No,Mailed check,19.75,757.95,No internet service,No internet service,0.66,0,Low,0.13,P4 - Monitor,Standard retention campaign
6484-LATFU,68,Two year,No,Mailed check,24.55,1657.4,No internet service,No internet service,4.49,0,Low,1.1,P4 - Monitor,Standard retention campaign
7599-NTMDP,62,Two year,DSL,Bank transfer (automatic),48.7,3008.55,Yes,Yes,1.76,0,Low,0.86,P4 - Monitor,Standard retention campaign
0536-ACXIP,72,Two year,Fiber optic,Electronic check,109.55,8165.1,No,Yes,17.58,0,Low,19.26,P4 - Monitor,Offer Tech Support trial/bundle
0936-NQLJU,41,Two year,No,Credit card (automatic),20.65,875.55,No internet service,No internet service,3.66,0,Low,0.76,P4 - Monitor,Standard retention campaign
1575-KRZZE,4,Month-to-month,DSL,Electronic check,55.2,220.65,No,Yes,56.78,1,High,31.34,P3 - Medium,Offer annual contract incentive
3251-YMVWZ,53,One year,No,Bank transfer (automatic),24.05,1301.9,No internet service,No internet service,14.52,0,Low,3.49,P4 - Monitor,Standard retention campaign
4884-LEVMQ,39,Two year,No,Bank transfer (automatic),20.45,790.0,No internet service,No internet service,5.49,0,Low,1.12,P4 - Monitor,Standard retention campaign
8857-CUPFQ,63,Two year,No,Mailed check,19.25,1237.65,No internet service,No internet service,7.59,0,Low,1.46,P4 - Monitor,Standard retention campaign
7610-TVOPG,15,Month-to-month,No,Electronic check,26.35,378.6,No internet service,No internet service,27.25,0,Medium,7.18,P4 - Monitor,Offer annual contract incentive
3638-DIMPH,13,One year,DSL,Electronic check,43.8,592.65,No,No,44.67,0,Medium,19.57,P4 - Monitor,Offer Tech Support trial/bundle
1845-ZLLIG,1,Month-to-month,DSL,Mailed check,50.15,50.15,No,No,74.55,1,High,37.39,P3 - Medium,Offer annual contract incentive
8559-WNQZS,1,Two year,No,Mailed check,20.45,20.45,No internet service,No internet service,17.06,0,Low,3.49,P4 - Monitor,Standard retention campaign
1699-UOTXU,60,Two year,DSL,Electronic check,61.4,3638.25,No,Yes,10.15,0,Low,6.23,P4 - Monitor,Offer Tech Support trial/bundle
0635-WKOLD,40,One year,DSL,Credit card (automatic),70.75,2921.75,Yes,No,23.02,0,Low,16.29,P4 - Monitor,Offer Online Security bundle
5993-JSUWV,66,Two year,DSL,Bank transfer (automatic),61.15,4017.45,No,Yes,5.67,0,Low,3.47,P4 - Monitor,Offer Tech Support trial/bundle
4518-FZBSX,42,One year,No,Mailed check,20.25,854.9,No internet service,No internet service,0.98,0,Low,0.2,P4 - Monitor,Standard retention campaign
5387-ASZNZ,66,One year,DSL,Credit card (automatic),63.85,4174.35,Yes,Yes,16.34,0,Low,10.43,P4 - Monitor,Standard retention campaign
6988-CJEYV,49,Month-to-month,Fiber optic,Electronic check,98.7,4920.55,No,No,67.24,1,High,66.37,P2 - High,Offer annual contract incentive
3097-FQTVJ,41,Two year,No,Mailed check,20.0,810.3,No internet service,No internet service,3.89,0,Low,0.78,P4 - Monitor,Standard retention campaign
5465-BUBFA,41,Two year,No,Bank transfer (automatic),19.3,772.4,No internet service,No internet service,1.18,0,Low,0.23,P4 - Monitor,Standard retention campaign
7299-GNVPL,23,Month-to-month,Fiber optic,Mailed check,84.4,1936.85,Yes,Yes,16.17,0,Low,13.65,P4 - Monitor,Offer annual contract incentive
9743-DQKQW,3,Month-to-month,DSL,Electronic check,25.1,79.8,No,No,79.64,1,Critical,19.99,P3 - Medium,Offer annual contract incentive
1215-VFYVK,4,Month-to-month,DSL,Mailed check,48.25,202.25,Yes,Yes,54.54,1,High,26.32,P3 - Medium,Offer annual contract incentive
9371-BITHB,52,Two year,No,Mailed check,19.85,1070.5,No internet service,No internet service,1.03,0,Low,0.2,P4 - Monitor,Standard retention campaign
9093-FPDLG,11,Month-to-month,Fiber optic,Electronic check,94.2,999.9,Yes,No,75.88,1,Critical,71.48,P2 - High,Offer annual contract incentive
0541-FITGH,2,Month-to-month,DSL,Mailed check,62.15,113.1,No,Yes,56.83,1,High,35.32,P3 - Medium,Offer annual contract incentive
6985-HAYWX,26,Month-to-month,Fiber optic,Bank transfer (automatic),79.3,2015.8,No,No,59.46,1,High,47.15,P3 - Medium,Offer annual contract incentive
7508-KBIMB,24,One year,DSL,Credit card (automatic),56.25,1454.25,No,Yes,6.67,0,Low,3.75,P4 - Monitor,Offer Tech Support trial/bundle
6838-HVLXG,12,Month-to-month,No,Mailed check,20.3,246.7,No internet service,No internet service,27.53,0,Medium,5.59,P4 - Monitor,Offer annual contract incentive
2277-DJJDL,60,Month-to-month,Fiber optic,Electronic check,99.0,6017.9,Yes,No,62.29,1,High,61.67,P2 - High,Offer annual contract incentive
1897-OKVMW,64,Two year,DSL,Mailed check,90.6,5817.45,Yes,Yes,1.2,0,Low,1.09,P4 - Monitor,Standard retention campaign
5485-ITNPC,66,Two year,DSL,Bank transfer (automatic),85.9,5595.3,Yes,Yes,5.28,0,Low,4.54,P4 - Monitor,Standard retention campaign
0233-FTHAV,60,One year,Fiber optic,Bank transfer (automatic),79.2,4765.0,No,No,23.97,0,Low,18.98,P4 - Monitor,Offer Tech Support trial/bundle
4644-PIZRT,17,One year,DSL,Bank transfer (automatic),70.35,1201.65,No,Yes,9.73,0,Low,6.85,P4 - Monitor,Offer Tech Support trial/bundle
8922-NPKBJ,42,Two year,No,Mailed check,19.35,867.3,No internet service,No internet service,1.14,0,Low,0.22,P4 - Monitor,Standard retention campaign
2740-TVLFN,1,Month-to-month,DSL,Electronic check,50.15,50.15,No,No,79.24,1,Critical,39.74,P3 - Medium,Offer annual contract incentive
7771-CFQRQ,47,Two year,DSL,Bank transfer (automatic),63.8,3007.25,Yes,No,1.54,0,Low,0.98,P4 - Monitor,Offer Online Security bundle
9512-PHSMG,10,Month-to-month,No,Mailed check,20.55,252.75,No internet service,No internet service,31.49,0,Medium,6.47,P4 - Monitor,Offer annual contract incentive
6963-EZQEE,70,Two year,DSL,Credit card (automatic),88.55,6306.5,Yes,Yes,9.51,0,Low,8.42,P4 - Monitor,Standard retention campaign
2452-KDRRH,67,Month-to-month,Fiber optic,Credit card (automatic),101.4,6841.05,No,No,63.88,1,High,64.77,P2 - High,Offer annual contract incentive
4146-SVFUD,1,Month-to-month,DSL,Mailed check,44.6,44.6,No,No,75.62,1,Critical,33.73,P3 - Medium,Offer annual contract incentive
1564-HJUVY,4,Month-to-month,DSL,Bank transfer (automatic),63.75,226.2,Yes,No,51.9,1,High,33.09,P3 - Medium,Offer annual contract incentive
3617-XLSGQ,66,Two year,Fiber optic,Bank transfer (automatic),109.25,7082.5,No,Yes,5.49,0,Low,6.0,P4 - Monitor,Offer Tech Support trial/bundle
7517-LDMPS,12,Month-to-month,Fiber optic,Electronic check,84.6,1017.35,No,No,81.74,1,Critical,69.15,P2 - High,Offer annual contract incentive
7244-KXYZN,24,One year,No,Credit card (automatic),20.45,527.35,No internet service,No internet service,5.66,0,Low,1.16,P4 - Monitor,Standard retention campaign
5226-NOZFC,26,Month-to-month,Fiber optic,Electronic check,85.75,2146.5,No,No,74.38,1,High,63.78,P2 - High,Offer annual contract incentive
1400-WIVLL,57,Two year,Fiber optic,Electronic check,107.95,5969.85,Yes,No,31.87,0,Medium,34.4,P4 - Monitor,Offer Online Security bundle
8148-NLEGT,42,Two year,No,Electronic check,22.95,1014.25,No internet service,No internet service,1.78,0,Low,0.41,P4 - Monitor,Promote automatic payment
8347-GDTMP,64,Two year,No,Credit card (automatic),19.45,1225.65,No internet service,No internet service,2.87,0,Low,0.56,P4 - Monitor,Standard retention campaign
6746-WAUWT,19,One year,No,Credit card (automatic),19.7,386.5,No internet service,No internet service,5.51,0,Low,1.09,P4 - Monitor,Standard retention campaign
0428-IKYCP,22,Month-to-month,Fiber optic,Bank transfer (automatic),87.0,1850.65,No,No,69.53,1,High,60.49,P2 - High,Offer annual contract incentive
2187-PKZAY,12,Month-to-month,Fiber optic,Bank transfer (automatic),79.95,1043.4,No,No,78.29,1,Critical,62.59,P2 - High,Offer annual contract incentive
4003-OCTMP,31,One year,DSL,Electronic check,64.0,1910.75,Yes,Yes,21.05,0,Low,13.47,P4 - Monitor,Promote automatic payment
6652-YFFJO,11,Month-to-month,DSL,Electronic check,64.9,716.1,No,No,59.74,1,High,38.77,P3 - Medium,Offer annual contract incentive
7225-IILWY,68,Two year,No,Mailed check,25.75,1686.15,No internet service,No internet service,0.6,0,Low,0.15,P4 - Monitor,Standard retention campaign
5248-RPYWW,72,Two year,DSL,Bank transfer (automatic),90.15,6716.45,Yes,Yes,3.32,0,Low,2.99,P4 - Monitor,Standard retention campaign
7923-IYJWY,67,Two year,Fiber optic,Credit card (automatic),116.1,7839.85,Yes,Yes,23.66,0,Low,27.47,P4 - Monitor,Review Fiber pricing/service quality
3170-GWYKC,60,Month-to-month,Fiber optic,Bank transfer (automatic),104.95,6236.75,Yes,Yes,50.93,1,High,53.45,P2 - High,Offer annual contract incentive
9830-ECLEN,58,One year,DSL,Mailed check,50.0,2919.85,No,Yes,5.93,0,Low,2.96,P4 - Monitor,Offer Tech Support trial/bundle
2668-TZSPS,1,Month-to-month,No,Mailed check,20.45,20.45,No internet service,No internet service,48.44,0,Medium,9.91,P4 - Monitor,Offer annual contract incentive
7446-SFAOA,37,One year,No,Bank transfer (automatic),19.85,717.5,No internet service,No internet service,9.09,0,Low,1.8,P4 - Monitor,Standard retention campaign
9522-ZSINC,13,One year,No,Electronic check,19.95,253.8,No internet service,No internet service,8.7,0,Low,1.74,P4 - Monitor,Promote automatic payment
8234-GSZYK,43,Two year,No,Bank transfer (automatic),26.45,1110.05,No internet service,No internet service,8.79,0,Low,2.32,P4 - Monitor,Standard retention campaign
6505-OZNPG,6,Two year,DSL,Mailed check,63.4,348.8,Yes,Yes,14.85,0,Low,9.41,P4 - Monitor,Standard retention campaign
6164-HAQTX,71,Two year,DSL,Bank transfer (automatic),53.95,3888.65,Yes,Yes,5.14,0,Low,2.77,P4 - Monitor,Standard retention campaign
7765-LWVVH,72,Two year,Fiber optic,Electronic check,95.1,6843.15,No,Yes,4.53,0,Low,4.31,P4 - Monitor,Offer Tech Support trial/bundle
1658-TJVOA,6,Month-to-month,Fiber optic,Electronic check,74.1,450.9,No,Yes,69.81,1,High,51.73,P2 - High,Offer annual contract incentive
0953-LGOVU,12,Month-to-month,DSL,Mailed check,35.5,432.25,Yes,No,18.52,0,Low,6.57,P4 - Monitor,Offer annual contract incentive
4692-NNQRU,21,One year,Fiber optic,Electronic check,79.2,1742.45,Yes,No,30.96,0,Medium,24.52,P4 - Monitor,Offer Online Security bundle
7742-MYPGI,6,Month-to-month,DSL,Mailed check,48.8,297.35,Yes,No,36.84,0,Medium,17.98,P4 - Monitor,Offer annual contract incentive
9619-GSATL,43,One year,DSL,Electronic check,55.45,2444.25,Yes,No,19.13,0,Low,10.61,P4 - Monitor,Offer Online Security bundle
5622-UEJFI,35,Two year,No,Credit card (automatic),25.4,949.8,No internet service,No internet service,1.99,0,Low,0.51,P4 - Monitor,Standard retention campaign
0674-DGMAQ,32,Month-to-month,Fiber optic,Electronic check,93.5,2970.8,No,No,75.31,1,Critical,70.41,P2 - High,Offer annual contract incentive
6203-HBZPA,52,Two year,DSL,Credit card (automatic),63.9,3334.95,Yes,Yes,6.34,0,Low,4.05,P4 - Monitor,Standard retention campaign
0484-FFVBJ,32,One year,DSL,Bank transfer (automatic),64.85,2010.95,No,No,33.71,0,Medium,21.86,P4 - Monitor,Offer Tech Support trial/bundle
0301-FIDRB,72,Two year,DSL,Bank transfer (automatic),63.8,4684.3,Yes,Yes,0.55,0,Low,0.35,P4 - Monitor,Standard retention campaign
4139-JPIAM,51,Month-to-month,DSL,Credit card (automatic),44.45,2181.55,Yes,Yes,27.07,0,Medium,12.03,P4 - Monitor,Offer annual contract incentive
2181-TIDSV,68,Two year,No,Bank transfer (automatic),19.95,1303.25,No internet service,No internet service,1.18,0,Low,0.24,P4 - Monitor,Standard retention campaign
2761-XECQW,8,Month-to-month,DSL,Mailed check,43.35,371.4,No,No,61.76,1,High,26.77,P3 - Medium,Offer annual contract incentive
1936-CZAKF,49,Two year,DSL,Credit card (automatic),49.65,2409.9,No,No,25.34,0,Medium,12.58,P4 - Monitor,Offer Tech Support trial/bundle
9453-PATOS,72,Two year,DSL,Mailed check,85.1,6155.4,Yes,Yes,4.87,0,Low,4.14,P4 - Monitor,Standard retention campaign
4402-FTBXC,54,Month-to-month,Fiber optic,Mailed check,89.8,4667.0,No,Yes,47.96,0,Medium,43.07,P4 - Monitor,Offer annual contract incentive
2931-XIQBR,50,One year,Fiber optic,Mailed check,103.05,5153.5,Yes,No,7.42,0,Low,7.65,P4 - Monitor,Offer Online Security bundle
0106-UGRDO,69,Two year,Fiber optic,Electronic check,116.0,8182.85,Yes,Yes,17.86,0,Low,20.72,P4 - Monitor,Promote automatic payment
5542-TBBWB,1,Month-to-month,Fiber optic,Electronic check,69.9,69.9,No,No,89.07,1,Critical,62.26,P2 - High,Offer annual contract incentive
1930-QPBVZ,68,Two year,Fiber optic,Bank transfer (automatic),95.1,6683.4,Yes,Yes,2.99,0,Low,2.84,P4 - Monitor,Review Fiber pricing/service quality
2606-PKWJB,40,One year,DSL,Mailed check,40.25,1564.05,Yes,Yes,5.44,0,Low,2.19,P4 - Monitor,Standard retention campaign
5322-ZSMZY,31,Two year,No,Mailed check,25.75,755.6,No internet service,No internet service,1.9,0,Low,0.49,P4 - Monitor,Standard retention campaign
8059-UDZFY,33,Month-to-month,Fiber optic,Bank transfer (automatic),105.35,3465.05,No,No,40.08,0,Medium,42.22,P4 - Monitor,Offer annual contract incentive
7740-BTPUX,55,Two year,Fiber optic,Electronic check,113.6,6292.7,Yes,No,33.63,0,Medium,38.2,P4 - Monitor,Offer Online Security bundle
5220-AGAAX,68,Two year,No,Bank transfer (automatic),24.0,1664.3,No internet service,No internet service,0.53,0,Low,0.13,P4 - Monitor,Standard retention campaign
0208-BPQEJ,12,Month-to-month,No,Bank transfer (automatic),19.4,198.1,No internet service,No internet service,18.46,0,Low,3.58,P4 - Monitor,Offer annual contract incentive
9435-JMLSX,71,Two year,DSL,Bank transfer (automatic),86.1,6045.9,Yes,Yes,3.91,0,Low,3.37,P4 - Monitor,Standard retention campaign
3352-ALMCK,40,Month-to-month,Fiber optic,Mailed check,102.65,4108.15,No,No,72.96,1,High,74.89,P2 - High,Offer annual contract incentive
5312-IRCFR,64,One year,Fiber optic,Electronic check,92.85,5980.75,No,No,7.92,0,Low,7.35,P4 - Monitor,Offer Tech Support trial/bundle
5294-IMHHT,53,One year,Fiber optic,Bank transfer (automatic),97.75,5043.2,Yes,No,33.28,0,Medium,32.53,P4 - Monitor,Offer Online Security bundle
6176-YJWAS,72,Two year,Fiber optic,Credit card (automatic),97.95,7114.25,No,Yes,14.01,0,Low,13.72,P4 - Monitor,Offer Tech Support trial/bundle
5310-NOOVA,46,Two year,No,Electronic check,19.95,907.05,No internet service,No internet service,5.18,0,Low,1.03,P4 - Monitor,Promote automatic payment
4526-EXKKN,40,Two year,No,Mailed check,24.6,973.95,No internet service,No internet service,11.68,0,Low,2.87,P4 - Monitor,Standard retention campaign
5311-IHLEI,12,Month-to-month,DSL,Bank transfer (automatic),50.95,605.75,Yes,Yes,41.13,0,Medium,20.96,P4 - Monitor,Offer annual contract incentive
3987-KQDDU,9,Month-to-month,Fiber optic,Electronic check,75.6,661.55,No,Yes,65.41,1,High,49.45,P3 - Medium,Offer annual contract incentive
3404-JNXAX,51,Month-to-month,Fiber optic,Electronic check,80.75,4116.9,Yes,No,21.25,0,Low,17.16,P4 - Monitor,Offer annual contract incentive
5131-PONJI,49,Month-to-month,Fiber optic,Credit card (automatic),90.4,4494.65,No,No,15.42,0,Low,13.94,P4 - Monitor,Offer annual contract incentive
3489-VSFRD,56,One year,DSL,Credit card (automatic),60.25,3282.75,Yes,Yes,10.44,0,Low,6.29,P4 - Monitor,Standard retention campaign
3345-JHUEO,4,Month-to-month,No,Electronic check,20.2,55.7,No internet service,No internet service,29.79,0,Medium,6.02,P4 - Monitor,Offer annual contract incentive
5815-HGGHV,20,One year,DSL,Mailed check,64.15,1274.45,Yes,Yes,20.51,0,Low,13.16,P4 - Monitor,Standard retention campaign
5260-UMPWX,26,Month-to-month,No,Credit card (automatic),20.25,493.95,No internet service,No internet service,14.81,0,Low,3.0,P4 - Monitor,Offer annual contract incentive
5649-RXQTV,51,Month-to-month,Fiber optic,Electronic check,99.0,5038.15,No,No,68.72,1,High,68.03,P2 - High,Offer annual contract incentive
2674-MIAHT,4,Month-to-month,Fiber optic,Mailed check,80.3,324.2,No,No,85.13,1,Critical,68.36,P2 - High,Offer annual contract incentive
2576-HXMPA,1,Month-to-month,No,Credit card (automatic),19.55,19.55,No internet service,No internet service,44.54,0,Medium,8.71,P4 - Monitor,Offer annual contract incentive
7587-AOVVU,27,Month-to-month,Fiber optic,Electronic check,100.75,2793.55,Yes,Yes,18.92,0,Low,19.06,P4 - Monitor,Offer annual contract incentive
6898-MDLZW,12,Month-to-month,DSL,Mailed check,53.75,648.65,Yes,No,46.75,0,Medium,25.13,P4 - Monitor,Offer annual contract incentive
4707-YNOQA,34,One year,No,Credit card (automatic),25.6,917.15,No internet service,No internet service,2.76,0,Low,0.71,P4 - Monitor,Standard retention campaign
9357-UJRUN,24,One year,DSL,Electronic check,58.35,1346.9,Yes,Yes,26.06,0,Medium,15.21,P4 - Monitor,Promote automatic payment
8648-PFRMP,14,Month-to-month,DSL,Electronic check,46.35,672.7,No,No,71.72,1,High,33.24,P3 - Medium,Offer annual contract incentive
7663-CUXZB,59,Two year,Fiber optic,Electronic check,113.75,6561.25,Yes,Yes,25.76,0,Medium,29.3,P4 - Monitor,Promote automatic payment
0258-NOKBL,3,Month-to-month,Fiber optic,Electronic check,90.4,268.45,No,No,78.97,1,Critical,71.39,P2 - High,Offer annual contract incentive
1163-VIPRI,65,Two year,Fiber optic,Electronic check,109.3,7337.55,Yes,Yes,5.55,0,Low,6.07,P4 - Monitor,Promote automatic payment
9348-ROUAI,59,Two year,DSL,Credit card (automatic),90.3,5194.05,Yes,Yes,1.44,0,Low,1.3,P4 - Monitor,Standard retention campaign
9443-JUBUO,72,Two year,DSL,Credit card (automatic),65.25,4478.85,Yes,Yes,0.73,0,Low,0.48,P4 - Monitor,Standard retention campaign
3043-TYBNO,3,Month-to-month,DSL,Mailed check,60.65,196.9,Yes,No,55.59,1,High,33.72,P3 - Medium,Offer annual contract incentive
4830-FAXFM,19,Month-to-month,No,Credit card (automatic),24.1,439.2,No internet service,No internet service,22.27,0,Low,5.37,P4 - Monitor,Offer annual contract incentive
5906-BFOZT,1,Month-to-month,No,Mailed check,19.5,19.5,No internet service,No internet service,57.14,1,High,11.14,P3 - Medium,Offer annual contract incentive
2960-NKRSO,24,Month-to-month,Fiber optic,Electronic check,85.95,2107.15,Yes,No,61.12,1,High,52.53,P2 - High,Offer annual contract incentive
8996-ZROXE,57,One year,DSL,Electronic check,53.5,3035.8,Yes,No,23.24,0,Low,12.43,P4 - Monitor,Offer Online Security bundle
5598-IKHQQ,72,Two year,No,Credit card (automatic),25.45,1866.45,No internet service,No internet service,3.81,0,Low,0.97,P4 - Monitor,Standard retention campaign
0397-ZXWQF,67,Two year,No,Bank transfer (automatic),20.5,1430.95,No internet service,No internet service,4.12,0,Low,0.84,P4 - Monitor,Standard retention campaign
5266-PFRQK,52,One year,No,Credit card (automatic),20.85,1071.6,No internet service,No internet service,1.83,0,Low,0.38,P4 - Monitor,Standard retention campaign
4674-HGNUA,71,Two year,DSL,Credit card (automatic),89.9,6457.15,Yes,Yes,1.63,0,Low,1.47,P4 - Monitor,Standard retention campaign
6765-MBQNU,26,One year,No,Mailed check,26.0,684.05,No internet service,No internet service,9.88,0,Low,2.57,P4 - Monitor,Standard retention campaign
9786-IJYDL,35,Two year,Fiber optic,Mailed check,113.2,3914.05,Yes,Yes,25.91,0,Medium,29.33,P4 - Monitor,Review Fiber pricing/service quality
1303-SRDOK,55,Two year,Fiber optic,Credit card (automatic),69.05,3842.6,No,No,7.02,0,Low,4.85,P4 - Monitor,Offer Tech Support trial/bundle
3769-MHZNV,33,Two year,No,Mailed check,20.1,670.35,No internet service,No internet service,0.74,0,Low,0.15,P4 - Monitor,Standard retention campaign
6295-OSINB,72,Two year,Fiber optic,Electronic check,109.65,7880.25,No,Yes,18.95,0,Low,20.78,P4 - Monitor,Offer Tech Support trial/bundle
3308-MHOOC,1,Month-to-month,No,Mailed check,19.2,19.2,No internet service,No internet service,45.5,0,Medium,8.74,P4 - Monitor,Offer annual contract incentive
2207-QPJED,37,Month-to-month,Fiber optic,Electronic check,90.0,3371.75,Yes,No,59.86,1,High,53.87,P2 - High,Offer annual contract incentive
4177-JPDFU,12,Month-to-month,DSL,Mailed check,34.0,442.45,Yes,No,45.82,0,Medium,15.58,P4 - Monitor,Offer annual contract incentive
2239-CFOUJ,1,One year,No,Mailed check,20.4,20.4,No internet service,No internet service,18.9,0,Low,3.86,P4 - Monitor,Standard retention campaign
8046-DNVTL,62,Two year,DSL,Credit card (automatic),38.6,2345.55,Yes,Yes,4.98,0,Low,1.92,P4 - Monitor,Standard retention campaign
2209-XADXF,1,Month-to-month,DSL,Bank transfer (automatic),25.25,25.25,No,No,73.54,1,High,18.57,P3 - Medium,Offer annual contract incentive
6620-JDYNW,18,Month-to-month,DSL,Mailed check,60.6,1156.35,No,Yes,38.23,0,Medium,23.17,P4 - Monitor,Offer annual contract incentive
4770-UEZOX,2,Month-to-month,Fiber optic,Electronic check,74.75,144.8,No,No,84.15,1,Critical,62.9,P2 - High,Offer annual contract incentive
1038-RQOST,19,Month-to-month,No,Mailed check,20.6,414.95,No internet service,No internet service,12.26,0,Low,2.53,P4 - Monitor,Offer annual contract incentive
4568-TTZRT,9,Month-to-month,No,Mailed check,20.4,181.8,No internet service,No internet service,27.56,0,Medium,5.62,P4 - Monitor,Offer annual contract incentive
9513-DXHDA,27,One year,DSL,Electronic check,81.7,2212.55,Yes,Yes,28.92,0,Medium,23.63,P4 - Monitor,Promote automatic payment
0516-QREYC,24,Month-to-month,No,Mailed check,20.3,459.95,No internet service,No internet service,23.8,0,Low,4.83,P4 - Monitor,Offer annual contract incentive
8084-OIVBS,11,One year,No,Mailed check,20.0,211.95,No internet service,No internet service,9.12,0,Low,1.82,P4 - Monitor,Standard retention campaign
8896-BQTTI,1,Month-to-month,No,Mailed check,25.0,25.0,No internet service,No internet service,45.08,0,Medium,11.27,P4 - Monitor,Offer annual contract incentive
3865-QBWSJ,38,Month-to-month,Fiber optic,Mailed check,80.45,3162.65,No,Yes,29.48,0,Medium,23.72,P4 - Monitor,Offer annual contract incentive
3352-RICWQ,9,Two year,No,Mailed check,19.75,210.65,No internet service,No internet service,3.03,0,Low,0.6,P4 - Monitor,Standard retention campaign
2160-GPFXD,54,Two year,DSL,Credit card (automatic),65.65,3566.7,Yes,Yes,1.51,0,Low,0.99,P4 - Monitor,Standard retention campaign
2065-MMKGR,29,One year,DSL,Credit card (automatic),71.0,2080.1,No,No,33.18,0,Medium,23.56,P4 - Monitor,Offer Tech Support trial/bundle
5857-TYBCJ,44,Month-to-month,Fiber optic,Electronic check,89.2,4040.2,No,No,76.44,1,Critical,68.18,P2 - High,Offer annual contract incentive
1498-NHTLT,59,Two year,DSL,Electronic check,86.75,5186.0,Yes,Yes,1.52,0,Low,1.32,P4 - Monitor,Promote automatic payment
1402-PTHGN,18,One year,DSL,Mailed check,61.5,1087.45,Yes,Yes,6.73,0,Low,4.14,P4 - Monitor,Standard retention campaign
4176-RELJR,67,Two year,No,Credit card (automatic),25.1,1672.15,No internet service,No internet service,4.23,0,Low,1.06,P4 - Monitor,Standard retention campaign
5199-FPUSP,33,One year,DSL,Credit card (automatic),34.05,1113.95,Yes,Yes,8.03,0,Low,2.73,P4 - Monitor,Standard retention campaign
6377-KSLXC,5,Month-to-month,No,Mailed check,19.95,107.05,No internet service,No internet service,33.06,0,Medium,6.6,P4 - Monitor,Offer annual contract incentive
1796-JANOW,2,Month-to-month,No,Mailed check,19.95,38.15,No internet service,No internet service,34.19,0,Medium,6.82,P4 - Monitor,Offer annual contract incentive
0238-WHBIQ,72,Two year,DSL,Credit card (automatic),89.7,6339.3,Yes,Yes,1.22,0,Low,1.09,P4 - Monitor,Standard retention campaign
8735-NBLWT,9,Month-to-month,No,Mailed check,20.4,184.1,No internet service,No internet service,14.28,0,Low,2.91,P4 - Monitor,Offer annual contract incentive
6651-RLGGM,67,Two year,No,Mailed check,26.3,1688.9,No internet service,No internet service,0.85,0,Low,0.22,P4 - Monitor,Standard retention campaign
1614-JBEBI,8,Month-to-month,No,Mailed check,20.7,137.6,No internet service,No internet service,27.63,0,Medium,5.72,P4 - Monitor,Offer annual contract incentive
5696-EXCYS,17,Two year,No,Credit card (automatic),19.45,369.05,No internet service,No internet service,6.0,0,Low,1.17,P4 - Monitor,Standard retention campaign
5795-KTGUD,68,Two year,Fiber optic,Bank transfer (automatic),110.8,7553.6,No,Yes,27.28,0,Medium,30.23,P4 - Monitor,Offer Tech Support trial/bundle
7924-GJZFI,25,Month-to-month,Fiber optic,Electronic check,69.3,1813.1,No,No,72.91,1,High,50.53,P2 - High,Offer annual contract incentive
4702-HDRKD,67,One year,DSL,Bank transfer (automatic),49.35,3321.35,Yes,Yes,11.14,0,Low,5.5,P4 - Monitor,Standard retention campaign
8512-WIWYV,32,One year,No,Credit card (automatic),20.35,707.5,No internet service,No internet service,4.37,0,Low,0.89,P4 - Monitor,Standard retention campaign
5897-ZYEKH,67,One year,Fiber optic,Electronic check,105.6,7112.15,No,Yes,40.38,0,Medium,42.64,P4 - Monitor,Offer Tech Support trial/bundle
5456-ITGIC,72,Two year,DSL,Credit card (automatic),64.45,4641.1,Yes,Yes,6.55,0,Low,4.22,P4 - Monitor,Standard retention campaign
1406-PUQVY,1,Month-to-month,DSL,Electronic check,49.9,49.9,No,No,53.36,1,High,26.63,P3 - Medium,Offer annual contract incentive
9114-AAFQH,48,One year,DSL,Electronic check,65.65,3094.65,No,No,27.64,0,Medium,18.15,P4 - Monitor,Offer Tech Support trial/bundle
8715-KKTFG,61,One year,Fiber optic,Bank transfer (automatic),103.3,6518.35,Yes,No,46.67,0,Medium,48.21,P4 - Monitor,Offer Online Security bundle
1728-BQDMA,2,Month-to-month,DSL,Electronic check,44.45,82.7,No,No,76.25,1,Critical,33.89,P3 - Medium,Offer annual contract incentive
5117-ZSMHQ,71,Two year,DSL,Bank transfer (automatic),89.9,6342.7,Yes,Yes,0.89,0,Low,0.8,P4 - Monitor,Standard retention campaign
5151-HQRDG,37,Month-to-month,DSL,Mailed check,55.05,2030.75,No,Yes,29.7,0,Medium,16.35,P4 - Monitor,Offer annual contract incentive
0960-HUWBM,65,Two year,Fiber optic,Bank transfer (automatic),104.1,6700.05,Yes,No,8.77,0,Low,9.13,P4 - Monitor,Offer Online Security bundle
6465-GSRCL,67,One year,Fiber optic,Bank transfer (automatic),106.6,7244.7,Yes,No,10.09,0,Low,10.76,P4 - Monitor,Offer Online Security bundle
0263-FJTQO,50,Two year,DSL,Credit card (automatic),70.5,3486.65,Yes,Yes,1.67,0,Low,1.18,P4 - Monitor,Standard retention campaign
7319-ZNRTR,25,One year,No,Electronic check,19.6,411.15,No internet service,No internet service,2.71,0,Low,0.53,P4 - Monitor,Promote automatic payment
7503-EPSZW,64,Two year,No,Mailed check,24.05,1559.15,No internet service,No internet service,0.76,0,Low,0.18,P4 - Monitor,Standard retention campaign
7089-XXAYG,25,One year,DSL,Credit card (automatic),38.1,970.4,No,No,35.86,0,Medium,13.66,P4 - Monitor,Offer Tech Support trial/bundle
8070-AAWZP,24,Month-to-month,DSL,Mailed check,34.25,828.2,Yes,No,38.24,0,Medium,13.1,P4 - Monitor,Offer annual contract incentive
1666-JXLKU,37,Month-to-month,Fiber optic,Electronic check,100.05,3810.55,No,No,79.17,1,Critical,79.21,P1 - Immediate,Offer annual contract incentive
7855-DIWPO,21,Month-to-month,Fiber optic,Electronic check,68.65,1493.2,No,No,71.38,1,High,49.0,P3 - Medium,Offer annual contract incentive
5133-POWUA,1,Month-to-month,DSL,Mailed check,45.8,45.8,No,No,76.45,1,Critical,35.01,P3 - Medium,Offer annual contract incentive
5652-MSDEY,10,Month-to-month,Fiber optic,Mailed check,75.75,777.3,No,No,82.16,1,Critical,62.24,P2 - High,Offer annual contract incentive
1810-BOHSY,51,One year,Fiber optic,Credit card (automatic),96.4,4911.05,No,Yes,37.54,0,Medium,36.19,P4 - Monitor,Offer Tech Support trial/bundle
1784-BXEFA,10,Month-to-month,No,Mailed check,20.55,187.35,No internet service,No internet service,25.81,0,Medium,5.3,P4 - Monitor,Offer annual contract incentive
7351-MHQVU,6,Month-to-month,DSL,Credit card (automatic),50.95,307.6,Yes,Yes,50.59,1,High,25.78,P3 - Medium,Offer annual contract incentive
9224-VTYID,47,Two year,DSL,Mailed check,90.5,4318.35,Yes,Yes,1.3,0,Low,1.18,P4 - Monitor,Standard retention campaign
9500-IWPXQ,61,One year,DSL,Electronic check,79.4,4820.55,Yes,Yes,4.39,0,Low,3.49,P4 - Monitor,Promote automatic payment
5762-TJXGK,52,Two year,DSL,Bank transfer (automatic),58.75,3038.55,No,Yes,9.78,0,Low,5.75,P4 - Monitor,Offer Tech Support trial/bundle
4504-YOULA,35,Month-to-month,DSL,Credit card (automatic),59.45,2136.9,No,Yes,17.81,0,Low,10.59,P4 - Monitor,Offer annual contract incentive
5569-IDSEY,71,One year,Fiber optic,Bank transfer (automatic),105.7,7472.15,No,No,45.99,0,Medium,48.61,P4 - Monitor,Offer Tech Support trial/bundle
7284-ZZLOH,45,Two year,DSL,Credit card (automatic),53.3,2296.25,No,Yes,10.84,0,Low,5.78,P4 - Monitor,Offer Tech Support trial/bundle
1777-JYQPJ,2,Month-to-month,DSL,Mailed check,24.3,38.45,No,No,76.99,1,Critical,18.71,P3 - Medium,Offer annual contract incentive
3401-URHDA,51,One year,DSL,Credit card (automatic),59.9,3043.6,Yes,Yes,12.47,0,Low,7.47,P4 - Monitor,Standard retention campaign
1599-EAHXY,60,One year,No,Credit card (automatic),23.95,1506.4,No internet service,No internet service,2.86,0,Low,0.68,P4 - Monitor,Standard retention campaign
8631-XVRZL,9,One year,No,Mailed check,20.15,163.7,No internet service,No internet service,9.46,0,Low,1.91,P4 - Monitor,Standard retention campaign
3853-LYGAM,17,Month-to-month,Fiber optic,Bank transfer (automatic),95.65,1640.0,Yes,No,62.26,1,High,59.55,P2 - High,Offer annual contract incentive
5751-USDBL,46,Two year,DSL,Mailed check,81.0,3846.35,Yes,Yes,1.45,0,Low,1.17,P4 - Monitor,Standard retention campaign
5680-LQOGP,68,Two year,DSL,Credit card (automatic),82.45,5646.6,Yes,Yes,5.79,0,Low,4.77,P4 - Monitor,Standard retention campaign
8189-DUKMV,4,One year,No,Bank transfer (automatic),20.5,79.05,No internet service,No internet service,18.06,0,Low,3.7,P4 - Monitor,Standard retention campaign
9931-DCEZH,28,One year,DSL,Credit card (automatic),54.4,1516.6,Yes,No,9.45,0,Low,5.14,P4 - Monitor,Offer Online Security bundle
1898-JSNDC,39,One year,DSL,Credit card (automatic),58.6,2224.5,No,No,22.96,0,Low,13.45,P4 - Monitor,Offer Tech Support trial/bundle
0315-LVCRK,11,Month-to-month,Fiber optic,Electronic check,84.8,888.75,No,No,78.39,1,Critical,66.47,P2 - High,Offer annual contract incentive
3911-RSNHI,71,Two year,DSL,Credit card (automatic),61.4,4310.35,Yes,No,6.14,0,Low,3.77,P4 - Monitor,Offer Online Security bundle
2410-CIYFZ,2,Month-to-month,No,Mailed check,20.4,42.9,No internet service,No internet service,18.91,0,Low,3.86,P4 - Monitor,Offer annual contract incentive
5505-OVWQW,17,One year,No,Mailed check,20.15,353.65,No internet service,No internet service,7.85,0,Low,1.58,P4 - Monitor,Standard retention campaign
7271-AJDTL,55,Month-to-month,Fiber optic,Credit card (automatic),94.45,5073.1,No,No,64.33,1,High,60.76,P2 - High,Offer annual contract incentive
1867-TJHTS,58,Month-to-month,Fiber optic,Bank transfer (automatic),79.8,4526.85,No,Yes,50.62,1,High,40.39,P3 - Medium,Offer annual contract incentive
6860-YRJZP,9,Month-to-month,Fiber optic,Electronic check,74.05,678.45,No,No,83.78,1,Critical,62.04,P2 - High,Offer annual contract incentive
4429-WYGFR,26,Month-to-month,DSL,Bank transfer (automatic),49.15,1237.3,Yes,No,30.46,0,Medium,14.97,P4 - Monitor,Offer annual contract incentive
2817-LVCPP,50,Two year,No,Credit card (automatic),19.4,1023.95,No internet service,No internet service,4.6,0,Low,0.89,P4 - Monitor,Standard retention campaign
5038-ETMLM,72,Two year,Fiber optic,Bank transfer (automatic),113.65,8182.75,Yes,Yes,14.17,0,Low,16.1,P4 - Monitor,Review Fiber pricing/service quality
5056-FIMPT,43,One year,Fiber optic,Credit card (automatic),106.0,4532.3,Yes,Yes,13.79,0,Low,14.62,P4 - Monitor,Review Fiber pricing/service quality
4521-WFJAI,56,Two year,No,Bank transfer (automatic),25.95,1444.05,No internet service,No internet service,8.69,0,Low,2.26,P4 - Monitor,Standard retention campaign
6569-KTMDU,1,Month-to-month,No,Mailed check,19.1,19.1,No internet service,No internet service,46.6,0,Medium,8.9,P4 - Monitor,Offer annual contract incentive
8809-XKHMD,72,Two year,Fiber optic,Bank transfer (automatic),100.55,7325.1,Yes,Yes,15.82,0,Low,15.91,P4 - Monitor,Review Fiber pricing/service quality
0396-YCHWO,36,Month-to-month,Fiber optic,Electronic check,95.4,3474.2,No,No,79.68,1,Critical,76.01,P1 - Immediate,Offer annual contract incentive
0867-LDTTC,5,Month-to-month,DSL,Bank transfer (automatic),75.15,392.65,Yes,No,49.12,0,Medium,36.91,P4 - Monitor,Offer annual contract incentive
9391-DXGGG,44,One year,Fiber optic,Credit card (automatic),89.15,3990.75,No,No,33.79,0,Medium,30.12,P4 - Monitor,Offer Tech Support trial/bundle
9844-FELAJ,70,One year,Fiber optic,Electronic check,107.9,7475.85,Yes,No,10.89,0,Low,11.75,P4 - Monitor,Offer Online Security bundle
2122-SZZZD,44,One year,No,Credit card (automatic),19.5,835.5,No internet service,No internet service,4.35,0,Low,0.85,P4 - Monitor,Standard retention campaign
3148-AOIQT,69,Two year,No,Credit card (automatic),24.95,1718.35,No internet service,No internet service,4.68,0,Low,1.17,P4 - Monitor,Standard retention campaign
8395-ETZKQ,68,One year,No,Bank transfer (automatic),19.5,1193.55,No internet service,No internet service,3.12,0,Low,0.61,P4 - Monitor,Standard retention campaign
6692-YQHXC,16,Month-to-month,Fiber optic,Credit card (automatic),69.95,1205.5,No,No,68.12,1,High,47.65,P3 - Medium,Offer annual contract incentive
3889-VWBID,68,Two year,DSL,Bank transfer (automatic),82.85,5776.45,Yes,Yes,1.6,0,Low,1.33,P4 - Monitor,Standard retention campaign
5222-JCXZT,4,Month-to-month,No,Mailed check,19.0,78.9,No internet service,No internet service,29.71,0,Medium,5.64,P4 - Monitor,Offer annual contract incentive
9754-CLVZW,26,Month-to-month,DSL,Credit card (automatic),38.85,1025.15,Yes,Yes,26.48,0,Medium,10.29,P4 - Monitor,Offer annual contract incentive
2739-CCZMB,5,Month-to-month,No,Credit card (automatic),20.35,122.0,No internet service,No internet service,19.38,0,Low,3.94,P4 - Monitor,Offer annual contract incentive
7080-TNUWP,70,One year,Fiber optic,Bank transfer (automatic),95.0,6602.9,No,No,30.32,0,Medium,28.8,P4 - Monitor,Offer Tech Support trial/bundle
0496-AHOOK,24,One year,DSL,Bank transfer (automatic),74.4,1712.9,Yes,Yes,20.93,0,Low,15.57,P4 - Monitor,Standard retention campaign
8336-TAVKX,72,Two year,DSL,Bank transfer (automatic),78.45,5682.25,Yes,Yes,8.28,0,Low,6.5,P4 - Monitor,Standard retention campaign
2468-SJFLM,1,Month-to-month,Fiber optic,Mailed check,74.3,74.3,Yes,No,72.63,1,High,53.96,P2 - High,Offer annual contract incentive
3181-VTHOE,70,One year,DSL,Bank transfer (automatic),51.05,3635.15,Yes,No,24.93,0,Low,12.73,P4 - Monitor,Offer Online Security bundle
7168-HDQHG,36,Month-to-month,No,Bank transfer (automatic),19.2,702.9,No internet service,No internet service,12.59,0,Low,2.42,P4 - Monitor,Offer annual contract incentive
4567-AKPIA,41,One year,Fiber optic,Bank transfer (automatic),109.1,4454.25,Yes,No,8.13,0,Low,8.87,P4 - Monitor,Offer Online Security bundle
7901-HXJVA,14,Month-to-month,Fiber optic,Electronic check,76.45,1117.55,No,No,75.44,1,Critical,57.67,P2 - High,Offer annual contract incentive
5924-IFQTT,13,Month-to-month,DSL,Electronic check,72.8,930.05,Yes,No,23.41,0,Low,17.04,P4 - Monitor,Offer annual contract incentive
7968-QUXNS,6,Month-to-month,No,Mailed check,18.95,110.15,No internet service,No internet service,28.44,0,Medium,5.39,P4 - Monitor,Offer annual contract incentive
8903-WMRNW,15,Month-to-month,Fiber optic,Electronic check,101.75,1669.4,No,Yes,73.22,1,High,74.5,P2 - High,Offer annual contract incentive
2452-SNHFZ,47,Month-to-month,Fiber optic,Credit card (automatic),75.45,3545.1,No,Yes,51.98,1,High,39.22,P3 - Medium,Offer annual contract incentive
3629-WEAAM,8,Month-to-month,DSL,Mailed check,64.1,504.05,Yes,No,44.46,0,Medium,28.5,P4 - Monitor,Offer annual contract incentive
6029-CSMJE,17,Month-to-month,DSL,Mailed check,25.65,440.2,No,No,53.76,1,High,13.79,P3 - Medium,Offer annual contract incentive
7993-NQLJE,15,Month-to-month,Fiber optic,Mailed check,75.1,1151.55,No,Yes,35.78,0,Medium,26.87,P4 - Monitor,Offer annual contract incentive
9909-DFRJA,26,One year,Fiber optic,Bank transfer (automatic),95.85,2475.35,Yes,Yes,35.0,0,Medium,33.55,P4 - Monitor,Review Fiber pricing/service quality
9099-FTUHS,23,Month-to-month,DSL,Electronic check,54.4,1249.25,No,Yes,44.95,0,Medium,24.45,P4 - Monitor,Offer annual contract incentive
0581-BXBUB,4,Month-to-month,Fiber optic,Electronic check,72.75,317.75,No,No,74.78,1,High,54.4,P2 - High,Offer annual contract incentive
4962-CHQPW,29,One year,No,Mailed check,19.85,535.05,No internet service,No internet service,1.55,0,Low,0.31,P4 - Monitor,Standard retention campaign
9467-ROOLM,25,Month-to-month,No,Mailed check,19.05,461.3,No internet service,No internet service,20.2,0,Low,3.85,P4 - Monitor,Offer annual contract incentive
5150-ITWWB,3,Month-to-month,Fiber optic,Electronic check,94.85,335.75,No,No,91.79,1,Critical,87.06,P1 - Immediate,Offer annual contract incentive
2253-KPMNB,69,Two year,DSL,Bank transfer (automatic),46.25,3121.4,Yes,Yes,2.34,0,Low,1.08,P4 - Monitor,Standard retention campaign
1345-ZUKID,14,One year,No,Mailed check,19.35,324.8,No internet service,No internet service,6.94,0,Low,1.34,P4 - Monitor,Standard retention campaign
6429-SHBCB,19,Month-to-month,DSL,Mailed check,69.6,1394.55,No,No,42.3,0,Medium,29.44,P4 - Monitor,Offer annual contract incentive
9281-OFDMF,39,Month-to-month,Fiber optic,Electronic check,90.7,3413.25,No,No,66.95,1,High,60.72,P2 - High,Offer annual contract incentive
2603-HVKCG,31,Month-to-month,Fiber optic,Electronic check,101.4,3143.65,No,No,72.82,1,High,73.84,P2 - High,Offer annual contract incentive
1834-WULEG,24,One year,No,Mailed check,20.25,439.75,No internet service,No internet service,1.31,0,Low,0.27,P4 - Monitor,Standard retention campaign
9097-ZUBYC,14,Month-to-month,DSL,Bank transfer (automatic),48.8,664.4,Yes,No,45.02,0,Medium,21.97,P4 - Monitor,Offer annual contract incentive
5148-ORICT,64,Two year,DSL,Mailed check,74.35,4759.55,Yes,Yes,4.99,0,Low,3.71,P4 - Monitor,Standard retention campaign
4893-GYUJU,50,One year,No,Mailed check,19.35,1033.0,No internet service,No internet service,5.89,0,Low,1.14,P4 - Monitor,Standard retention campaign
4578-PHJYZ,52,One year,DSL,Electronic check,68.75,3482.85,Yes,No,6.74,0,Low,4.63,P4 - Monitor,Offer Online Security bundle
7272-QDCKA,28,One year,Fiber optic,Electronic check,100.2,2688.45,No,No,48.9,0,Medium,49.0,P4 - Monitor,Offer Tech Support trial/bundle
8908-SLFCJ,21,Two year,No,Credit card (automatic),20.85,435.25,No internet service,No internet service,4.89,0,Low,1.02,P4 - Monitor,Standard retention campaign
9766-HGEDE,17,One year,No,Mailed check,19.35,307.0,No internet service,No internet service,9.84,0,Low,1.9,P4 - Monitor,Standard retention campaign
6968-MHOMU,58,One year,DSL,Credit card (automatic),45.0,2689.35,No,No,36.68,0,Medium,16.51,P4 - Monitor,Offer Tech Support trial/bundle
5044-XDPYX,51,Two year,No,Mailed check,25.5,1281.25,No internet service,No internet service,5.99,0,Low,1.53,P4 - Monitor,Standard retention campaign
1814-WFGVS,72,Two year,DSL,Mailed check,48.9,3527.0,Yes,Yes,2.13,0,Low,1.04,P4 - Monitor,Standard retention campaign
3721-WKIIL,27,Two year,No,Mailed check,19.6,561.15,No internet service,No internet service,5.51,0,Low,1.08,P4 - Monitor,Standard retention campaign
6734-CKRSM,3,Month-to-month,No,Mailed check,20.0,63.6,No internet service,No internet service,35.1,0,Medium,7.02,P4 - Monitor,Offer annual contract incentive
1265-ZFOSD,64,Two year,DSL,Mailed check,81.3,5129.3,Yes,Yes,6.13,0,Low,4.98,P4 - Monitor,Standard retention campaign
6568-POCUI,45,Two year,Fiber optic,Credit card (automatic),95.2,4285.8,Yes,No,25.17,0,Medium,23.96,P4 - Monitor,Offer Online Security bundle
5197-LQXXH,71,Two year,DSL,Credit card (automatic),83.3,5894.5,Yes,No,5.04,0,Low,4.2,P4 - Monitor,Offer Online Security bundle
3457-PQBYH,58,Two year,No,Credit card (automatic),20.3,1160.75,No internet service,No internet service,0.6,0,Low,0.12,P4 - Monitor,Standard retention campaign
7682-AZNDK,34,Month-to-month,Fiber optic,Electronic check,89.85,3091.75,No,No,19.49,0,Low,17.51,P4 - Monitor,Offer annual contract incentive
5384-ZTTWP,15,Month-to-month,No,Mailed check,19.8,272.95,No internet service,No internet service,16.91,0,Low,3.35,P4 - Monitor,Offer annual contract incentive
3745-HRPHI,66,Two year,DSL,Bank transfer (automatic),54.65,3632.0,Yes,No,2.43,0,Low,1.33,P4 - Monitor,Offer Online Security bundle
7636-OWBPG,12,Month-to-month,DSL,Credit card (automatic),29.35,381.2,No,No,57.75,1,High,16.95,P3 - Medium,Offer annual contract incentive
1231-YNDEK,58,Two year,No,Bank transfer (automatic),19.15,1035.5,No internet service,No internet service,8.65,0,Low,1.66,P4 - Monitor,Standard retention campaign
1407-DIGZV,3,Two year,No,Mailed check,19.1,52.0,No internet service,No internet service,4.43,0,Low,0.85,P4 - Monitor,Standard retention campaign
0570-BFQHT,9,Month-to-month,Fiber optic,Electronic check,80.55,653.9,No,No,75.81,1,Critical,61.06,P2 - High,Offer annual contract incentive
4393-OBCRR,3,One year,No,Mailed check,20.25,71.2,No internet service,No internet service,10.15,0,Low,2.06,P4 - Monitor,Standard retention campaign
8564-LDKFL,40,One year,Fiber optic,Bank transfer (automatic),106.0,4178.65,No,No,54.12,1,High,57.37,P2 - High,Offer Tech Support trial/bundle
3696-DFHHB,68,Two year,No,Bank transfer (automatic),25.5,1821.8,No internet service,No internet service,3.58,0,Low,0.91,P4 - Monitor,Standard retention campaign
4717-GHADL,50,Two year,DSL,Mailed check,79.6,4024.2,Yes,No,8.5,0,Low,6.77,P4 - Monitor,Offer Online Security bundle
5501-TVMGM,1,Month-to-month,DSL,Electronic check,55.25,55.25,No,No,77.09,1,Critical,42.59,P3 - Medium,Offer annual contract incentive
5879-HMFFH,72,Two year,DSL,Bank transfer (automatic),88.05,6520.8,Yes,Yes,6.47,0,Low,5.7,P4 - Monitor,Standard retention campaign
6772-WFQRD,40,One year,No,Bank transfer (automatic),20.4,854.9,No internet service,No internet service,2.13,0,Low,0.43,P4 - Monitor,Standard retention campaign
3810-DVDQQ,72,Two year,Fiber optic,Bank transfer (automatic),117.6,8308.9,Yes,Yes,2.73,0,Low,3.21,P4 - Monitor,Review Fiber pricing/service quality
6972-SNKKW,6,Month-to-month,No,Mailed check,20.0,109.2,No internet service,No internet service,33.21,0,Medium,6.64,P4 - Monitor,Offer annual contract incentive
3694-GLTJM,5,Month-to-month,No,Credit card (automatic),19.65,92.05,No internet service,No internet service,28.72,0,Medium,5.64,P4 - Monitor,Offer annual contract incentive
8550-XSXUQ,48,One year,DSL,Credit card (automatic),70.55,3420.5,No,No,26.97,0,Medium,19.03,P4 - Monitor,Offer Tech Support trial/bundle
9055-MOJJJ,64,One year,DSL,Mailed check,65.8,4068.0,Yes,Yes,2.6,0,Low,1.71,P4 - Monitor,Standard retention campaign
4359-INNWN,17,One year,No,Credit card (automatic),20.05,337.9,No internet service,No internet service,7.94,0,Low,1.59,P4 - Monitor,Standard retention campaign
0585-EGDDA,40,Month-to-month,Fiber optic,Electronic check,80.0,3168.75,No,No,69.65,1,High,55.72,P2 - High,Offer annual contract incentive
4032-RMHCI,41,One year,DSL,Credit card (automatic),35.4,1412.4,No,Yes,10.16,0,Low,3.6,P4 - Monitor,Offer Tech Support trial/bundle
0549-CYCQN,51,One year,Fiber optic,Bank transfer (automatic),79.6,3974.7,No,No,25.25,0,Medium,20.1,P4 - Monitor,Offer Tech Support trial/bundle
3481-JHUZH,41,Month-to-month,Fiber optic,Electronic check,80.25,3439.0,No,No,73.1,1,High,58.66,P2 - High,Offer annual contract incentive
3594-IVHJZ,2,Month-to-month,No,Mailed check,20.45,42.45,No internet service,No internet service,30.83,0,Medium,6.3,P4 - Monitor,Offer annual contract incentive
6869-FGJJC,68,One year,Fiber optic,Credit card (automatic),79.6,5461.45,No,No,24.36,0,Low,19.39,P4 - Monitor,Offer Tech Support trial/bundle
3896-ZVNET,24,Two year,No,Mailed check,24.7,571.75,No internet service,No internet service,3.33,0,Low,0.82,P4 - Monitor,Standard retention campaign
8205-VSLRB,70,Two year,DSL,Credit card (automatic),77.3,5498.2,Yes,Yes,9.71,0,Low,7.51,P4 - Monitor,Standard retention campaign
5960-MVTUK,3,Month-to-month,DSL,Electronic check,29.75,96.85,Yes,No,71.02,1,High,21.13,P3 - Medium,Offer annual contract incentive
6817-WTYHE,2,Month-to-month,DSL,Bank transfer (automatic),44.9,111.05,No,No,72.23,1,High,32.43,P3 - Medium,Offer annual contract incentive
3082-VQXNH,3,Month-to-month,DSL,Credit card (automatic),29.8,94.4,No,No,68.16,1,High,20.31,P3 - Medium,Offer annual contract incentive
4931-TRZWN,13,Month-to-month,DSL,Electronic check,71.95,923.85,No,Yes,58.83,1,High,42.33,P3 - Medium,Offer annual contract incentive
0750-EKNGL,7,Month-to-month,No,Mailed check,20.75,141.1,No internet service,No internet service,28.96,0,Medium,6.01,P4 - Monitor,Offer annual contract incentive
7669-LCRSD,12,Month-to-month,DSL,Mailed check,56.3,628.65,No,No,29.53,0,Medium,16.63,P4 - Monitor,Offer annual contract incentive
3567-PQTSO,53,One year,Fiber optic,Electronic check,105.25,5576.3,No,No,10.88,0,Low,11.45,P4 - Monitor,Offer Tech Support trial/bundle
8043-PNYSD,63,Two year,No,Mailed check,19.55,1245.6,No internet service,No internet service,0.67,0,Low,0.13,P4 - Monitor,Standard retention campaign
9938-EKRGF,15,Month-to-month,DSL,Mailed check,84.45,1287.85,Yes,Yes,35.66,0,Medium,30.11,P4 - Monitor,Offer annual contract incentive
2703-AMTUL,36,One year,DSL,Mailed check,53.65,1939.35,No,Yes,4.21,0,Low,2.26,P4 - Monitor,Offer Tech Support trial/bundle
0928-JMXNP,4,Month-to-month,DSL,Electronic check,29.9,118.25,No,No,81.8,1,Critical,24.46,P3 - Medium,Offer annual contract incentive
8173-RXAYP,24,Two year,No,Mailed check,19.7,452.55,No internet service,No internet service,0.72,0,Low,0.14,P4 - Monitor,Standard retention campaign
4825-XJGDM,61,One year,DSL,Credit card (automatic),43.7,2696.55,Yes,Yes,13.06,0,Low,5.71,P4 - Monitor,Standard retention campaign
5402-HTOTQ,16,Month-to-month,DSL,Electronic check,55.3,875.35,No,No,45.95,0,Medium,25.41,P4 - Monitor,Offer annual contract incentive
6734-JDTTV,65,Two year,No,Credit card (automatic),19.85,1267.05,No internet service,No internet service,0.71,0,Low,0.14,P4 - Monitor,Standard retention campaign
7850-THJMU,26,Two year,No,Credit card (automatic),19.65,494.9,No internet service,No internet service,0.69,0,Low,0.14,P4 - Monitor,Standard retention campaign
3890-RTCMS,16,Month-to-month,DSL,Mailed check,49.45,799.0,Yes,No,50.86,1,High,25.15,P3 - Medium,Offer annual contract incentive
3717-FDJFU,5,Two year,No,Mailed check,20.45,106.9,No internet service,No internet service,2.84,0,Low,0.58,P4 - Monitor,Standard retention campaign
3665-JATSN,19,Month-to-month,DSL,Electronic check,39.7,710.05,No,No,62.62,1,High,24.86,P3 - Medium,Offer annual contract incentive
7966-YOTQW,10,Month-to-month,DSL,Credit card (automatic),54.5,568.2,No,Yes,50.72,1,High,27.64,P3 - Medium,Offer annual contract incentive
8853-TZDGH,72,Two year,Fiber optic,Bank transfer (automatic),111.6,8012.75,Yes,No,19.35,0,Low,21.59,P4 - Monitor,Offer Online Security bundle
4324-BZCKL,10,Month-to-month,DSL,Mailed check,55.55,551.3,No,No,26.74,0,Medium,14.85,P4 - Monitor,Offer annual contract incentive
6924-TDGMT,11,One year,No,Mailed check,20.55,184.95,No internet service,No internet service,10.94,0,Low,2.25,P4 - Monitor,Standard retention campaign
1536-YHDOE,17,One year,DSL,Mailed check,62.1,1096.65,Yes,Yes,7.74,0,Low,4.81,P4 - Monitor,Standard retention campaign
8123-QBNAZ,36,Month-to-month,Fiber optic,Credit card (automatic),104.5,3684.95,No,Yes,21.74,0,Low,22.72,P4 - Monitor,Offer annual contract incentive
3629-ZNKXA,17,Month-to-month,Fiber optic,Electronic check,101.8,1752.45,No,No,78.14,1,Critical,79.55,P1 - Immediate,Offer annual contract incentive
4827-LTQRJ,66,One year,Fiber optic,Credit card (automatic),110.6,7210.85,Yes,Yes,8.77,0,Low,9.7,P4 - Monitor,Review Fiber pricing/service quality
7711-YIJWC,61,One year,DSL,Bank transfer (automatic),84.9,5264.5,Yes,Yes,5.51,0,Low,4.68,P4 - Monitor,Standard retention campaign
5482-VXSXJ,22,Month-to-month,Fiber optic,Mailed check,93.2,2157.3,No,No,70.24,1,High,65.46,P2 - High,Offer annual contract incentive
7365-BVCJH,1,Month-to-month,DSL,Electronic check,24.4,24.4,No,No,83.38,1,Critical,20.34,P3 - Medium,Offer annual contract incentive
9620-ENEJV,6,Month-to-month,Fiber optic,Credit card (automatic),70.55,433.95,No,No,75.85,1,Critical,53.51,P2 - High,Offer annual contract incentive
2378-YIZKA,68,Two year,DSL,Credit card (automatic),85.0,5607.75,Yes,Yes,0.79,0,Low,0.67,P4 - Monitor,Standard retention campaign
0689-DSXGL,52,Month-to-month,Fiber optic,Bank transfer (automatic),85.8,4433.3,Yes,No,11.33,0,Low,9.72,P4 - Monitor,Offer annual contract incentive
6818-DJXAA,10,Month-to-month,Fiber optic,Electronic check,91.1,964.35,Yes,No,56.43,1,High,51.41,P2 - High,Offer annual contract incentive
0464-WJTKO,72,Two year,No,Bank transfer (automatic),20.1,1460.85,No internet service,No internet service,0.58,0,Low,0.12,P4 - Monitor,Standard retention campaign
8902-ZEOVF,47,One year,No,Mailed check,20.05,951.55,No internet service,No internet service,1.04,0,Low,0.21,P4 - Monitor,Standard retention campaign
6778-EICRF,24,One year,DSL,Mailed check,74.8,1821.2,No,Yes,6.23,0,Low,4.66,P4 - Monitor,Offer Tech Support trial/bundle
2662-NNTDK,65,One year,No,Credit card (automatic),24.8,1600.95,No internet service,No internet service,9.12,0,Low,2.26,P4 - Monitor,Standard retention campaign
4132-KALRO,4,Month-to-month,Fiber optic,Mailed check,100.85,399.25,Yes,No,82.47,1,Critical,83.17,P1 - Immediate,Offer annual contract incentive
2874-YXVVA,34,Month-to-month,Fiber optic,Electronic check,105.1,3634.8,Yes,No,64.91,1,High,68.22,P2 - High,Offer annual contract incentive
1245-HARPS,14,Two year,No,Mailed check,20.4,292.4,No internet service,No internet service,6.71,0,Low,1.37,P4 - Monitor,Standard retention campaign
4323-ELYYB,13,One year,No,Mailed check,20.0,218.55,No internet service,No internet service,3.23,0,Low,0.65,P4 - Monitor,Standard retention campaign
4293-ETKAP,65,Two year,DSL,Bank transfer (automatic),79.4,5071.9,Yes,No,1.56,0,Low,1.24,P4 - Monitor,Offer Online Security bundle
6064-PUPMC,23,One year,DSL,Credit card (automatic),57.2,1423.35,Yes,Yes,4.52,0,Low,2.59,P4 - Monitor,Standard retention campaign
6504-VBLFL,55,Two year,DSL,Electronic check,58.6,3068.6,No,Yes,13.27,0,Low,7.78,P4 - Monitor,Offer Tech Support trial/bundle
6322-PJJDJ,49,Two year,Fiber optic,Electronic check,94.8,4690.65,No,No,43.66,0,Medium,41.39,P4 - Monitor,Offer Tech Support trial/bundle
0330-BGYZE,60,One year,Fiber optic,Bank transfer (automatic),102.5,6157.6,No,No,47.31,0,Medium,48.49,P4 - Monitor,Offer Tech Support trial/bundle
1085-LDWAM,69,One year,No,Credit card (automatic),20.35,1442.65,No internet service,No internet service,2.68,0,Low,0.55,P4 - Monitor,Standard retention campaign
7586-ZATGZ,40,Month-to-month,Fiber optic,Electronic check,84.9,3369.05,No,No,77.5,1,Critical,65.8,P2 - High,Offer annual contract incentive
7197-VOJMM,67,Two year,DSL,Credit card (automatic),69.2,4671.65,Yes,Yes,4.84,0,Low,3.35,P4 - Monitor,Standard retention campaign
1843-TLSGD,13,Two year,No,Mailed check,20.85,272.35,No internet service,No internet service,1.65,0,Low,0.34,P4 - Monitor,Standard retention campaign
9626-VFRGG,41,Month-to-month,Fiber optic,Bank transfer (automatic),88.5,3645.05,No,No,29.06,0,Medium,25.72,P4 - Monitor,Offer annual contract incentive
7075-BNDVQ,4,Month-to-month,DSL,Mailed check,35.0,135.75,No,Yes,57.52,1,High,20.13,P3 - Medium,Offer annual contract incentive
9143-CANJF,24,Month-to-month,DSL,Electronic check,55.15,1319.85,Yes,Yes,27.04,0,Medium,14.91,P4 - Monitor,Offer annual contract incentive
7284-BUYEC,5,Month-to-month,DSL,Credit card (automatic),50.95,229.4,No,No,68.05,1,High,34.67,P3 - Medium,Offer annual contract incentive
2041-JIJCI,5,Month-to-month,DSL,Electronic check,64.0,370.25,No,No,57.29,1,High,36.67,P3 - Medium,Offer annual contract incentive
4900-MSOMT,72,Two year,DSL,Bank transfer (automatic),80.2,5714.2,Yes,Yes,1.62,0,Low,1.3,P4 - Monitor,Standard retention campaign
2229-VWQJH,24,Month-to-month,DSL,Credit card (automatic),49.3,1233.25,No,No,46.4,0,Medium,22.88,P4 - Monitor,Offer annual contract incentive
9194-GFVOI,42,Two year,DSL,Credit card (automatic),84.35,3571.6,Yes,Yes,9.84,0,Low,8.3,P4 - Monitor,Standard retention campaign
1336-EZFZY,4,Month-to-month,No,Mailed check,20.05,83.3,No internet service,No internet service,34.54,0,Medium,6.93,P4 - Monitor,Offer annual contract incentive
4282-MSACW,68,One year,Fiber optic,Credit card (automatic),117.2,8035.95,Yes,Yes,46.02,0,Medium,53.94,P4 - Monitor,Review Fiber pricing/service quality
1403-LKLIK,33,One year,No,Mailed check,20.1,579.4,No internet service,No internet service,1.55,0,Low,0.31,P4 - Monitor,Standard retention campaign
0136-IFMYD,69,Two year,Fiber optic,Electronic check,109.95,7634.25,Yes,No,32.26,0,Medium,35.47,P4 - Monitor,Offer Online Security bundle
5144-TVGLP,38,Month-to-month,Fiber optic,Electronic check,94.75,3653.0,No,No,71.49,1,High,67.74,P2 - High,Offer annual contract incentive
9643-AVVWI,3,Month-to-month,Fiber optic,Electronic check,80.0,241.3,Yes,No,50.62,1,High,40.5,P3 - Medium,Offer annual contract incentive
0253-ZTEOB,48,Two year,DSL,Electronic check,79.65,3870.3,Yes,No,3.46,0,Low,2.76,P4 - Monitor,Offer Online Security bundle
2706-QZIHY,15,Two year,No,Mailed check,25.2,387.9,No internet service,No internet service,11.38,0,Low,2.87,P4 - Monitor,Standard retention campaign
6061-PQHMK,25,One year,No,Credit card (automatic),19.9,527.5,No internet service,No internet service,5.7,0,Low,1.13,P4 - Monitor,Standard retention campaign
6137-MFAJN,48,Month-to-month,DSL,Electronic check,44.8,2104.55,No,Yes,51.86,1,High,23.23,P3 - Medium,Offer annual contract incentive
9122-UMROB,1,Month-to-month,No,Mailed check,20.3,20.3,No internet service,No internet service,50.11,1,High,10.17,P3 - Medium,Offer annual contract incentive
4232-JGKIY,1,Month-to-month,No,Electronic check,19.2,19.2,No internet service,No internet service,45.55,0,Medium,8.75,P4 - Monitor,Offer annual contract incentive
2402-TAIRZ,37,One year,Fiber optic,Electronic check,80.05,3019.1,No,No,33.56,0,Medium,26.86,P4 - Monitor,Offer Tech Support trial/bundle
9659-ZTWSM,66,One year,Fiber optic,Bank transfer (automatic),107.35,7051.95,Yes,No,48.63,0,Medium,52.2,P4 - Monitor,Offer Online Security bundle
9139-TWBAS,26,One year,DSL,Bank transfer (automatic),47.85,1190.5,No,Yes,20.93,0,Low,10.02,P4 - Monitor,Offer Tech Support trial/bundle
6685-GBWJZ,63,One year,DSL,Credit card (automatic),70.8,4448.8,Yes,Yes,18.52,0,Low,13.11,P4 - Monitor,Standard retention campaign
2195-VVRJF,18,Month-to-month,DSL,Credit card (automatic),59.1,1011.05,No,Yes,46.76,0,Medium,27.64,P4 - Monitor,Offer annual contract incentive
3913-RDSJZ,64,Two year,No,Mailed check,25.55,1714.95,No internet service,No internet service,3.31,0,Low,0.85,P4 - Monitor,Standard retention campaign
4203-QGNZA,28,Month-to-month,No,Mailed check,20.25,535.35,No internet service,No internet service,11.13,0,Low,2.25,P4 - Monitor,Offer annual contract incentive
5043-TRZWM,1,Month-to-month,Fiber optic,Electronic check,75.55,75.55,No,No,86.67,1,Critical,65.48,P2 - High,Offer annual contract incentive
9494-BDNNC,66,One year,Fiber optic,Electronic check,95.3,6273.4,No,No,46.85,0,Medium,44.65,P4 - Monitor,Offer Tech Support trial/bundle
1640-PLFMP,1,Month-to-month,Fiber optic,Electronic check,70.25,70.25,No,No,88.8,1,Critical,62.38,P2 - High,Offer annual contract incentive
5366-OBVMR,18,Month-to-month,DSL,Mailed check,50.3,908.75,Yes,No,45.97,0,Medium,23.12,P4 - Monitor,Offer annual contract incentive
4573-JKNAE,12,Two year,No,Bank transfer (automatic),19.35,212.3,No internet service,No internet service,5.95,0,Low,1.15,P4 - Monitor,Standard retention campaign
9817-APLHW,12,Month-to-month,No,Electronic check,25.0,316.2,No internet service,No internet service,27.72,0,Medium,6.93,P4 - Monitor,Offer annual contract incentive
8380-MQINP,55,Two year,No,Mailed check,20.3,1079.05,No internet service,No internet service,1.02,0,Low,0.21,P4 - Monitor,Standard retention campaign
0840-DFEZH,7,Month-to-month,Fiber optic,Electronic check,75.35,564.65,No,No,85.3,1,Critical,64.27,P2 - High,Offer annual contract incentive
8690-ZVLCL,68,Two year,DSL,Credit card (automatic),88.0,6161.9,Yes,Yes,1.6,0,Low,1.41,P4 - Monitor,Standard retention campaign
1125-SNVCK,49,Month-to-month,DSL,Mailed check,43.8,2106.05,No,No,45.47,0,Medium,19.92,P4 - Monitor,Offer annual contract incentive
0384-LPITE,40,One year,DSL,Credit card (automatic),62.05,2511.55,No,Yes,26.22,0,Medium,16.27,P4 - Monitor,Offer Tech Support trial/bundle
4616-EWBNJ,16,One year,No,Bank transfer (automatic),20.1,318.6,No internet service,No internet service,16.02,0,Low,3.22,P4 - Monitor,Standard retention campaign
1335-HQMKX,72,One year,Fiber optic,Electronic check,101.35,7323.15,No,No,46.0,0,Medium,46.62,P4 - Monitor,Offer Tech Support trial/bundle
2545-EBUPK,2,Month-to-month,Fiber optic,Electronic check,84.05,186.05,No,No,90.11,1,Critical,75.74,P1 - Immediate,Offer annual contract incentive
6923-AQONU,23,Two year,No,Mailed check,20.9,454.0,No internet service,No internet service,0.74,0,Low,0.15,P4 - Monitor,Standard retention campaign
2172-EJXVF,71,One year,Fiber optic,Electronic check,105.9,7521.95,No,No,43.74,0,Medium,46.32,P4 - Monitor,Offer Tech Support trial/bundle
4536-PLEQY,12,Month-to-month,Fiber optic,Credit card (automatic),85.05,999.8,No,No,78.21,1,Critical,66.52,P2 - High,Offer annual contract incentive
7029-IJEJK,54,One year,DSL,Bank transfer (automatic),44.1,2369.7,Yes,Yes,11.79,0,Low,5.2,P4 - Monitor,Standard retention campaign
8871-JLMHM,68,Two year,Fiber optic,Credit card (automatic),90.2,6297.65,Yes,No,15.92,0,Low,14.36,P4 - Monitor,Offer Online Security bundle
5447-VYTKW,27,Month-to-month,DSL,Mailed check,53.45,1461.45,Yes,Yes,26.9,0,Medium,14.38,P4 - Monitor,Offer annual contract incentive
3623-FQBOX,21,Month-to-month,No,Mailed check,19.95,416.4,No internet service,No internet service,21.47,0,Low,4.28,P4 - Monitor,Offer annual contract incentive
8659-HDIYE,64,Month-to-month,DSL,Credit card (automatic),74.65,4869.35,Yes,No,29.25,0,Medium,21.84,P4 - Monitor,Offer annual contract incentive
3474-BAFSJ,57,Two year,DSL,Bank transfer (automatic),57.5,3265.95,Yes,No,9.05,0,Low,5.2,P4 - Monitor,Offer Online Security bundle
3865-ZFZIB,19,Two year,No,Mailed check,19.65,358.15,No internet service,No internet service,6.98,0,Low,1.37,P4 - Monitor,Standard retention campaign
1855-AGAWH,31,One year,Fiber optic,Electronic check,93.8,2939.8,No,No,59.73,1,High,56.03,P2 - High,Offer Tech Support trial/bundle
7109-CQYUZ,52,Two year,DSL,Mailed check,89.25,4652.4,Yes,Yes,5.88,0,Low,5.25,P4 - Monitor,Standard retention campaign
1370-GGAWX,46,One year,Fiber optic,Electronic check,94.15,4408.45,No,No,43.73,0,Medium,41.17,P4 - Monitor,Offer Tech Support trial/bundle
4680-KUTAJ,11,Month-to-month,DSL,Electronic check,55.6,580.8,No,Yes,60.28,1,High,33.52,P3 - Medium,Offer annual contract incentive
5307-UVGNB,53,Month-to-month,DSL,Bank transfer (automatic),48.7,2495.2,No,Yes,17.67,0,Low,8.61,P4 - Monitor,Offer annual contract incentive
2883-ILGWO,57,Month-to-month,Fiber optic,Bank transfer (automatic),104.9,5913.95,Yes,No,60.33,1,High,63.29,P2 - High,Offer annual contract incentive
3642-BYHDO,71,Two year,No,Bank transfer (automatic),19.9,1389.35,No internet service,No internet service,0.68,0,Low,0.14,P4 - Monitor,Standard retention campaign
9629-NHXFW,1,Month-to-month,No,Mailed check,19.4,19.4,No internet service,No internet service,53.91,1,High,10.46,P3 - Medium,Offer annual contract incentive
2696-RZVZW,68,Two year,No,Credit card (automatic),25.05,1629.2,No internet service,No internet service,3.71,0,Low,0.93,P4 - Monitor,Standard retention campaign
5766-FTRTS,72,Two year,DSL,Mailed check,84.45,6033.1,Yes,Yes,4.22,0,Low,3.56,P4 - Monitor,Standard retention campaign
0396-HUJBP,2,Month-to-month,No,Mailed check,19.3,44.4,No internet service,No internet service,33.24,0,Medium,6.42,P4 - Monitor,Offer annual contract incentive
8879-ZKJOF,41,One year,DSL,Bank transfer (automatic),79.85,3320.75,Yes,Yes,22.22,0,Low,17.74,P4 - Monitor,Standard retention campaign
6285-FTQBF,72,Two year,No,Credit card (automatic),25.55,1867.7,No internet service,No internet service,0.54,0,Low,0.14,P4 - Monitor,Standard retention campaign
1474-JUWSM,58,One year,DSL,Electronic check,68.4,3972.25,Yes,Yes,20.92,0,Low,14.31,P4 - Monitor,Promote automatic payment
3530-CRZSB,7,Month-to-month,No,Mailed check,20.65,155.9,No internet service,No internet service,29.66,0,Medium,6.12,P4 - Monitor,Offer annual contract incentive
8498-XXGWA,65,Month-to-month,DSL,Mailed check,55.15,3673.15,No,Yes,26.4,0,Medium,14.56,P4 - Monitor,Offer annual contract incentive
9617-INGJY,1,Month-to-month,Fiber optic,Mailed check,70.6,70.6,No,No,86.12,1,Critical,60.8,P2 - High,Offer annual contract incentive
0621-TSSMU,56,One year,No,Credit card (automatic),19.95,1126.75,No internet service,No internet service,6.23,0,Low,1.24,P4 - Monitor,Standard retention campaign
7234-KMNRQ,4,Month-to-month,No,Mailed check,19.0,73.45,No internet service,No internet service,30.05,0,Medium,5.71,P4 - Monitor,Offer annual contract incentive
7636-PEPNS,58,One year,DSL,Mailed check,44.1,2413.05,No,No,7.0,0,Low,3.09,P4 - Monitor,Offer Tech Support trial/bundle
4683-WYDOU,62,Two year,Fiber optic,Bank transfer (automatic),107.6,6912.7,Yes,No,42.84,0,Medium,46.1,P4 - Monitor,Offer Online Security bundle
9052-DHNKM,26,One year,DSL,Electronic check,61.55,1581.95,No,Yes,19.9,0,Low,12.25,P4 - Monitor,Offer Tech Support trial/bundle
6794-HKIAJ,62,Month-to-month,Fiber optic,Bank transfer (automatic),90.7,5586.45,No,Yes,39.97,0,Medium,36.25,P4 - Monitor,Offer annual contract incentive
5578-NKCXI,58,One year,Fiber optic,Credit card (automatic),99.25,5846.65,No,Yes,4.69,0,Low,4.65,P4 - Monitor,Offer Tech Support trial/bundle
1642-HMARX,68,Two year,DSL,Electronic check,91.7,6424.7,Yes,Yes,8.19,0,Low,7.51,P4 - Monitor,Promote automatic payment
3096-WPXBT,61,One year,Fiber optic,Credit card (automatic),100.7,6018.65,No,Yes,8.13,0,Low,8.19,P4 - Monitor,Offer Tech Support trial/bundle
8434-PNQZX,42,Two year,DSL,Credit card (automatic),78.45,3373.4,Yes,No,10.78,0,Low,8.46,P4 - Monitor,Offer Online Security bundle
5950-AAAGJ,18,Month-to-month,Fiber optic,Bank transfer (automatic),84.3,1537.9,No,No,67.46,1,High,56.87,P2 - High,Offer annual contract incentive
4299-OPXEJ,56,Two year,No,Bank transfer (automatic),19.55,1080.55,No internet service,No internet service,6.92,0,Low,1.35,P4 - Monitor,Standard retention campaign
9618-LFJRU,4,Month-to-month,No,Credit card (automatic),20.45,82.85,No internet service,No internet service,30.4,0,Medium,6.22,P4 - Monitor,Offer annual contract incentive
6693-DJWTY,35,One year,DSL,Credit card (automatic),55.6,2016.45,No,Yes,5.2,0,Low,2.89,P4 - Monitor,Offer Tech Support trial/bundle
0744-GKNGE,64,Month-to-month,Fiber optic,Bank transfer (automatic),86.8,5327.25,Yes,Yes,12.07,0,Low,10.48,P4 - Monitor,Offer annual contract incentive
6447-EGDIV,31,One year,No,Mailed check,20.95,683.25,No internet service,No internet service,6.36,0,Low,1.33,P4 - Monitor,Standard retention campaign
1167-OYZJF,67,Two year,No,Bank transfer (automatic),20.05,1263.05,No internet service,No internet service,3.38,0,Low,0.68,P4 - Monitor,Standard retention campaign
4806-DXQCE,70,Two year,Fiber optic,Electronic check,113.65,7714.65,Yes,Yes,19.35,0,Low,21.99,P4 - Monitor,Promote automatic payment
4854-SSLTN,2,Two year,DSL,Mailed check,59.5,130.5,Yes,Yes,10.96,0,Low,6.52,P4 - Monitor,Standard retention campaign
5294-DMSFH,29,Month-to-month,Fiber optic,Credit card (automatic),87.8,2621.75,No,No,20.2,0,Low,17.74,P4 - Monitor,Offer annual contract incentive
4837-PZTIC,47,Two year,DSL,Mailed check,41.9,1875.25,Yes,Yes,8.11,0,Low,3.4,P4 - Monitor,Standard retention campaign
0603-OLQDC,12,Month-to-month,DSL,Mailed check,69.85,837.5,No,Yes,32.55,0,Medium,22.74,P4 - Monitor,Offer annual contract incentive
3272-VUHPV,8,Month-to-month,DSL,Bank transfer (automatic),56.3,401.5,Yes,No,20.83,0,Low,11.73,P4 - Monitor,Offer annual contract incentive
4176-FXYBO,54,Month-to-month,Fiber optic,Electronic check,109.55,6118.95,No,Yes,53.3,1,High,58.39,P2 - High,Offer annual contract incentive
1063-DHQJF,69,Two year,Fiber optic,Mailed check,92.15,6480.9,Yes,No,2.65,0,Low,2.44,P4 - Monitor,Offer Online Security bundle
8663-UPDGF,26,Month-to-month,DSL,Bank transfer (automatic),69.5,1800.05,No,Yes,34.4,0,Medium,23.91,P4 - Monitor,Offer annual contract incentive
6719-FGEDO,72,Two year,Fiber optic,Bank transfer (automatic),97.0,7104.2,Yes,Yes,13.45,0,Low,13.05,P4 - Monitor,Review Fiber pricing/service quality
1837-YQUCE,70,Two year,DSL,Bank transfer (automatic),58.35,4214.25,Yes,Yes,5.78,0,Low,3.37,P4 - Monitor,Standard retention campaign
0369-ZGOVK,28,One year,Fiber optic,Bank transfer (automatic),70.4,1992.2,No,No,7.16,0,Low,5.04,P4 - Monitor,Offer Tech Support trial/bundle
9919-KNPOO,21,Month-to-month,Fiber optic,Electronic check,94.3,1948.35,No,No,81.45,1,Critical,76.81,P1 - Immediate,Offer annual contract incentive
7872-BAAZR,53,One year,No,Bank transfer (automatic),19.55,1007.9,No internet service,No internet service,3.85,0,Low,0.75,P4 - Monitor,Standard retention campaign
9391-LMANN,53,One year,Fiber optic,Electronic check,95.95,5036.9,No,Yes,9.24,0,Low,8.87,P4 - Monitor,Offer Tech Support trial/bundle
8174-TBVCF,70,Two year,DSL,Credit card (automatic),94.8,6859.05,Yes,Yes,12.38,0,Low,11.74,P4 - Monitor,Standard retention campaign
1698-XFZCI,61,One year,Fiber optic,Electronic check,107.75,6521.9,No,Yes,47.39,0,Medium,51.06,P4 - Monitor,Offer Tech Support trial/bundle
1877-HKBQX,11,One year,DSL,Mailed check,54.6,617.85,Yes,Yes,20.65,0,Low,11.27,P4 - Monitor,Standard retention campaign
4450-DLLMH,2,Month-to-month,Fiber optic,Credit card (automatic),71.3,157.75,No,No,80.88,1,Critical,57.67,P2 - High,Offer annual contract incentive
0428-AXXLJ,25,One year,No,Bank transfer (automatic),19.5,516.3,No internet service,No internet service,6.99,0,Low,1.36,P4 - Monitor,Standard retention campaign
2746-DIJLO,41,One year,DSL,Credit card (automatic),56.3,2364.0,No,No,20.07,0,Low,11.3,P4 - Monitor,Offer Tech Support trial/bundle
3508-VLHCZ,71,Two year,DSL,Credit card (automatic),90.55,6239.05,Yes,Yes,0.96,0,Low,0.87,P4 - Monitor,Standard retention campaign
4086-ATNFV,34,One year,DSL,Mailed check,60.8,2042.05,No,Yes,4.64,0,Low,2.82,P4 - Monitor,Offer Tech Support trial/bundle
0468-YRPXN,29,Month-to-month,Fiber optic,Credit card (automatic),98.8,2807.1,Yes,No,59.15,1,High,58.44,P2 - High,Offer annual contract incentive
5996-NRVXR,40,One year,Fiber optic,Credit card (automatic),98.15,4116.8,Yes,Yes,30.55,0,Medium,29.98,P4 - Monitor,Review Fiber pricing/service quality
3739-YBWAB,36,One year,DSL,Mailed check,35.35,1317.95,No,Yes,18.04,0,Low,6.38,P4 - Monitor,Offer Tech Support trial/bundle
7047-FWEYA,46,One year,Fiber optic,Electronic check,103.15,4594.65,Yes,No,54.89,1,High,56.62,P2 - High,Offer Online Security bundle
2000-MPKCA,58,One year,Fiber optic,Electronic check,107.75,6332.75,No,Yes,50.08,1,High,53.96,P2 - High,Offer Tech Support trial/bundle
9762-YAQAA,39,One year,Fiber optic,Credit card (automatic),81.4,3213.75,No,No,27.63,0,Medium,22.49,P4 - Monitor,Offer Tech Support trial/bundle
5473-KHBPS,52,One year,Fiber optic,Credit card (automatic),95.7,4976.15,No,No,4.66,0,Low,4.46,P4 - Monitor,Offer Tech Support trial/bundle
0100-DUVFC,70,One year,Fiber optic,Electronic check,104.8,7308.95,No,No,47.88,0,Medium,50.18,P4 - Monitor,Offer Tech Support trial/bundle
5397-TUPSH,65,One year,Fiber optic,Bank transfer (automatic),70.95,4555.2,No,No,23.38,0,Low,16.59,P4 - Monitor,Offer Tech Support trial/bundle
8950-MTZNV,1,Month-to-month,DSL,Mailed check,44.95,44.95,No,No,75.88,1,Critical,34.11,P3 - Medium,Offer annual contract incentive
0326-VDYXE,70,One year,Fiber optic,Electronic check,97.65,6982.5,No,No,49.22,0,Medium,48.06,P4 - Monitor,Offer Tech Support trial/bundle
6773-LQTVT,29,Month-to-month,DSL,Mailed check,35.65,1025.15,No,No,30.18,0,Medium,10.76,P4 - Monitor,Offer annual contract incentive
0436-TWFFZ,67,Two year,DSL,Mailed check,85.25,5714.2,Yes,Yes,8.18,0,Low,6.97,P4 - Monitor,Standard retention campaign
8566-YPRGL,1,Month-to-month,No,Mailed check,19.5,19.5,No internet service,No internet service,60.61,1,High,11.82,P3 - Medium,Offer annual contract incentive
6609-MXJHJ,30,Two year,No,Mailed check,25.1,789.55,No internet service,No internet service,3.2,0,Low,0.8,P4 - Monitor,Standard retention campaign
2669-OIDSD,48,Month-to-month,Fiber optic,Credit card (automatic),100.05,4834.0,Yes,No,58.68,1,High,58.71,P2 - High,Offer annual contract incentive
8400-WZICQ,55,Month-to-month,DSL,Electronic check,55.7,3131.8,No,Yes,17.57,0,Low,9.79,P4 - Monitor,Offer annual contract incentive
9576-SYUHJ,37,Month-to-month,Fiber optic,Electronic check,91.15,3369.25,No,Yes,67.82,1,High,61.82,P2 - High,Offer annual contract incentive
0410-IPFTY,31,Month-to-month,Fiber optic,Bank transfer (automatic),83.85,2674.15,No,No,67.28,1,High,56.41,P2 - High,Offer annual contract incentive
2831-EBWRN,4,Month-to-month,DSL,Electronic check,45.9,199.75,No,No,76.89,1,Critical,35.29,P3 - Medium,Offer annual contract incentive
9430-NKQLY,72,Two year,No,Credit card (automatic),25.1,1790.8,No internet service,No internet service,1.18,0,Low,0.3,P4 - Monitor,Standard retention campaign
0247-SLUJI,1,Month-to-month,No,Mailed check,19.7,19.7,No internet service,No internet service,53.51,1,High,10.54,P3 - Medium,Offer annual contract incentive
9402-ORRAH,15,Month-to-month,Fiber optic,Electronic check,91.5,1400.3,No,No,83.12,1,Critical,76.05,P1 - Immediate,Offer annual contract incentive
6483-OATDN,8,Month-to-month,DSL,Credit card (automatic),51.3,411.6,No,Yes,35.79,0,Medium,18.36,P4 - Monitor,Offer annual contract incentive
1293-HHSHJ,35,One year,No,Mailed check,21.1,741.0,No internet service,No internet service,6.02,0,Low,1.27,P4 - Monitor,Standard retention campaign
4840-ORQXB,56,Month-to-month,Fiber optic,Electronic check,104.75,5841.35,No,No,65.54,1,High,68.65,P2 - High,Offer annual contract incentive
3982-DQLUS,65,Month-to-month,Fiber optic,Electronic check,85.75,5688.45,No,Yes,15.99,0,Low,13.71,P4 - Monitor,Offer annual contract incentive
8610-ZIKJJ,2,One year,No,Mailed check,20.3,31.9,No internet service,No internet service,11.01,0,Low,2.24,P4 - Monitor,Standard retention campaign
3756-VNWDH,65,One year,Fiber optic,Electronic check,100.75,6674.65,No,Yes,38.81,0,Medium,39.1,P4 - Monitor,Offer Tech Support trial/bundle
7801-KICAO,18,Month-to-month,Fiber optic,Electronic check,74.15,1345.75,No,No,76.82,1,Critical,56.96,P2 - High,Offer annual contract incentive
7673-LPRNY,23,One year,DSL,Electronic check,78.55,1843.05,No,Yes,29.75,0,Medium,23.37,P4 - Monitor,Offer Tech Support trial/bundle
6060-QBMGV,70,Two year,No,Credit card (automatic),19.85,1433.8,No internet service,No internet service,2.65,0,Low,0.53,P4 - Monitor,Standard retention campaign
7339-POGZN,4,Month-to-month,DSL,Electronic check,50.7,214.55,No,No,73.94,1,High,37.49,P3 - Medium,Offer annual contract incentive
2828-SLQPF,19,Month-to-month,DSL,Bank transfer (automatic),45.0,865.85,No,No,51.53,1,High,23.19,P3 - Medium,Offer annual contract incentive
4465-VDKIQ,18,Month-to-month,Fiber optic,Electronic check,77.8,1358.6,No,No,67.79,1,High,52.74,P2 - High,Offer annual contract incentive
2921-XWDJH,38,Month-to-month,Fiber optic,Electronic check,83.45,3147.15,No,Yes,63.91,1,High,53.33,P2 - High,Offer annual contract incentive
2558-BUOZZ,47,One year,Fiber optic,Bank transfer (automatic),94.8,4535.85,No,Yes,25.2,0,Medium,23.89,P4 - Monitor,Offer Tech Support trial/bundle
9257-AZMTZ,52,Two year,No,Bank transfer (automatic),20.1,1078.75,No internet service,No internet service,1.18,0,Low,0.24,P4 - Monitor,Standard retention campaign
0003-MKNFE,9,Month-to-month,DSL,Mailed check,59.9,542.4,No,No,54.93,1,High,32.9,P3 - Medium,Offer annual contract incentive
0975-UYDTX,26,One year,DSL,Credit card (automatic),90.1,2312.55,Yes,Yes,27.3,0,Medium,24.6,P4 - Monitor,Standard retention campaign
4682-BLBUC,44,One year,DSL,Electronic check,70.95,3250.45,Yes,No,28.83,0,Medium,20.45,P4 - Monitor,Offer Online Security bundle
0975-VOOVL,3,Month-to-month,DSL,Mailed check,29.2,98.5,No,No,69.79,1,High,20.38,P3 - Medium,Offer annual contract incentive
5968-VXZLG,2,Month-to-month,DSL,Bank transfer (automatic),46.6,87.9,No,No,73.75,1,High,34.37,P3 - Medium,Offer annual contract incentive
5201-FRKKS,25,Month-to-month,Fiber optic,Bank transfer (automatic),74.3,1952.25,No,Yes,53.24,1,High,39.56,P3 - Medium,Offer annual contract incentive
9799-CAYJJ,2,Month-to-month,Fiber optic,Electronic check,69.3,153.8,No,No,84.15,1,Critical,58.32,P2 - High,Offer annual contract incentive
5443-SCMKX,58,One year,Fiber optic,Electronic check,94.3,5610.15,No,No,46.33,0,Medium,43.69,P4 - Monitor,Offer Tech Support trial/bundle
8295-KMENE,59,Two year,DSL,Mailed check,76.45,4519.5,Yes,Yes,2.01,0,Low,1.54,P4 - Monitor,Standard retention campaign
6738-ISCBM,44,One year,DSL,Electronic check,54.0,2440.25,No,Yes,32.14,0,Medium,17.36,P4 - Monitor,Offer Tech Support trial/bundle
9821-BESNZ,66,One year,Fiber optic,Electronic check,104.25,6860.6,Yes,No,55.87,1,High,58.24,P2 - High,Offer Online Security bundle
3678-MNGZX,68,Two year,No,Bank transfer (automatic),19.95,1377.7,No internet service,No internet service,0.93,0,Low,0.19,P4 - Monitor,Standard retention campaign
1335-NTIUC,9,Month-to-month,DSL,Electronic check,24.95,190.25,No,No,75.6,1,Critical,18.86,P3 - Medium,Offer annual contract incentive
2916-BQZLN,19,Month-to-month,Fiber optic,Electronic check,84.75,1651.95,No,Yes,64.15,1,High,54.37,P2 - High,Offer annual contract incentive
4558-CGYCZ,4,Month-to-month,No,Mailed check,19.75,78.3,No internet service,No internet service,33.54,0,Medium,6.62,P4 - Monitor,Offer annual contract incentive
2368-GAKKQ,70,Two year,Fiber optic,Bank transfer (automatic),113.65,7939.25,Yes,Yes,21.56,0,Low,24.5,P4 - Monitor,Review Fiber pricing/service quality
8710-YGLWG,1,Month-to-month,DSL,Mailed check,44.9,44.9,No,No,75.88,1,Critical,34.07,P3 - Medium,Offer annual contract incentive
3199-XGZCY,8,Month-to-month,Fiber optic,Electronic check,75.25,576.7,No,No,84.45,1,Critical,63.55,P2 - High,Offer annual contract incentive
3785-KTYSH,53,Two year,No,Mailed check,24.6,1279.0,No internet service,No internet service,8.73,0,Low,2.15,P4 - Monitor,Standard retention campaign
6814-ZPWFQ,51,One year,No,Bank transfer (automatic),25.0,1260.7,No internet service,No internet service,14.8,0,Low,3.7,P4 - Monitor,Standard retention campaign
4063-EIKNQ,11,Month-to-month,No,Bank transfer (automatic),20.95,267.35,No internet service,No internet service,16.53,0,Low,3.46,P4 - Monitor,Offer annual contract incentive
6993-YCOBK,60,Two year,Fiber optic,Electronic check,110.6,6586.85,Yes,Yes,7.09,0,Low,7.84,P4 - Monitor,Promote automatic payment
5206-HPJKM,17,Month-to-month,DSL,Credit card (automatic),55.5,934.15,No,Yes,43.41,0,Medium,24.09,P4 - Monitor,Offer annual contract incentive
8393-JMVMB,1,Month-to-month,No,Mailed check,19.45,19.45,No internet service,No internet service,52.6,1,High,10.23,P3 - Medium,Offer annual contract incentive
5019-GQVCR,43,Month-to-month,Fiber optic,Electronic check,84.85,3645.6,No,No,77.01,1,Critical,65.34,P2 - High,Offer annual contract incentive
6036-TTFYU,16,Month-to-month,No,Mailed check,19.6,314.45,No internet service,No internet service,35.21,0,Medium,6.9,P4 - Monitor,Offer annual contract incentive
2550-AEVRU,57,One year,DSL,Electronic check,53.45,3053.0,No,Yes,5.49,0,Low,2.93,P4 - Monitor,Offer Tech Support trial/bundle
0969-RGKCU,37,One year,No,Credit card (automatic),19.8,677.05,No internet service,No internet service,0.91,0,Low,0.18,P4 - Monitor,Standard retention campaign
0378-CJKPV,72,Two year,Fiber optic,Credit card (automatic),112.1,7965.95,Yes,Yes,13.61,0,Low,15.26,P4 - Monitor,Review Fiber pricing/service quality
2880-FPNAE,2,Month-to-month,Fiber optic,Electronic check,74.2,140.1,No,No,84.26,1,Critical,62.52,P2 - High,Offer annual contract incentive
1703-MGIAB,17,Month-to-month,DSL,Mailed check,69.0,1108.0,Yes,No,41.71,0,Medium,28.78,P4 - Monitor,Offer annual contract incentive
4311-QTTAI,16,One year,No,Credit card (automatic),19.35,295.55,No internet service,No internet service,8.6,0,Low,1.66,P4 - Monitor,Standard retention campaign
4318-RAJVY,10,One year,No,Mailed check,19.8,198.25,No internet service,No internet service,10.72,0,Low,2.12,P4 - Monitor,Standard retention campaign
3612-YUNGG,64,Two year,Fiber optic,Credit card (automatic),109.2,6741.15,Yes,No,6.21,0,Low,6.78,P4 - Monitor,Offer Online Security bundle
2254-DLXRI,1,Month-to-month,Fiber optic,Mailed check,79.15,79.15,No,No,86.97,1,Critical,68.84,P2 - High,Offer annual contract incentive
5062-CJJKH,25,One year,DSL,Mailed check,53.65,1355.45,No,No,8.24,0,Low,4.42,P4 - Monitor,Offer Tech Support trial/bundle
9028-LIHRP,71,Two year,Fiber optic,Credit card (automatic),100.2,7209.0,Yes,Yes,2.28,0,Low,2.28,P4 - Monitor,Review Fiber pricing/service quality
1053-MXTTK,72,Two year,Fiber optic,Bank transfer (automatic),108.65,7726.35,Yes,Yes,2.76,0,Low,3.0,P4 - Monitor,Review Fiber pricing/service quality
1530-ZTDOZ,49,Month-to-month,DSL,Bank transfer (automatic),40.65,2070.75,No,Yes,35.9,0,Medium,14.59,P4 - Monitor,Offer annual contract incentive
1301-LOPVR,29,One year,DSL,Credit card (automatic),55.35,1636.95,Yes,Yes,4.62,0,Low,2.56,P4 - Monitor,Standard retention campaign
0853-TWRVK,72,Two year,Fiber optic,Bank transfer (automatic),105.6,7581.5,Yes,Yes,19.72,0,Low,20.82,P4 - Monitor,Review Fiber pricing/service quality
6212-ATMLK,50,Month-to-month,Fiber optic,Electronic check,95.7,4729.75,No,No,78.59,1,Critical,75.21,P1 - Immediate,Offer annual contract incentive
8200-LGKSR,71,Two year,DSL,Electronic check,83.2,6126.1,Yes,Yes,13.88,0,Low,11.55,P4 - Monitor,Promote automatic payment
1568-BEKZM,70,Two year,DSL,Credit card (automatic),90.05,6333.4,Yes,Yes,12.15,0,Low,10.94,P4 - Monitor,Standard retention campaign
0670-ANMUU,71,One year,Fiber optic,Credit card (automatic),97.65,6687.85,Yes,Yes,32.39,0,Medium,31.63,P4 - Monitor,Review Fiber pricing/service quality
6897-RWMUB,61,Two year,DSL,Bank transfer (automatic),68.05,4158.25,Yes,Yes,0.94,0,Low,0.64,P4 - Monitor,Standard retention campaign
6999-CHVCF,68,Two year,Fiber optic,Bank transfer (automatic),102.1,7149.35,No,Yes,22.76,0,Low,23.24,P4 - Monitor,Offer Tech Support trial/bundle
6134-KWTBV,62,Two year,No,Bank transfer (automatic),23.4,1429.65,No internet service,No internet service,4.08,0,Low,0.95,P4 - Monitor,Standard retention campaign
1077-HUUJM,7,Month-to-month,Fiber optic,Electronic check,71.05,472.65,No,No,68.7,1,High,48.81,P3 - Medium,Offer annual contract incentive
0895-LNKRC,6,One year,No,Mailed check,19.45,113.5,No internet service,No internet service,3.24,0,Low,0.63,P4 - Monitor,Standard retention campaign
2045-BMBTJ,33,Month-to-month,DSL,Bank transfer (automatic),59.45,1884.65,No,Yes,45.25,0,Medium,26.9,P4 - Monitor,Offer annual contract incentive
8417-GSODA,28,One year,Fiber optic,Bank transfer (automatic),92.2,2568.15,No,No,8.47,0,Low,7.81,P4 - Monitor,Offer Tech Support trial/bundle
5171-EPLKN,27,Two year,No,Credit card (automatic),19.85,470.0,No internet service,No internet service,4.36,0,Low,0.87,P4 - Monitor,Standard retention campaign
4452-QIIEB,7,Month-to-month,DSL,Mailed check,43.9,278.4,No,No,65.68,1,High,28.83,P3 - Medium,Offer annual contract incentive
6741-EGCBI,30,Month-to-month,Fiber optic,Credit card (automatic),90.5,2595.85,No,Yes,61.93,1,High,56.05,P2 - High,Offer annual contract incentive
7820-ZYGNY,63,One year,Fiber optic,Credit card (automatic),90.45,5825.5,No,No,34.98,0,Medium,31.64,P4 - Monitor,Offer Tech Support trial/bundle
9677-AVKED,53,One year,DSL,Electronic check,84.6,4449.75,Yes,No,7.43,0,Low,6.29,P4 - Monitor,Offer Online Security bundle
2227-JRSJX,21,Month-to-month,Fiber optic,Bank transfer (automatic),99.15,1956.4,Yes,No,63.07,1,High,62.53,P2 - High,Offer annual contract incentive
9847-HNVGP,17,One year,No,Mailed check,19.95,310.6,No internet service,No internet service,6.53,0,Low,1.3,P4 - Monitor,Standard retention campaign
6696-YDAYZ,16,Two year,No,Mailed check,20.5,290.55,No internet service,No internet service,1.54,0,Low,0.32,P4 - Monitor,Standard retention campaign
8980-WQFWL,35,Month-to-month,DSL,Electronic check,62.1,2096.1,No,No,48.37,0,Medium,30.04,P4 - Monitor,Offer annual contract incentive
1730-ZMAME,32,Month-to-month,Fiber optic,Electronic check,79.5,2665.0,No,No,72.68,1,High,57.78,P2 - High,Offer annual contract incentive
6506-EYCNH,28,Month-to-month,No,Bank transfer (automatic),19.55,543.8,No internet service,No internet service,13.83,0,Low,2.7,P4 - Monitor,Offer annual contract incentive
4634-JLRJT,1,Month-to-month,No,Mailed check,20.35,20.35,No internet service,No internet service,60.93,1,High,12.4,P3 - Medium,Offer annual contract incentive
9501-UKKNL,59,Month-to-month,DSL,Electronic check,51.7,3005.8,Yes,No,40.12,0,Medium,20.74,P4 - Monitor,Offer annual contract incentive
2560-QTSBS,72,One year,No,Bank transfer (automatic),23.3,1623.15,No internet service,No internet service,2.15,0,Low,0.5,P4 - Monitor,Standard retention campaign
4795-WRNVT,40,Month-to-month,DSL,Mailed check,65.1,2586.0,No,Yes,29.93,0,Medium,19.48,P4 - Monitor,Offer annual contract incentive
6080-TCMYC,40,Month-to-month,Fiber optic,Electronic check,81.2,3292.3,No,No,19.32,0,Low,15.69,P4 - Monitor,Offer annual contract incentive
7860-UXCRM,63,Two year,DSL,Credit card (automatic),74.5,4674.55,Yes,Yes,1.63,0,Low,1.21,P4 - Monitor,Standard retention campaign
6357-JJPQT,3,Month-to-month,Fiber optic,Electronic check,80.5,232.35,No,No,87.84,1,Critical,70.71,P2 - High,Offer annual contract incentive
2292-XQWSV,40,One year,DSL,Mailed check,60.3,2448.5,Yes,No,5.47,0,Low,3.3,P4 - Monitor,Offer Online Security bundle
9552-TGUZV,8,Month-to-month,Fiber optic,Mailed check,75.0,658.1,No,Yes,64.95,1,High,48.71,P3 - Medium,Offer annual contract incentive
5913-INRQV,34,One year,Fiber optic,Mailed check,90.15,3128.8,Yes,Yes,26.96,0,Medium,24.3,P4 - Monitor,Review Fiber pricing/service quality
9643-YBLUR,9,Month-to-month,DSL,Credit card (automatic),69.05,653.95,No,No,50.03,1,High,34.55,P3 - Medium,Offer annual contract incentive
8734-FNWVH,31,Month-to-month,DSL,Bank transfer (automatic),59.7,1825.5,No,No,16.94,0,Low,10.11,P4 - Monitor,Offer annual contract incentive
9447-YPTBX,50,One year,No,Bank transfer (automatic),19.85,943.1,No internet service,No internet service,8.93,0,Low,1.77,P4 - Monitor,Standard retention campaign
9026-LHEVG,9,Month-to-month,DSL,Electronic check,40.75,359.4,No,No,59.64,1,High,24.3,P3 - Medium,Offer annual contract incentive
7011-CVEUC,25,Month-to-month,Fiber optic,Credit card (automatic),95.7,2338.35,Yes,No,59.58,1,High,57.02,P2 - High,Offer annual contract incentive
6185-TASNN,1,Month-to-month,DSL,Electronic check,46.3,46.3,No,No,81.53,1,Critical,37.75,P3 - Medium,Offer annual contract incentive
7925-PNRGI,45,Month-to-month,DSL,Mailed check,81.3,3541.1,Yes,Yes,12.32,0,Low,10.02,P4 - Monitor,Offer annual contract incentive
1552-CZCLL,55,Month-to-month,No,Credit card (automatic),20.0,1087.25,No internet service,No internet service,13.02,0,Low,2.6,P4 - Monitor,Offer annual contract incentive
3038-PQIUY,38,Month-to-month,DSL,Bank transfer (automatic),66.15,2522.4,No,Yes,31.15,0,Medium,20.61,P4 - Monitor,Offer annual contract incentive
9313-CDOGY,38,Month-to-month,No,Electronic check,19.6,717.3,No internet service,No internet service,13.64,0,Low,2.67,P4 - Monitor,Offer annual contract incentive
8148-BPLZQ,34,Month-to-month,DSL,Electronic check,49.8,1734.2,No,No,47.39,0,Medium,23.6,P4 - Monitor,Offer annual contract incentive
2623-DRYAM,70,One year,Fiber optic,Electronic check,101.75,7069.3,No,No,49.67,0,Medium,50.54,P4 - Monitor,Offer Tech Support trial/bundle
9987-LUTYD,13,One year,DSL,Mailed check,55.15,742.9,Yes,Yes,17.49,0,Low,9.65,P4 - Monitor,Standard retention campaign
4488-KQFDT,61,One year,Fiber optic,Electronic check,103.95,6423.0,No,No,55.75,1,High,57.95,P2 - High,Offer Tech Support trial/bundle
5693-PIPCS,41,Two year,Fiber optic,Credit card (automatic),99.65,4220.35,Yes,No,25.26,0,Medium,25.17,P4 - Monitor,Offer Online Security bundle
0491-KAPQG,21,Month-to-month,Fiber optic,Electronic check,73.7,1558.7,No,No,76.69,1,Critical,56.52,P2 - High,Offer annual contract incentive
1925-LFCZZ,55,One year,DSL,Bank transfer (automatic),50.05,2743.45,No,No,35.71,0,Medium,17.87,P4 - Monitor,Offer Tech Support trial/bundle
8039-EQPIM,69,Two year,DSL,Bank transfer (automatic),60.25,4055.5,Yes,Yes,5.92,0,Low,3.57,P4 - Monitor,Standard retention campaign
8707-RMEZH,69,One year,Fiber optic,Credit card (automatic),87.3,6055.55,No,Yes,29.98,0,Medium,26.17,P4 - Monitor,Offer Tech Support trial/bundle
3209-ZPKFI,47,Month-to-month,DSL,Electronic check,54.25,2538.2,No,No,20.12,0,Low,10.92,P4 - Monitor,Offer annual contract incentive
6479-VDGRK,72,Two year,DSL,Bank transfer (automatic),85.3,6129.2,Yes,Yes,0.82,0,Low,0.7,P4 - Monitor,Standard retention campaign
9373-WSLOY,33,Month-to-month,DSL,Electronic check,50.0,1750.85,Yes,No,39.82,0,Medium,19.91,P4 - Monitor,Offer annual contract incentive
3569-JFODW,72,Two year,DSL,Credit card (automatic),90.95,6652.45,Yes,Yes,2.04,0,Low,1.86,P4 - Monitor,Standard retention campaign
9819-FBNSV,37,Month-to-month,Fiber optic,Bank transfer (automatic),72.25,2575.45,No,No,65.16,1,High,47.08,P3 - Medium,Offer annual contract incentive
9544-PYPSJ,62,Month-to-month,Fiber optic,Credit card (automatic),96.1,6019.35,No,No,19.1,0,Low,18.36,P4 - Monitor,Offer annual contract incentive
1591-XWLGB,71,Two year,No,Credit card (automatic),19.85,1379.6,No internet service,No internet service,2.24,0,Low,0.44,P4 - Monitor,Standard retention campaign
0396-UKGAI,23,Month-to-month,DSL,Bank transfer (automatic),55.3,1284.2,Yes,No,15.85,0,Low,8.77,P4 - Monitor,Offer annual contract incentive
3243-ZHOHY,16,One year,No,Mailed check,20.1,296.15,No internet service,No internet service,8.23,0,Low,1.65,P4 - Monitor,Standard retention campaign
5186-EJEGL,9,Month-to-month,DSL,Mailed check,69.5,653.25,Yes,Yes,41.92,0,Medium,29.13,P4 - Monitor,Offer annual contract incentive
7527-QNRUS,17,Two year,No,Mailed check,25.15,412.6,No internet service,No internet service,5.23,0,Low,1.32,P4 - Monitor,Standard retention campaign
2203-GHNWN,24,Month-to-month,Fiber optic,Mailed check,79.65,1928.7,No,No,68.86,1,High,54.85,P2 - High,Offer annual contract incentive
3878-AVSOQ,1,Month-to-month,Fiber optic,Electronic check,71.25,71.25,No,No,88.8,1,Critical,63.27,P2 - High,Offer annual contract incentive
3258-SYSWS,72,Two year,Fiber optic,Bank transfer (automatic),113.8,7845.8,Yes,Yes,15.73,0,Low,17.9,P4 - Monitor,Review Fiber pricing/service quality
5296-PSYVW,72,Two year,No,Electronic check,24.55,1750.7,No internet service,No internet service,4.04,0,Low,0.99,P4 - Monitor,Promote automatic payment
6319-QSUSR,11,Month-to-month,No,Credit card (automatic),19.7,216.2,No internet service,No internet service,24.14,0,Low,4.76,P4 - Monitor,Offer annual contract incentive
0512-FLFDW,60,One year,Fiber optic,Credit card (automatic),100.5,6029.0,No,No,45.74,0,Medium,45.97,P4 - Monitor,Offer Tech Support trial/bundle
0487-CRLZF,49,Two year,DSL,Bank transfer (automatic),74.45,3721.9,Yes,No,8.23,0,Low,6.13,P4 - Monitor,Offer Online Security bundle
2107-FBPTK,30,Month-to-month,Fiber optic,Electronic check,104.1,3121.1,No,No,77.98,1,Critical,81.18,P1 - Immediate,Offer annual contract incentive
9451-WLYRI,53,One year,No,Credit card (automatic),19.05,990.45,No internet service,No internet service,8.04,0,Low,1.53,P4 - Monitor,Standard retention campaign
8219-VYBVI,39,Two year,No,Mailed check,25.0,1004.35,No internet service,No internet service,2.24,0,Low,0.56,P4 - Monitor,Standard retention campaign
1991-VOPLL,9,Month-to-month,No,Mailed check,19.05,157.65,No internet service,No internet service,29.57,0,Medium,5.63,P4 - Monitor,Offer annual contract incentive
9738-QLWTP,39,One year,Fiber optic,Electronic check,81.9,3219.75,Yes,No,29.88,0,Medium,24.47,P4 - Monitor,Offer Online Security bundle
1016-DJTSV,8,Month-to-month,Fiber optic,Electronic check,69.7,572.85,No,No,80.58,1,Critical,56.16,P2 - High,Offer annual contract incentive
9419-IPPBE,51,One year,Fiber optic,Electronic check,90.15,4554.85,No,No,9.2,0,Low,8.29,P4 - Monitor,Offer Tech Support trial/bundle
0174-QRVVY,71,Two year,No,Credit card (automatic),25.35,1847.55,No internet service,No internet service,0.54,0,Low,0.14,P4 - Monitor,Standard retention campaign
5699-BNCAS,71,Two year,No,Mailed check,24.65,1766.75,No internet service,No internet service,4.62,0,Low,1.14,P4 - Monitor,Standard retention campaign
2900-PHPLN,70,Two year,No,Credit card (automatic),19.55,1462.05,No internet service,No internet service,3.35,0,Low,0.65,P4 - Monitor,Standard retention campaign
8106-GWQOK,38,Two year,DSL,Bank transfer (automatic),60.0,2193.2,Yes,Yes,6.31,0,Low,3.79,P4 - Monitor,Standard retention campaign
8751-EDEKA,28,Month-to-month,Fiber optic,Credit card (automatic),89.9,2433.5,No,No,61.25,1,High,55.06,P2 - High,Offer annual contract incentive
6878-GGDWG,32,Month-to-month,No,Bank transfer (automatic),19.4,641.15,No internet service,No internet service,28.94,0,Medium,5.61,P4 - Monitor,Offer annual contract incentive
4039-PIMHX,49,Two year,DSL,Mailed check,49.8,2398.4,No,No,19.87,0,Low,9.9,P4 - Monitor,Offer Tech Support trial/bundle
8450-LUGUK,37,Two year,No,Bank transfer (automatic),24.1,861.85,No internet service,No internet service,1.11,0,Low,0.27,P4 - Monitor,Standard retention campaign
3604-WLABM,10,Month-to-month,DSL,Electronic check,54.25,583.0,Yes,No,50.34,1,High,27.31,P3 - Medium,Offer annual contract incentive
0795-GMVQO,67,One year,Fiber optic,Credit card (automatic),109.9,7332.4,No,Yes,39.29,0,Medium,43.18,P4 - Monitor,Offer Tech Support trial/bundle
2259-OUUSZ,7,One year,DSL,Credit card (automatic),35.5,249.55,Yes,No,37.45,0,Medium,13.29,P4 - Monitor,Offer Online Security bundle
1142-IHLOO,51,One year,Fiber optic,Credit card (automatic),87.55,4475.9,No,No,40.85,0,Medium,35.76,P4 - Monitor,Offer Tech Support trial/bundle
4633-MKHYU,9,Month-to-month,Fiber optic,Mailed check,88.4,788.6,No,No,86.35,1,Critical,76.33,P1 - Immediate,Offer annual contract incentive
6257-RJOHI,4,Month-to-month,DSL,Mailed check,50.8,202.3,Yes,No,62.06,1,High,31.53,P3 - Medium,Offer annual contract incentive
1545-JFUML,71,Two year,Fiber optic,Electronic check,99.0,6994.6,No,Yes,21.9,0,Low,21.68,P4 - Monitor,Offer Tech Support trial/bundle
7826-VVKWT,24,Two year,Fiber optic,Electronic check,96.55,2263.45,No,No,17.51,0,Low,16.91,P4 - Monitor,Offer Tech Support trial/bundle
1353-GHZOS,22,One year,DSL,Bank transfer (automatic),59.75,1374.35,No,Yes,21.22,0,Low,12.68,P4 - Monitor,Offer Tech Support trial/bundle
2587-EKXTS,44,Month-to-month,Fiber optic,Electronic check,111.5,4915.15,No,Yes,56.56,1,High,63.06,P2 - High,Offer annual contract incentive
5442-BXVND,33,Month-to-month,No,Bank transfer (automatic),24.25,838.5,No internet service,No internet service,14.95,0,Low,3.63,P4 - Monitor,Offer annual contract incentive
9753-OYLBX,1,Month-to-month,No,Mailed check,20.5,20.5,No internet service,No internet service,53.15,1,High,10.9,P3 - Medium,Offer annual contract incentive
2364-UFROM,30,One year,DSL,Electronic check,70.4,2044.75,Yes,Yes,21.47,0,Low,15.11,P4 - Monitor,Promote automatic payment
6656-JWRQX,1,Month-to-month,DSL,Mailed check,30.55,30.55,Yes,No,66.2,1,High,20.22,P3 - Medium,Offer annual contract incentive
6473-ULUHT,16,Month-to-month,DSL,Electronic check,84.9,1398.25,Yes,Yes,19.94,0,Low,16.93,P4 - Monitor,Offer annual contract incentive
7688-AWMDX,71,Two year,DSL,Bank transfer (automatic),54.5,3778.2,Yes,Yes,5.97,0,Low,3.25,P4 - Monitor,Standard retention campaign
2842-BCQGE,43,Month-to-month,Fiber optic,Credit card (automatic),75.35,3161.4,No,No,67.74,1,High,51.04,P2 - High,Offer annual contract incentive
7244-QWYHG,50,One year,DSL,Bank transfer (automatic),44.45,2188.45,Yes,Yes,12.49,0,Low,5.55,P4 - Monitor,Standard retention campaign
5312-UXESG,41,Month-to-month,Fiber optic,Bank transfer (automatic),98.05,3990.6,No,No,64.43,1,High,63.17,P2 - High,Offer annual contract incentive
2150-WLKUW,40,One year,DSL,Bank transfer (automatic),63.9,2635.0,No,No,18.84,0,Low,12.04,P4 - Monitor,Offer Tech Support trial/bundle
7159-FVYPK,3,Month-to-month,DSL,Bank transfer (automatic),69.15,235.0,No,No,36.97,0,Medium,25.56,P4 - Monitor,Offer annual contract incentive
7032-LMBHI,37,One year,DSL,Bank transfer (automatic),64.65,2347.85,No,Yes,11.53,0,Low,7.45,P4 - Monitor,Offer Tech Support trial/bundle
6088-BXMRG,32,Month-to-month,Fiber optic,Electronic check,98.85,3089.6,No,No,25.96,0,Medium,25.66,P4 - Monitor,Offer annual contract incentive
4821-SJHJV,32,Month-to-month,Fiber optic,Electronic check,89.6,2901.8,No,Yes,19.67,0,Low,17.62,P4 - Monitor,Offer annual contract incentive
7346-MEDWM,59,Month-to-month,Fiber optic,Electronic check,83.25,4949.1,No,No,66.39,1,High,55.27,P2 - High,Offer annual contract incentive
1137-DGOWI,30,One year,DSL,Bank transfer (automatic),70.25,2198.9,Yes,No,17.57,0,Low,12.34,P4 - Monitor,Offer Online Security bundle
3812-LRZIR,27,Two year,No,Electronic check,24.5,761.95,No internet service,No internet service,2.87,0,Low,0.7,P4 - Monitor,Promote automatic payment
9483-GCPWE,9,One year,No,Mailed check,20.1,190.25,No internet service,No internet service,3.52,0,Low,0.71,P4 - Monitor,Standard retention campaign
4227-OJHAL,68,One year,DSL,Credit card (automatic),73.0,5163.0,No,Yes,4.16,0,Low,3.04,P4 - Monitor,Offer Tech Support trial/bundle
9220-CXRSC,69,Two year,DSL,Credit card (automatic),61.4,4059.85,Yes,Yes,3.91,0,Low,2.4,P4 - Monitor,Standard retention campaign
4993-JCRGJ,26,Month-to-month,Fiber optic,Mailed check,84.3,2281.6,Yes,No,56.35,1,High,47.5,P3 - Medium,Offer annual contract incentive
9537-JALFH,69,Two year,No,Bank transfer (automatic),19.9,1356.7,No internet service,No internet service,0.93,0,Low,0.19,P4 - Monitor,Standard retention campaign
6698-OXETB,11,Two year,No,Mailed check,20.4,231.45,No internet service,No internet service,6.95,0,Low,1.42,P4 - Monitor,Standard retention campaign
2103-ZRXFN,1,Month-to-month,DSL,Mailed check,50.75,50.75,No,No,77.83,1,Critical,39.5,P3 - Medium,Offer annual contract incentive
3724-BSCVH,10,One year,No,Mailed check,20.45,242.4,No internet service,No internet service,3.43,0,Low,0.7,P4 - Monitor,Standard retention campaign
4877-TSOFF,55,One year,DSL,Bank transfer (automatic),75.75,4264.25,Yes,Yes,3.93,0,Low,2.98,P4 - Monitor,Standard retention campaign
9209-NWPGU,44,One year,DSL,Electronic check,65.4,2774.55,Yes,Yes,21.28,0,Low,13.92,P4 - Monitor,Promote automatic payment
7306-YDSOI,69,Two year,DSL,Bank transfer (automatic),59.75,4069.9,No,Yes,1.82,0,Low,1.09,P4 - Monitor,Offer Tech Support trial/bundle
5288-AHOUP,11,Month-to-month,Fiber optic,Electronic check,78.5,874.2,No,No,81.96,1,Critical,64.34,P2 - High,Offer annual contract incentive
0655-YDGFJ,29,Month-to-month,DSL,Bank transfer (automatic),48.95,1323.7,No,No,37.83,0,Medium,18.52,P4 - Monitor,Offer annual contract incentive
8468-EHYJA,57,Month-to-month,Fiber optic,Electronic check,99.65,5497.05,No,Yes,61.92,1,High,61.7,P2 - High,Offer annual contract incentive
6823-SIDFQ,28,One year,No,Credit card (automatic),18.25,534.7,No internet service,No internet service,4.26,0,Low,0.78,P4 - Monitor,Standard retention campaign
1097-FSPVW,42,Month-to-month,DSL,Credit card (automatic),54.55,2455.05,No,Yes,32.22,0,Medium,17.58,P4 - Monitor,Offer annual contract incentive
8328-SKJNO,23,One year,DSL,Bank transfer (automatic),40.65,947.4,Yes,Yes,6.04,0,Low,2.46,P4 - Monitor,Standard retention campaign
7010-ZMVBF,18,Month-to-month,No,Mailed check,20.45,357.0,No internet service,No internet service,12.9,0,Low,2.64,P4 - Monitor,Offer annual contract incentive
5201-CBWYG,62,One year,No,Bank transfer (automatic),24.8,1476.25,No internet service,No internet service,3.66,0,Low,0.91,P4 - Monitor,Standard retention campaign
6352-GIGGQ,67,One year,DSL,Bank transfer (automatic),88.8,5903.15,Yes,Yes,25.64,0,Medium,22.77,P4 - Monitor,Standard retention campaign
3635-QQRQD,62,Two year,No,Credit card (automatic),20.05,1201.65,No internet service,No internet service,3.67,0,Low,0.74,P4 - Monitor,Standard retention campaign
2897-DOVND,2,Month-to-month,Fiber optic,Electronic check,69.8,146.65,No,No,84.17,1,Critical,58.75,P2 - High,Offer annual contract incentive
3082-YVEKW,23,Two year,DSL,Bank transfer (automatic),77.15,1759.4,Yes,Yes,3.2,0,Low,2.47,P4 - Monitor,Standard retention campaign
0191-EQUUH,25,Two year,DSL,Bank transfer (automatic),35.05,844.45,Yes,Yes,8.77,0,Low,3.07,P4 - Monitor,Standard retention campaign
7134-HBPBS,72,Two year,Fiber optic,Bank transfer (automatic),108.1,7774.05,Yes,No,22.7,0,Low,24.54,P4 - Monitor,Offer Online Security bundle
3489-HHPFY,2,Month-to-month,Fiber optic,Electronic check,84.05,134.05,No,No,89.48,1,Critical,75.21,P1 - Immediate,Offer annual contract incentive
2926-JEJJC,8,One year,No,Bank transfer (automatic),20.2,140.95,No internet service,No internet service,14.93,0,Low,3.02,P4 - Monitor,Standard retention campaign
4950-BDEUX,35,Month-to-month,DSL,Electronic check,49.2,1701.65,No,No,52.29,1,High,25.73,P3 - Medium,Offer annual contract incentive
5789-LDFXO,24,One year,No,Electronic check,24.6,592.65,No internet service,No internet service,15.81,0,Low,3.89,P4 - Monitor,Promote automatic payment
0508-OOLTO,2,Month-to-month,Fiber optic,Electronic check,71.65,135.75,No,No,62.25,1,High,44.6,P3 - Medium,Offer annual contract incentive
2984-TBYKU,72,Two year,Fiber optic,Credit card (automatic),104.9,7732.65,Yes,Yes,2.89,0,Low,3.03,P4 - Monitor,Review Fiber pricing/service quality
9822-WMWVG,41,Month-to-month,Fiber optic,Electronic check,106.5,4282.4,Yes,Yes,53.12,1,High,56.57,P2 - High,Offer annual contract incentive
9040-KZVWO,26,One year,Fiber optic,Bank transfer (automatic),75.5,2018.1,No,No,26.88,0,Medium,20.29,P4 - Monitor,Offer Tech Support trial/bundle
1548-ARAGG,4,Month-to-month,DSL,Mailed check,58.5,224.85,Yes,No,29.48,0,Medium,17.25,P4 - Monitor,Offer annual contract incentive
6339-RZCBJ,48,Two year,DSL,Credit card (automatic),78.9,3771.5,Yes,No,6.75,0,Low,5.33,P4 - Monitor,Offer Online Security bundle
4415-WNGVR,12,One year,DSL,Electronic check,79.2,943.85,Yes,Yes,39.46,0,Medium,31.25,P4 - Monitor,Promote automatic payment
2522-AHJXR,60,Month-to-month,Fiber optic,Bank transfer (automatic),109.45,6572.85,Yes,Yes,48.93,0,Medium,53.55,P4 - Monitor,Offer annual contract incentive
0412-UCCNP,55,Two year,DSL,Electronic check,59.2,3175.85,Yes,Yes,12.97,0,Low,7.68,P4 - Monitor,Promote automatic payment
1816-FLZDK,1,Month-to-month,DSL,Mailed check,29.15,29.15,Yes,No,65.18,1,High,19.0,P3 - Medium,Offer annual contract incentive
7096-UCLNH,1,Month-to-month,No,Mailed check,20.05,20.05,No internet service,No internet service,54.51,1,High,10.93,P3 - Medium,Offer annual contract incentive
4615-PIVVU,42,Two year,DSL,Credit card (automatic),66.5,2762.75,Yes,No,13.25,0,Low,8.81,P4 - Monitor,Offer Online Security bundle
8885-QSQBX,1,Month-to-month,DSL,Bank transfer (automatic),49.55,49.55,No,Yes,58.74,1,High,29.11,P3 - Medium,Offer annual contract incentive
8617-ENBDS,3,Month-to-month,Fiber optic,Credit card (automatic),73.6,232.5,No,No,79.82,1,Critical,58.75,P2 - High,Offer annual contract incentive
9385-NXKDA,72,Two year,DSL,Credit card (automatic),82.65,5919.35,No,Yes,7.65,0,Low,6.32,P4 - Monitor,Offer Tech Support trial/bundle
0430-IHCDJ,15,Month-to-month,DSL,Electronic check,49.0,749.25,No,No,66.21,1,High,32.44,P3 - Medium,Offer annual contract incentive
6674-KVJHG,11,One year,No,Electronic check,25.2,245.15,No internet service,No internet service,15.54,0,Low,3.92,P4 - Monitor,Promote automatic payment
1814-DKOLC,5,Month-to-month,No,Mailed check,25.45,134.75,No internet service,No internet service,28.77,0,Medium,7.32,P4 - Monitor,Offer annual contract incentive
9351-HXDMR,72,Two year,Fiber optic,Credit card (automatic),110.9,8240.85,Yes,Yes,22.12,0,Low,24.53,P4 - Monitor,Review Fiber pricing/service quality
3537-HPKQT,55,Month-to-month,Fiber optic,Credit card (automatic),77.75,4266.4,No,No,64.23,1,High,49.94,P3 - Medium,Offer annual contract incentive
2129-ALKBS,40,Month-to-month,No,Electronic check,26.2,1077.5,No internet service,No internet service,16.95,0,Low,4.44,P4 - Monitor,Offer annual contract incentive
5821-MMEIL,57,Two year,No,Bank transfer (automatic),19.9,1115.6,No internet service,No internet service,4.84,0,Low,0.96,P4 - Monitor,Standard retention campaign
1309-XGFSN,52,One year,DSL,Electronic check,80.85,4079.55,No,No,9.14,0,Low,7.39,P4 - Monitor,Offer Tech Support trial/bundle
6968-URWQU,43,One year,DSL,Mailed check,56.35,2391.15,No,No,28.4,0,Medium,16.0,P4 - Monitor,Offer Tech Support trial/bundle
4742-TXUEX,47,Two year,No,Bank transfer (automatic),19.3,890.5,No internet service,No internet service,1.18,0,Low,0.23,P4 - Monitor,Standard retention campaign
9631-XEYKE,3,Month-to-month,DSL,Bank transfer (automatic),50.4,137.25,No,No,72.85,1,High,36.72,P3 - Medium,Offer annual contract incentive
1335-MXCSE,55,Two year,DSL,Credit card (automatic),55.25,3119.9,Yes,No,5.09,0,Low,2.81,P4 - Monitor,Offer Online Security bundle
8873-TMKGR,29,One year,No,Mailed check,19.1,529.5,No internet service,No internet service,4.47,0,Low,0.85,P4 - Monitor,Standard retention campaign
8800-JOOCF,12,Month-to-month,Fiber optic,Electronic check,84.05,966.55,No,No,58.96,1,High,49.56,P3 - Medium,Offer annual contract incentive
1469-LBJQJ,66,Month-to-month,Fiber optic,Electronic check,105.2,6936.85,No,No,72.39,1,High,76.15,P2 - High,Offer annual contract incentive
0064-YIJGF,27,Month-to-month,Fiber optic,Bank transfer (automatic),75.75,1929.0,No,No,23.02,0,Low,17.44,P4 - Monitor,Offer annual contract incentive
2386-OWURY,58,Month-to-month,Fiber optic,Electronic check,95.3,5817.7,Yes,No,59.07,1,High,56.29,P2 - High,Offer annual contract incentive
0310-VQXAM,9,Month-to-month,No,Mailed check,19.85,178.8,No internet service,No internet service,30.16,0,Medium,5.99,P4 - Monitor,Offer annual contract incentive
3453-RTHJQ,6,Month-to-month,Fiber optic,Electronic check,69.1,435.0,No,No,80.98,1,Critical,55.96,P2 - High,Offer annual contract incentive
6278-FEPBZ,9,Month-to-month,No,Mailed check,20.25,186.15,No internet service,No internet service,30.07,0,Medium,6.09,P4 - Monitor,Offer annual contract incentive
4280-DLSHD,8,Month-to-month,DSL,Mailed check,54.75,445.85,No,No,44.94,0,Medium,24.6,P4 - Monitor,Offer annual contract incentive
1508-DFXCU,12,Month-to-month,Fiber optic,Electronic check,81.45,912.0,No,No,83.4,1,Critical,67.93,P2 - High,Offer annual contract incentive
7868-BGSZA,43,One year,DSL,Electronic check,80.2,3581.6,No,Yes,34.76,0,Medium,27.88,P4 - Monitor,Offer Tech Support trial/bundle
2800-QQUSO,42,Month-to-month,Fiber optic,Electronic check,100.3,4222.95,Yes,No,71.82,1,High,72.04,P2 - High,Offer annual contract incentive
7973-DZRKH,66,Two year,Fiber optic,Credit card (automatic),90.95,5930.05,Yes,Yes,5.11,0,Low,4.65,P4 - Monitor,Review Fiber pricing/service quality
7698-YFGEZ,1,Month-to-month,No,Mailed check,20.0,20.0,No internet service,No internet service,54.47,1,High,10.89,P3 - Medium,Offer annual contract incentive
9773-PEQBZ,10,Month-to-month,Fiber optic,Electronic check,79.85,797.25,No,No,77.07,1,Critical,61.54,P2 - High,Offer annual contract incentive
0650-BWOZN,18,Month-to-month,Fiber optic,Electronic check,73.55,1359.45,No,No,75.19,1,Critical,55.3,P2 - High,Offer annual contract incentive
7785-RDVIG,3,Month-to-month,No,Mailed check,19.3,54.7,No internet service,No internet service,20.3,0,Low,3.92,P4 - Monitor,Offer annual contract incentive
9602-WCXPI,50,One year,No,Credit card (automatic),20.15,989.05,No internet service,No internet service,4.3,0,Low,0.87,P4 - Monitor,Standard retention campaign
2903-YYTBW,1,Month-to-month,DSL,Electronic check,44.55,44.55,No,No,62.82,1,High,27.99,P3 - Medium,Offer annual contract incentive
3620-MWJNE,2,Month-to-month,DSL,Mailed check,54.45,87.3,Yes,Yes,58.12,1,High,31.65,P3 - Medium,Offer annual contract incentive
8573-JGCZW,17,One year,No,Bank transfer (automatic),19.65,351.55,No internet service,No internet service,8.93,0,Low,1.75,P4 - Monitor,Standard retention campaign
6837-HAEVO,69,Two year,Fiber optic,Electronic check,105.0,7297.75,No,No,10.48,0,Low,11.0,P4 - Monitor,Offer Tech Support trial/bundle
6701-YVNQG,72,Two year,DSL,Credit card (automatic),88.7,6301.7,Yes,Yes,4.58,0,Low,4.06,P4 - Monitor,Standard retention campaign
4304-XUMGI,50,Two year,DSL,Bank transfer (automatic),75.15,3822.45,No,Yes,4.1,0,Low,3.08,P4 - Monitor,Offer Tech Support trial/bundle
9504-YAZWB,53,Two year,No,Mailed check,20.25,1048.45,No internet service,No internet service,4.94,0,Low,1.0,P4 - Monitor,Standard retention campaign
8819-ZBYNA,58,Two year,Fiber optic,Credit card (automatic),109.1,6393.65,Yes,Yes,28.4,0,Medium,30.98,P4 - Monitor,Review Fiber pricing/service quality
6174-NRBTZ,46,One year,DSL,Bank transfer (automatic),30.75,1489.3,No,Yes,16.14,0,Low,4.96,P4 - Monitor,Offer Tech Support trial/bundle
9481-IEBZY,72,Month-to-month,Fiber optic,Credit card (automatic),112.9,8061.5,Yes,Yes,46.82,0,Medium,52.86,P4 - Monitor,Offer annual contract incentive
6137-NICCO,6,Month-to-month,Fiber optic,Mailed check,94.05,518.75,No,No,51.7,1,High,48.62,P3 - Medium,Offer annual contract incentive
9065-ZCPQX,72,Two year,DSL,Bank transfer (automatic),78.85,5763.15,Yes,Yes,4.66,0,Low,3.67,P4 - Monitor,Standard retention campaign
6402-EJMWF,4,Month-to-month,DSL,Mailed check,55.3,238.5,No,No,66.13,1,High,36.57,P3 - Medium,Offer annual contract incentive
3620-EHIMZ,52,Two year,No,Mailed check,19.35,1031.7,No internet service,No internet service,1.07,0,Low,0.21,P4 - Monitor,Standard retention campaign
6870-ECSHE,2,One year,No,Mailed check,20.45,34.8,No internet service,No internet service,9.87,0,Low,2.02,P4 - Monitor,Standard retention campaign
8747-UDCOI,65,Two year,No,Bank transfer (automatic),19.35,1319.95,No internet service,No internet service,5.63,0,Low,1.09,P4 - Monitor,Standard retention campaign
4626-OZDTJ,51,One year,DSL,Credit card (automatic),78.65,3950.85,Yes,No,27.9,0,Medium,21.94,P4 - Monitor,Offer Online Security bundle
9169-BSVIN,12,Month-to-month,DSL,Bank transfer (automatic),74.75,827.05,No,No,51.04,1,High,38.15,P3 - Medium,Offer annual contract incentive
8194-PEEBY,24,One year,No,Mailed check,19.9,533.5,No internet service,No internet service,1.94,0,Low,0.39,P4 - Monitor,Standard retention campaign
6872-HXFNF,64,One year,DSL,Bank transfer (automatic),58.35,3756.45,Yes,No,12.1,0,Low,7.06,P4 - Monitor,Offer Online Security bundle
7714-YXSMB,26,Month-to-month,Fiber optic,Bank transfer (automatic),100.5,2599.95,No,No,75.04,1,Critical,75.42,P1 - Immediate,Offer annual contract incentive
8387-UGUSU,15,Month-to-month,No,Mailed check,20.05,284.3,No internet service,No internet service,16.7,0,Low,3.35,P4 - Monitor,Offer annual contract incentive
1080-BWSYE,64,Two year,No,Credit card (automatic),25.65,1740.8,No internet service,No internet service,4.14,0,Low,1.06,P4 - Monitor,Standard retention campaign
1194-HVAIF,27,Month-to-month,Fiber optic,Credit card (automatic),95.0,2462.55,No,No,69.47,1,High,66.0,P2 - High,Offer annual contract incentive
1767-TGTKO,8,Month-to-month,DSL,Electronic check,45.45,411.75,No,No,43.63,0,Medium,19.83,P4 - Monitor,Offer annual contract incentive
8439-LTUGF,10,Month-to-month,No,Credit card (automatic),20.0,198.6,No internet service,No internet service,23.08,0,Low,4.62,P4 - Monitor,Offer annual contract incentive
8805-JNRAZ,2,Month-to-month,DSL,Mailed check,49.2,103.7,No,No,69.47,1,High,34.18,P3 - Medium,Offer annual contract incentive
6418-HNFED,51,Two year,DSL,Credit card (automatic),83.25,4089.45,Yes,Yes,5.72,0,Low,4.76,P4 - Monitor,Standard retention campaign
0206-OYVOC,46,Two year,No,Mailed check,19.25,864.2,No internet service,No internet service,1.23,0,Low,0.24,P4 - Monitor,Standard retention campaign
7291-CDTMJ,1,Month-to-month,No,Bank transfer (automatic),19.65,19.65,No internet service,No internet service,49.8,0,Medium,9.79,P4 - Monitor,Offer annual contract incentive
7128-GGCNO,46,Month-to-month,Fiber optic,Bank transfer (automatic),72.8,3249.4,No,No,58.66,1,High,42.7,P3 - Medium,Offer annual contract incentive
0237-YFUTL,50,Month-to-month,Fiber optic,Bank transfer (automatic),109.65,5405.8,Yes,Yes,50.38,1,High,55.24,P2 - High,Offer annual contract incentive
7691-KGKGP,53,Month-to-month,DSL,Credit card (automatic),65.0,3363.8,Yes,No,10.05,0,Low,6.53,P4 - Monitor,Offer annual contract incentive
6710-HSJRD,61,Month-to-month,Fiber optic,Electronic check,114.1,7132.15,Yes,No,63.9,1,High,72.91,P2 - High,Offer annual contract incentive
3675-EQOZA,5,Month-to-month,No,Bank transfer (automatic),20.65,93.55,No internet service,No internet service,31.4,0,Medium,6.48,P4 - Monitor,Offer annual contract incentive
0840-DCNZE,47,One year,DSL,Bank transfer (automatic),86.95,4138.9,Yes,Yes,26.07,0,Medium,22.67,P4 - Monitor,Standard retention campaign
1732-FEKLD,54,One year,Fiber optic,Bank transfer (automatic),94.75,5121.75,No,No,33.89,0,Medium,32.11,P4 - Monitor,Offer Tech Support trial/bundle
9862-KJTYK,19,Month-to-month,DSL,Credit card (automatic),25.35,566.1,No,No,32.72,0,Medium,8.29,P4 - Monitor,Offer annual contract incentive
0479-HMSWA,26,Two year,Fiber optic,Electronic check,105.45,2715.3,Yes,No,13.99,0,Low,14.75,P4 - Monitor,Offer Online Security bundle
5854-KSRBJ,70,Two year,No,Mailed check,25.4,1782.05,No internet service,No internet service,0.59,0,Low,0.15,P4 - Monitor,Standard retention campaign
0365-BZUWY,17,Month-to-month,Fiber optic,Electronic check,102.55,1742.5,No,No,81.76,1,Critical,83.84,P1 - Immediate,Offer annual contract incentive
5701-SVCWR,1,Month-to-month,No,Mailed check,24.0,24.0,No internet service,No internet service,38.68,0,Medium,9.28,P4 - Monitor,Offer annual contract incentive
3129-AAQOU,19,Two year,No,Mailed check,25.6,485.9,No internet service,No internet service,2.55,0,Low,0.65,P4 - Monitor,Standard retention campaign
4922-CVPDX,26,Two year,DSL,Credit card (automatic),73.5,1905.7,No,No,15.75,0,Low,11.58,P4 - Monitor,Offer Tech Support trial/bundle
1357-BIJKI,50,One year,Fiber optic,Electronic check,98.25,4858.7,No,No,55.21,1,High,54.24,P2 - High,Offer Tech Support trial/bundle
1099-BTKWT,68,One year,DSL,Electronic check,54.4,3723.65,No,Yes,31.82,0,Medium,17.31,P4 - Monitor,Offer Tech Support trial/bundle
2018-PZKMU,9,Month-to-month,Fiber optic,Electronic check,103.1,970.45,Yes,No,41.5,0,Medium,42.79,P4 - Monitor,Offer annual contract incentive
7340-KEFQE,51,Two year,DSL,Bank transfer (automatic),34.2,1782.0,Yes,Yes,6.02,0,Low,2.06,P4 - Monitor,Standard retention campaign
4570-QHXHL,9,Month-to-month,DSL,Electronic check,43.75,405.7,No,No,67.3,1,High,29.44,P3 - Medium,Offer annual contract incentive
7392-YYPYJ,22,Month-to-month,Fiber optic,Electronic check,100.65,2415.95,No,No,81.28,1,Critical,81.81,P1 - Immediate,Offer annual contract incentive
2223-GDSHL,71,Two year,Fiber optic,Bank transfer (automatic),116.05,8297.5,Yes,Yes,2.48,0,Low,2.88,P4 - Monitor,Review Fiber pricing/service quality
9470-RTWDV,26,One year,DSL,Credit card (automatic),82.0,2083.1,Yes,No,8.32,0,Low,6.82,P4 - Monitor,Offer Online Security bundle
2176-OSJUV,71,Two year,DSL,Bank transfer (automatic),65.15,4681.75,Yes,Yes,4.46,0,Low,2.91,P4 - Monitor,Standard retention campaign
9348-YVOMK,4,Month-to-month,DSL,Credit card (automatic),44.8,176.2,No,No,72.7,1,High,32.57,P3 - Medium,Offer annual contract incentive
8104-OSKWT,12,Month-to-month,Fiber optic,Electronic check,79.8,1001.2,No,Yes,66.89,1,High,53.38,P2 - High,Offer annual contract incentive
4521-YEEHE,18,Month-to-month,Fiber optic,Electronic check,88.85,1594.75,Yes,No,78.95,1,Critical,70.15,P2 - High,Offer annual contract incentive
4090-KPJIP,3,Month-to-month,Fiber optic,Electronic check,74.95,212.4,No,No,86.61,1,Critical,64.91,P2 - High,Offer annual contract incentive
3786-WOVKF,72,One year,Fiber optic,Bank transfer (automatic),106.85,7677.4,No,Yes,35.61,0,Medium,38.05,P4 - Monitor,Offer Tech Support trial/bundle
2592-HODOV,13,One year,No,Credit card (automatic),19.3,259.65,No internet service,No internet service,5.92,0,Low,1.14,P4 - Monitor,Standard retention campaign
7995-ZHHNZ,42,One year,DSL,Credit card (automatic),56.1,2386.85,No,Yes,16.14,0,Low,9.05,P4 - Monitor,Offer Tech Support trial/bundle
3824-RHKVR,17,Month-to-month,No,Credit card (automatic),19.7,340.35,No internet service,No internet service,23.02,0,Low,4.53,P4 - Monitor,Offer annual contract incentive
5816-SCGFC,7,Month-to-month,DSL,Mailed check,51.3,419.35,No,No,53.91,1,High,27.66,P3 - Medium,Offer annual contract incentive
5989-AXPUC,68,Two year,Fiber optic,Mailed check,118.6,7990.05,Yes,Yes,19.98,0,Low,23.7,P4 - Monitor,Review Fiber pricing/service quality
4979-HPRFL,56,Two year,No,Bank transfer (automatic),24.15,1402.25,No internet service,No internet service,1.53,0,Low,0.37,P4 - Monitor,Standard retention campaign
8590-OHDIW,38,One year,No,Mailed check,20.3,749.35,No internet service,No internet service,1.67,0,Low,0.34,P4 - Monitor,Standard retention campaign
8015-IHCGW,72,Two year,Fiber optic,Electronic check,115.5,8425.15,Yes,Yes,2.27,0,Low,2.62,P4 - Monitor,Promote automatic payment
2332-TODQS,48,One year,No,Credit card (automatic),25.05,1171.5,No internet service,No internet service,10.21,0,Low,2.56,P4 - Monitor,Standard retention campaign
9278-VZKCD,52,Month-to-month,Fiber optic,Electronic check,109.1,5647.95,No,Yes,58.14,1,High,63.43,P2 - High,Offer annual contract incentive
8008-OTEZX,35,One year,No,Mailed check,19.65,708.8,No internet service,No internet service,1.58,0,Low,0.31,P4 - Monitor,Standard retention campaign
2773-OVBPK,67,Two year,Fiber optic,Bank transfer (automatic),111.3,7567.2,Yes,No,37.91,0,Medium,42.19,P4 - Monitor,Offer Online Security bundle
5999-LCXAO,1,Month-to-month,DSL,Mailed check,29.9,29.9,No,Yes,63.81,1,High,19.08,P3 - Medium,Offer annual contract incentive
5206-XZZQI,53,Month-to-month,Fiber optic,Mailed check,80.6,4348.1,Yes,No,49.52,0,Medium,39.91,P4 - Monitor,Offer annual contract incentive
4803-LBYPN,34,Month-to-month,No,Mailed check,20.8,635.9,No internet service,No internet service,9.91,0,Low,2.06,P4 - Monitor,Offer annual contract incentive
2139-FQHLM,19,Month-to-month,Fiber optic,Mailed check,89.95,1682.4,Yes,No,57.0,1,High,51.27,P2 - High,Offer annual contract incentive
8261-GWDBQ,60,Two year,Fiber optic,Bank transfer (automatic),116.05,6925.9,Yes,Yes,23.75,0,Low,27.56,P4 - Monitor,Review Fiber pricing/service quality
1093-YSWCA,11,Two year,No,Credit card (automatic),19.55,223.15,No internet service,No internet service,6.93,0,Low,1.35,P4 - Monitor,Standard retention campaign
3882-IYOIJ,60,Two year,Fiber optic,Credit card (automatic),115.25,6758.45,Yes,Yes,3.0,0,Low,3.46,P4 - Monitor,Review Fiber pricing/service quality
8749-TZYEC,72,Two year,No,Credit card (automatic),24.8,1874.3,No internet service,No internet service,3.37,0,Low,0.84,P4 - Monitor,Standard retention campaign
1755-FZQEC,39,One year,No,Mailed check,19.9,791.15,No internet service,No internet service,4.65,0,Low,0.93,P4 - Monitor,Standard retention campaign
3115-JPJDD,59,One year,Fiber optic,Credit card (automatic),81.25,4639.45,No,Yes,20.98,0,Low,17.05,P4 - Monitor,Offer Tech Support trial/bundle
5600-KTXFM,2,Month-to-month,Fiber optic,Mailed check,69.95,143.9,No,No,56.15,1,High,39.28,P3 - Medium,Offer annual contract incentive
6339-TBELP,71,Two year,Fiber optic,Credit card (automatic),86.4,6172.0,Yes,No,16.32,0,Low,14.1,P4 - Monitor,Offer Online Security bundle
7964-YESJC,24,Month-to-month,DSL,Mailed check,66.3,1559.45,No,Yes,28.35,0,Medium,18.8,P4 - Monitor,Offer annual contract incentive
6173-GOLSU,67,Month-to-month,Fiber optic,Credit card (automatic),94.65,6079.0,No,No,67.37,1,High,63.77,P2 - High,Offer annual contract incentive
9938-ZREHM,37,One year,DSL,Mailed check,72.1,2658.4,Yes,No,22.4,0,Low,16.15,P4 - Monitor,Offer Online Security bundle
7950-XWOVN,11,Month-to-month,DSL,Mailed check,34.7,383.55,No,No,50.3,1,High,17.45,P3 - Medium,Offer annual contract incentive
4647-MUZON,18,Month-to-month,Fiber optic,Credit card (automatic),95.95,1745.5,No,No,72.49,1,High,69.55,P2 - High,Offer annual contract incentive
9702-AIUJO,50,One year,DSL,Bank transfer (automatic),44.8,2230.85,No,No,7.02,0,Low,3.14,P4 - Monitor,Offer Tech Support trial/bundle
8849-PRIQJ,67,One year,Fiber optic,Electronic check,109.4,7281.6,Yes,Yes,7.32,0,Low,8.01,P4 - Monitor,Promote automatic payment
8851-RAGOV,25,Month-to-month,DSL,Mailed check,71.05,1837.7,Yes,Yes,27.25,0,Medium,19.36,P4 - Monitor,Offer annual contract incentive
5396-IZEPB,9,Month-to-month,No,Credit card (automatic),19.7,180.7,No internet service,No internet service,26.15,0,Medium,5.15,P4 - Monitor,Offer annual contract incentive
1729-VLAZJ,10,One year,DSL,Mailed check,40.25,411.45,Yes,Yes,7.67,0,Low,3.09,P4 - Monitor,Standard retention campaign
8285-ABVLB,70,Two year,No,Credit card (automatic),19.85,1328.35,No internet service,No internet service,2.55,0,Low,0.51,P4 - Monitor,Standard retention campaign
0701-TJSEF,9,Month-to-month,DSL,Bank transfer (automatic),68.25,576.95,Yes,Yes,39.42,0,Medium,26.9,P4 - Monitor,Offer annual contract incentive
5712-VBOXD,4,Month-to-month,No,Credit card (automatic),20.15,68.45,No internet service,No internet service,29.91,0,Medium,6.03,P4 - Monitor,Offer annual contract incentive
6629-LADHQ,2,Month-to-month,DSL,Mailed check,50.95,123.05,No,Yes,60.49,1,High,30.82,P3 - Medium,Offer annual contract incentive
1559-DTODC,19,Month-to-month,DSL,Bank transfer (automatic),25.15,468.35,No,No,53.86,1,High,13.55,P3 - Medium,Offer annual contract incentive
4797-MIWUM,7,Month-to-month,No,Bank transfer (automatic),20.25,174.7,No internet service,No internet service,20.5,0,Low,4.15,P4 - Monitor,Offer annual contract incentive
8720-RQSBJ,1,Month-to-month,DSL,Electronic check,44.0,44.0,No,No,79.97,1,Critical,35.19,P3 - Medium,Offer annual contract incentive
4537-CIBHB,9,One year,No,Mailed check,20.25,172.35,No internet service,No internet service,5.4,0,Low,1.09,P4 - Monitor,Standard retention campaign
4324-AHJKS,5,Month-to-month,DSL,Credit card (automatic),55.8,300.4,No,Yes,49.56,0,Medium,27.65,P4 - Monitor,Offer annual contract incentive
4355-CVPVS,56,One year,Fiber optic,Bank transfer (automatic),88.9,4968.0,No,No,6.0,0,Low,5.33,P4 - Monitor,Offer Tech Support trial/bundle
4495-LHSSK,18,Month-to-month,DSL,Mailed check,57.65,992.7,No,Yes,30.05,0,Medium,17.32,P4 - Monitor,Offer annual contract incentive
5915-ANOEI,70,Two year,DSL,Mailed check,79.15,5536.5,Yes,Yes,8.95,0,Low,7.08,P4 - Monitor,Standard retention campaign
9861-PDSZP,72,Two year,Fiber optic,Credit card (automatic),108.05,7806.6,Yes,No,20.06,0,Low,21.67,P4 - Monitor,Offer Online Security bundle
7225-CBZPL,17,Month-to-month,Fiber optic,Electronic check,94.8,1563.9,No,No,82.75,1,Critical,78.45,P1 - Immediate,Offer annual contract incentive
6704-UTUKK,29,Month-to-month,DSL,Electronic check,45.9,1332.4,No,No,60.76,1,High,27.89,P3 - Medium,Offer annual contract incentive
2019-HDCZY,63,Two year,Fiber optic,Electronic check,102.6,6296.75,No,No,35.23,0,Medium,36.15,P4 - Monitor,Offer Tech Support trial/bundle
8788-DOXSU,59,One year,DSL,Bank transfer (automatic),61.35,3645.5,No,No,24.4,0,Low,14.97,P4 - Monitor,Offer Tech Support trial/bundle
7404-JLKQG,3,Month-to-month,DSL,Electronic check,57.55,161.45,No,No,65.38,1,High,37.63,P3 - Medium,Offer annual contract incentive
7421-ZLUPA,8,Month-to-month,DSL,Mailed check,29.25,226.95,No,No,64.12,1,High,18.76,P3 - Medium,Offer annual contract incentive
3274-NSDWE,68,Two year,No,Credit card (automatic),19.6,1441.65,No internet service,No internet service,3.35,0,Low,0.66,P4 - Monitor,Standard retention campaign
2632-IVXVF,68,Two year,Fiber optic,Credit card (automatic),111.75,7511.3,Yes,Yes,3.8,0,Low,4.25,P4 - Monitor,Review Fiber pricing/service quality
3692-JHONH,52,One year,Fiber optic,Electronic check,106.5,5621.85,No,No,56.65,1,High,60.33,P2 - High,Offer Tech Support trial/bundle
8915-NNTRC,72,Two year,Fiber optic,Credit card (automatic),107.7,7919.8,Yes,Yes,3.28,0,Low,3.53,P4 - Monitor,Review Fiber pricing/service quality
5914-GXMDA,32,One year,No,Mailed check,19.3,593.2,No internet service,No internet service,6.37,0,Low,1.23,P4 - Monitor,Standard retention campaign
7463-IFMQU,72,Two year,No,Bank transfer (automatic),20.05,1423.65,No internet service,No internet service,3.38,0,Low,0.68,P4 - Monitor,Standard retention campaign
2920-RNCEZ,1,Month-to-month,Fiber optic,Credit card (automatic),69.95,69.95,No,No,59.14,1,High,41.37,P3 - Medium,Offer annual contract incentive
2541-YGPKE,42,One year,DSL,Credit card (automatic),63.7,2763.35,Yes,Yes,4.61,0,Low,2.94,P4 - Monitor,Standard retention campaign
5382-TEMLV,45,Month-to-month,DSL,Bank transfer (automatic),50.9,2298.55,No,Yes,33.73,0,Medium,17.17,P4 - Monitor,Offer annual contract incentive
3441-CGZJH,43,One year,DSL,Credit card (automatic),60.4,2640.55,Yes,Yes,4.99,0,Low,3.01,P4 - Monitor,Standard retention campaign
9592-ERDKV,37,One year,DSL,Mailed check,79.25,2911.8,No,Yes,25.77,0,Medium,20.42,P4 - Monitor,Offer Tech Support trial/bundle
4778-IZARL,63,Two year,Fiber optic,Credit card (automatic),110.1,6705.7,Yes,Yes,24.51,0,Low,26.99,P4 - Monitor,Review Fiber pricing/service quality
0432-CAJZV,3,Month-to-month,Fiber optic,Mailed check,90.7,237.65,No,No,85.0,1,Critical,77.1,P1 - Immediate,Offer annual contract incentive
7008-LZVOZ,66,Two year,No,Credit card (automatic),25.3,1672.35,No internet service,No internet service,1.12,0,Low,0.28,P4 - Monitor,Standard retention campaign
1200-TUZHR,8,Month-to-month,Fiber optic,Electronic check,85.2,695.75,No,No,85.57,1,Critical,72.91,P2 - High,Offer annual contract incentive
9365-CSLBQ,71,Two year,No,Mailed check,24.35,1654.6,No internet service,No internet service,1.09,0,Low,0.27,P4 - Monitor,Standard retention campaign
5884-FBCTL,72,Two year,No,Bank transfer (automatic),25.1,1857.85,No internet service,No internet service,0.48,0,Low,0.12,P4 - Monitor,Standard retention campaign
7130-CTCUS,16,Month-to-month,DSL,Bank transfer (automatic),54.55,825.1,No,Yes,42.53,0,Medium,23.2,P4 - Monitor,Offer annual contract incentive
6242-FEGFD,66,Two year,Fiber optic,Mailed check,96.6,6424.25,Yes,Yes,19.1,0,Low,18.45,P4 - Monitor,Review Fiber pricing/service quality
6194-HBGQN,51,One year,DSL,Credit card (automatic),81.15,4126.2,Yes,Yes,21.04,0,Low,17.07,P4 - Monitor,Standard retention campaign
7634-WSWDB,8,Month-to-month,DSL,Electronic check,38.5,330.8,No,Yes,43.39,0,Medium,16.71,P4 - Monitor,Offer annual contract incentive
6986-IXNDM,14,Month-to-month,Fiber optic,Electronic check,92.9,1337.45,No,No,82.82,1,Critical,76.94,P1 - Immediate,Offer annual contract incentive
2987-BJXIK,70,Two year,DSL,Mailed check,84.7,5991.05,No,Yes,6.89,0,Low,5.84,P4 - Monitor,Offer Tech Support trial/bundle
9769-TSBZE,70,Two year,DSL,Electronic check,66.0,4891.5,Yes,Yes,3.95,0,Low,2.61,P4 - Monitor,Promote automatic payment
1395-WSWXR,24,Two year,No,Mailed check,20.75,487.05,No internet service,No internet service,5.17,0,Low,1.07,P4 - Monitor,Standard retention campaign
6023-GSSXW,69,Two year,DSL,Credit card (automatic),61.45,4131.2,No,No,12.62,0,Low,7.75,P4 - Monitor,Offer Tech Support trial/bundle
6752-APNJL,42,Month-to-month,DSL,Mailed check,54.5,2301.15,No,Yes,16.68,0,Low,9.09,P4 - Monitor,Offer annual contract incentive
0420-HLGXF,39,Month-to-month,Fiber optic,Electronic check,99.75,4036.0,No,No,79.15,1,Critical,78.95,P1 - Immediate,Offer annual contract incentive
7446-KQISO,45,Two year,Fiber optic,Bank transfer (automatic),109.75,4900.65,Yes,No,10.38,0,Low,11.39,P4 - Monitor,Offer Online Security bundle
9823-EALYC,72,Two year,DSL,Bank transfer (automatic),80.85,5727.45,Yes,Yes,1.48,0,Low,1.2,P4 - Monitor,Standard retention campaign
0582-AVCLN,38,Two year,No,Mailed check,20.3,743.05,No internet service,No internet service,3.82,0,Low,0.78,P4 - Monitor,Standard retention campaign
5803-NQJZO,72,Two year,DSL,Bank transfer (automatic),67.8,4804.65,Yes,Yes,4.87,0,Low,3.3,P4 - Monitor,Standard retention campaign
2607-DHDAK,72,Two year,No,Credit card (automatic),19.8,1414.65,No internet service,No internet service,0.7,0,Low,0.14,P4 - Monitor,Standard retention campaign
1073-XXCZD,55,Two year,No,Bank transfer (automatic),25.7,1443.65,No internet service,No internet service,6.9,0,Low,1.77,P4 - Monitor,Standard retention campaign
0743-HRVFF,51,One year,DSL,Electronic check,56.15,2898.95,Yes,No,8.25,0,Low,4.63,P4 - Monitor,Offer Online Security bundle
4006-HKYHO,63,Two year,DSL,Bank transfer (automatic),86.7,5309.5,Yes,Yes,5.83,0,Low,5.05,P4 - Monitor,Standard retention campaign
3727-JEZTU,1,Month-to-month,No,Mailed check,20.4,20.4,No internet service,No internet service,52.4,1,High,10.69,P3 - Medium,Offer annual contract incentive
8143-ETQTI,23,Two year,No,Mailed check,19.65,451.55,No internet service,No internet service,1.33,0,Low,0.26,P4 - Monitor,Standard retention campaign
9667-TKTVZ,2,Month-to-month,DSL,Mailed check,54.35,117.05,Yes,No,68.67,1,High,37.32,P3 - Medium,Offer annual contract incentive
3657-COGMW,52,Month-to-month,Fiber optic,Credit card (automatic),108.1,5839.3,No,Yes,49.45,0,Medium,53.46,P4 - Monitor,Offer annual contract incentive
8570-KLJYJ,36,One year,DSL,Mailed check,54.45,1893.5,No,Yes,10.65,0,Low,5.8,P4 - Monitor,Offer Tech Support trial/bundle
7754-IXRMC,1,Month-to-month,DSL,Mailed check,45.35,45.35,No,No,75.62,1,Critical,34.29,P3 - Medium,Offer annual contract incentive
9473-CBZOP,28,One year,DSL,Mailed check,59.0,1654.45,No,Yes,12.52,0,Low,7.39,P4 - Monitor,Offer Tech Support trial/bundle
2969-WGHQO,7,One year,DSL,Electronic check,69.45,477.05,No,Yes,12.14,0,Low,8.43,P4 - Monitor,Offer Tech Support trial/bundle
4334-HOWRP,72,Two year,DSL,Credit card (automatic),64.95,4546.0,Yes,Yes,6.55,0,Low,4.25,P4 - Monitor,Standard retention campaign
5863-OOKCL,10,Month-to-month,No,Mailed check,18.85,163.2,No internet service,No internet service,29.11,0,Medium,5.49,P4 - Monitor,Offer annual contract incentive
1686-STUHN,42,One year,No,Bank transfer (automatic),19.8,849.9,No internet service,No internet service,7.79,0,Low,1.54,P4 - Monitor,Standard retention campaign
1329-VHWNP,7,Month-to-month,DSL,Bank transfer (automatic),25.05,189.95,No,No,67.74,1,High,16.97,P3 - Medium,Offer annual contract incentive
0266-GMEAO,72,Two year,Fiber optic,Credit card (automatic),114.3,8058.55,Yes,Yes,1.9,0,Low,2.17,P4 - Monitor,Review Fiber pricing/service quality
5574-NXZIU,63,Two year,Fiber optic,Credit card (automatic),109.2,7049.75,Yes,Yes,29.12,0,Medium,31.8,P4 - Monitor,Review Fiber pricing/service quality
0019-GFNTW,56,Two year,DSL,Bank transfer (automatic),45.05,2560.1,Yes,Yes,5.35,0,Low,2.41,P4 - Monitor,Standard retention campaign
4256-ZWTZI,5,Month-to-month,DSL,Mailed check,51.0,286.8,Yes,No,39.83,0,Medium,20.31,P4 - Monitor,Offer annual contract incentive
8309-PPCED,72,Two year,Fiber optic,Bank transfer (automatic),110.45,7982.5,Yes,No,20.57,0,Low,22.72,P4 - Monitor,Offer Online Security bundle
4098-NAUKP,68,Month-to-month,Fiber optic,Electronic check,84.65,5683.6,No,No,18.92,0,Low,16.02,P4 - Monitor,Offer annual contract incentive
5196-WPYOW,67,One year,DSL,Mailed check,60.05,3994.05,Yes,Yes,2.99,0,Low,1.8,P4 - Monitor,Standard retention campaign
4608-LCIMN,8,Month-to-month,DSL,Bank transfer (automatic),44.65,369.15,No,No,37.6,0,Medium,16.79,P4 - Monitor,Offer annual contract incentive
1485-YDHMM,52,Month-to-month,Fiber optic,Bank transfer (automatic),93.25,4631.7,Yes,No,14.09,0,Low,13.14,P4 - Monitor,Offer annual contract incentive
4054-CUMIA,18,Month-to-month,No,Mailed check,20.25,401.95,No internet service,No internet service,15.33,0,Low,3.1,P4 - Monitor,Offer annual contract incentive
0603-TPMIB,59,Two year,No,Mailed check,25.45,1534.05,No internet service,No internet service,0.81,0,Low,0.21,P4 - Monitor,Standard retention campaign
2525-GVKQU,60,Two year,No,Mailed check,20.6,1093.0,No internet service,No internet service,5.83,0,Low,1.2,P4 - Monitor,Standard retention campaign
8161-QYMTT,7,Month-to-month,Fiber optic,Electronic check,94.1,701.3,No,No,90.12,1,Critical,84.8,P1 - Immediate,Offer annual contract incentive
9581-GVBXT,59,One year,DSL,Mailed check,34.8,1980.3,No,Yes,7.08,0,Low,2.46,P4 - Monitor,Offer Tech Support trial/bundle
5862-BRIXZ,46,Two year,DSL,Bank transfer (automatic),60.75,2893.4,Yes,Yes,5.87,0,Low,3.57,P4 - Monitor,Standard retention campaign
5404-GGUKR,5,Month-to-month,DSL,Electronic check,51.35,262.3,No,No,61.95,1,High,31.81,P3 - Medium,Offer annual contract incentive
3308-JSGML,59,Two year,DSL,Credit card (automatic),64.05,3886.85,Yes,Yes,8.41,0,Low,5.39,P4 - Monitor,Standard retention campaign
2126-GSEGL,70,Two year,DSL,Bank transfer (automatic),84.8,5917.55,Yes,No,5.91,0,Low,5.01,P4 - Monitor,Offer Online Security bundle
0440-QEXBZ,44,Month-to-month,DSL,Mailed check,50.15,2139.1,No,No,42.98,0,Medium,21.55,P4 - Monitor,Offer annual contract incentive
2434-EEVDB,64,Two year,Fiber optic,Credit card (automatic),94.6,5948.7,No,Yes,21.43,0,Low,20.27,P4 - Monitor,Offer Tech Support trial/bundle
6762-QVYJO,58,Two year,DSL,Mailed check,59.75,3624.35,Yes,Yes,1.14,0,Low,0.68,P4 - Monitor,Standard retention campaign
6199-IWKGC,46,One year,Fiber optic,Electronic check,100.25,4753.85,Yes,No,46.92,0,Medium,47.04,P4 - Monitor,Offer Online Security bundle
2675-DHUTR,58,Month-to-month,Fiber optic,Electronic check,98.9,5780.7,No,No,72.94,1,High,72.14,P2 - High,Offer annual contract incentive
8152-VETUR,72,Two year,Fiber optic,Credit card (automatic),97.7,6869.7,No,No,29.93,0,Medium,29.24,P4 - Monitor,Offer Tech Support trial/bundle
7446-YPODE,11,Month-to-month,DSL,Bank transfer (automatic),60.25,662.95,No,Yes,38.01,0,Medium,22.9,P4 - Monitor,Offer annual contract incentive
9522-BNTHX,34,Month-to-month,DSL,Electronic check,56.25,1765.95,No,No,58.44,1,High,32.87,P3 - Medium,Offer annual contract incentive
4676-WLUHT,54,Two year,DSL,Bank transfer (automatic),46.2,2431.95,No,Yes,9.09,0,Low,4.2,P4 - Monitor,Offer Tech Support trial/bundle
7980-MHFLQ,72,Two year,No,Mailed check,24.9,1859.2,No internet service,No internet service,0.62,0,Low,0.15,P4 - Monitor,Standard retention campaign
0757-WCUUZ,54,Two year,DSL,Credit card (automatic),63.35,3409.1,No,No,3.47,0,Low,2.2,P4 - Monitor,Offer Tech Support trial/bundle
1629-DQQVB,14,Month-to-month,DSL,Bank transfer (automatic),50.1,709.5,No,Yes,45.42,0,Medium,22.76,P4 - Monitor,Offer annual contract incentive
0374-AACSZ,1,Month-to-month,DSL,Electronic check,50.15,50.15,No,Yes,65.27,1,High,32.73,P3 - Medium,Offer annual contract incentive
4872-VXRIL,56,One year,DSL,Bank transfer (automatic),64.65,3665.55,Yes,Yes,10.84,0,Low,7.01,P4 - Monitor,Standard retention campaign
9140-CZQZZ,68,Two year,DSL,Bank transfer (automatic),79.6,5515.8,Yes,Yes,6.07,0,Low,4.83,P4 - Monitor,Standard retention campaign
3423-HHXAO,14,One year,No,Mailed check,19.5,272.0,No internet service,No internet service,5.65,0,Low,1.1,P4 - Monitor,Standard retention campaign
9938-TKDGL,68,Two year,Fiber optic,Electronic check,99.55,6668.0,Yes,Yes,5.03,0,Low,5.01,P4 - Monitor,Promote automatic payment
0531-ZZJWQ,55,Month-to-month,Fiber optic,Electronic check,74.0,4052.4,No,No,72.85,1,High,53.91,P2 - High,Offer annual contract incentive
6537-QLGEX,16,Month-to-month,DSL,Electronic check,38.9,664.4,No,Yes,67.98,1,High,26.44,P3 - Medium,Offer annual contract incentive
2688-BHGOG,9,Month-to-month,Fiber optic,Electronic check,79.55,718.55,No,No,84.2,1,Critical,66.98,P2 - High,Offer annual contract incentive
3160-TYXLT,53,Month-to-month,DSL,Bank transfer (automatic),46.3,2546.85,No,Yes,37.44,0,Medium,17.33,P4 - Monitor,Offer annual contract incentive
1325-USMEC,70,Two year,Fiber optic,Credit card (automatic),99.35,6944.5,No,Yes,18.29,0,Low,18.17,P4 - Monitor,Offer Tech Support trial/bundle
0916-QOFDP,14,Month-to-month,Fiber optic,Electronic check,95.8,1346.3,No,No,48.62,0,Medium,46.58,P4 - Monitor,Offer annual contract incentive
5606-AMZBO,10,Month-to-month,Fiber optic,Credit card (automatic),78.15,765.15,No,Yes,64.28,1,High,50.23,P2 - High,Offer annual contract incentive
6199-IPCAO,29,Two year,No,Mailed check,26.1,692.55,No internet service,No internet service,2.45,0,Low,0.64,P4 - Monitor,Standard retention campaign
5640-CAXOA,30,One year,DSL,Credit card (automatic),40.35,1187.05,Yes,No,26.35,0,Medium,10.63,P4 - Monitor,Offer Online Security bundle
2235-EZAIK,72,Two year,DSL,Credit card (automatic),79.2,5401.9,Yes,Yes,9.13,0,Low,7.23,P4 - Monitor,Standard retention campaign
3847-BAERP,10,Month-to-month,No,Mailed check,20.9,247.0,No internet service,No internet service,25.76,0,Medium,5.38,P4 - Monitor,Offer annual contract incentive
1453-RZFON,1,Month-to-month,DSL,Mailed check,49.9,49.9,No,Yes,53.28,1,High,26.59,P3 - Medium,Offer annual contract incentive
8263-OKETD,20,Month-to-month,DSL,Credit card (automatic),68.9,1370.35,Yes,No,37.0,0,Medium,25.49,P4 - Monitor,Offer annual contract incentive
0670-KDOMA,1,Month-to-month,No,Mailed check,20.25,20.25,No internet service,No internet service,63.42,1,High,12.84,P3 - Medium,Offer annual contract incentive
2476-YGEFM,29,Month-to-month,Fiber optic,Credit card (automatic),76.0,2215.25,No,No,69.61,1,High,52.9,P2 - High,Offer annual contract incentive
8687-BAFGU,1,Month-to-month,Fiber optic,Electronic check,74.0,74.0,Yes,No,71.46,1,High,52.88,P2 - High,Offer annual contract incentive
0641-EVBOJ,3,Month-to-month,Fiber optic,Mailed check,82.3,214.4,Yes,Yes,63.09,1,High,51.92,P2 - High,Offer annual contract incentive
0829-XXPLX,20,Month-to-month,Fiber optic,Bank transfer (automatic),89.4,1871.15,No,Yes,64.97,1,High,58.08,P2 - High,Offer annual contract incentive
9974-JFBHQ,64,Month-to-month,Fiber optic,Credit card (automatic),99.15,6171.2,Yes,No,23.38,0,Low,23.18,P4 - Monitor,Offer annual contract incentive
6624-JDRDS,6,Month-to-month,DSL,Bank transfer (automatic),29.45,161.45,No,Yes,53.36,1,High,15.71,P3 - Medium,Offer annual contract incentive
0608-JDVEC,50,Two year,No,Electronic check,19.8,1013.2,No internet service,No internet service,4.14,0,Low,0.82,P4 - Monitor,Promote automatic payment
9780-FKVVF,6,Month-to-month,DSL,Bank transfer (automatic),59.15,336.7,No,Yes,47.33,0,Medium,28.0,P4 - Monitor,Offer annual contract incentive
1919-RTPQD,7,Month-to-month,DSL,Electronic check,44.75,333.65,No,No,41.67,0,Medium,18.65,P4 - Monitor,Offer annual contract incentive
5214-NLTIT,72,Two year,Fiber optic,Credit card (automatic),90.8,6511.8,No,No,4.47,0,Low,4.06,P4 - Monitor,Offer Tech Support trial/bundle
3345-PBBFH,8,Month-to-month,DSL,Bank transfer (automatic),49.55,393.45,No,No,50.11,1,High,24.83,P3 - Medium,Offer annual contract incentive
5055-BRMNE,67,Two year,Fiber optic,Credit card (automatic),106.7,7009.5,Yes,Yes,5.56,0,Low,5.93,P4 - Monitor,Review Fiber pricing/service quality
2190-PHBHR,72,Two year,Fiber optic,Credit card (automatic),94.45,6921.7,No,Yes,18.06,0,Low,17.06,P4 - Monitor,Offer Tech Support trial/bundle
2650-GYRYL,33,One year,No,Bank transfer (automatic),19.45,600.25,No internet service,No internet service,2.39,0,Low,0.46,P4 - Monitor,Standard retention campaign
5208-FVQKB,70,Two year,DSL,Mailed check,67.95,4664.15,Yes,Yes,4.16,0,Low,2.83,P4 - Monitor,Standard retention campaign
7184-LRUUR,22,One year,DSL,Bank transfer (automatic),65.25,1441.8,No,No,20.34,0,Low,13.27,P4 - Monitor,Offer Tech Support trial/bundle
6627-CFOSN,59,Month-to-month,Fiber optic,Bank transfer (automatic),99.45,5623.7,No,Yes,53.49,1,High,53.2,P2 - High,Offer annual contract incentive
3982-JGSFD,36,One year,No,Credit card (automatic),20.35,695.85,No internet service,No internet service,4.38,0,Low,0.89,P4 - Monitor,Standard retention campaign
1574-DYCWE,51,Two year,No,Mailed check,19.95,1028.75,No internet service,No internet service,0.71,0,Low,0.14,P4 - Monitor,Standard retention campaign
7247-XOZPB,53,One year,DSL,Bank transfer (automatic),77.4,4155.95,Yes,Yes,19.35,0,Low,14.98,P4 - Monitor,Standard retention campaign
2466-FCCPT,20,One year,No,Bank transfer (automatic),19.7,395.6,No internet service,No internet service,4.35,0,Low,0.86,P4 - Monitor,Standard retention campaign
6211-WWLTF,63,Two year,Fiber optic,Credit card (automatic),99.7,6330.4,No,Yes,22.03,0,Low,21.96,P4 - Monitor,Offer Tech Support trial/bundle
4826-TZEVA,40,Month-to-month,Fiber optic,Credit card (automatic),74.8,2971.7,No,No,56.77,1,High,42.46,P3 - Medium,Offer annual contract incentive
6016-NXBNJ,35,One year,No,Mailed check,19.15,638.0,No internet service,No internet service,5.03,0,Low,0.96,P4 - Monitor,Standard retention campaign
9138-EFSMO,26,One year,Fiber optic,Bank transfer (automatic),78.95,2034.25,No,No,7.08,0,Low,5.59,P4 - Monitor,Offer Tech Support trial/bundle
4632-XJMEX,53,One year,DSL,Credit card (automatic),62.85,3419.5,Yes,Yes,4.57,0,Low,2.87,P4 - Monitor,Standard retention campaign
8910-LEDAG,34,Month-to-month,Fiber optic,Credit card (automatic),71.55,2427.35,No,No,62.14,1,High,44.46,P3 - Medium,Offer annual contract incentive
3452-GWUIN,19,Month-to-month,Fiber optic,Electronic check,94.95,1760.25,No,No,81.69,1,Critical,77.56,P1 - Immediate,Offer annual contract incentive
2716-GFZOR,43,Month-to-month,Fiber optic,Credit card (automatic),86.1,3551.65,No,Yes,52.31,1,High,45.04,P3 - Medium,Offer annual contract incentive
3724-UCSHY,6,Month-to-month,No,Mailed check,19.55,122.9,No internet service,No internet service,16.25,0,Low,3.18,P4 - Monitor,Offer annual contract incentive
8626-XHBIE,56,Two year,No,Mailed check,24.8,1424.2,No internet service,No internet service,1.83,0,Low,0.45,P4 - Monitor,Standard retention campaign
3192-LNKRK,34,Month-to-month,Fiber optic,Mailed check,84.05,2909.95,No,No,19.61,0,Low,16.48,P4 - Monitor,Offer annual contract incentive
4439-YRNVD,10,Month-to-month,DSL,Electronic check,36.25,374.0,Yes,No,48.32,0,Medium,17.52,P4 - Monitor,Offer annual contract incentive
2208-UGTGR,56,Month-to-month,Fiber optic,Electronic check,98.6,5581.05,No,No,65.05,1,High,64.14,P2 - High,Offer annual contract incentive
3005-TYFRD,55,Month-to-month,Fiber optic,Credit card (automatic),103.65,5676.65,No,No,69.92,1,High,72.47,P2 - High,Offer annual contract incentive
8670-MEFCP,36,Two year,DSL,Credit card (automatic),92.9,3379.25,Yes,Yes,3.5,0,Low,3.25,P4 - Monitor,Standard retention campaign
3079-BCHLN,47,One year,No,Bank transfer (automatic),19.9,942.95,No internet service,No internet service,7.49,0,Low,1.49,P4 - Monitor,Standard retention campaign
7777-UNYHB,12,Month-to-month,No,Credit card (automatic),20.1,232.4,No internet service,No internet service,21.83,0,Low,4.39,P4 - Monitor,Offer annual contract incentive
7278-CKDNC,24,Month-to-month,Fiber optic,Electronic check,80.5,2088.45,No,No,76.63,1,Critical,61.69,P2 - High,Offer annual contract incentive
8450-UYIBU,35,Month-to-month,DSL,Electronic check,39.85,1434.6,No,No,61.34,1,High,24.44,P3 - Medium,Offer annual contract incentive
2969-VAPYH,67,One year,DSL,Credit card (automatic),60.5,3870.0,Yes,Yes,13.51,0,Low,8.17,P4 - Monitor,Standard retention campaign
7181-OQCUT,21,Month-to-month,Fiber optic,Mailed check,103.85,2215.0,No,Yes,62.58,1,High,64.99,P2 - High,Offer annual contract incentive
8474-UMLNT,13,Month-to-month,DSL,Bank transfer (automatic),67.8,842.25,Yes,Yes,37.67,0,Medium,25.54,P4 - Monitor,Offer annual contract incentive
3836-FZSDJ,71,Two year,No,Bank transfer (automatic),24.85,1901.0,No internet service,No internet service,2.92,0,Low,0.73,P4 - Monitor,Standard retention campaign
9142-XMYJH,29,Month-to-month,No,Credit card (automatic),19.35,601.6,No internet service,No internet service,17.78,0,Low,3.44,P4 - Monitor,Offer annual contract incentive
0187-QSXOE,7,Month-to-month,Fiber optic,Electronic check,89.0,605.45,No,No,88.54,1,Critical,78.8,P1 - Immediate,Offer annual contract incentive
7733-UDMTP,57,Month-to-month,DSL,Electronic check,55.0,3094.05,No,No,58.07,1,High,31.94,P3 - Medium,Offer annual contract incentive
2649-HWLYB,65,Two year,DSL,Bank transfer (automatic),76.15,4929.55,Yes,Yes,7.72,0,Low,5.88,P4 - Monitor,Standard retention campaign
5214-CHIWJ,27,One year,No,Mailed check,20.3,595.05,No internet service,No internet service,4.22,0,Low,0.86,P4 - Monitor,Standard retention campaign
6904-JLBGY,72,Two year,Fiber optic,Credit card (automatic),117.35,8436.25,Yes,Yes,13.54,0,Low,15.89,P4 - Monitor,Review Fiber pricing/service quality
2465-BLLEU,1,Month-to-month,No,Mailed check,19.75,19.75,No internet service,No internet service,59.75,1,High,11.8,P3 - Medium,Offer annual contract incentive
1685-VAYJF,11,Month-to-month,DSL,Credit card (automatic),45.2,492.0,No,No,55.28,1,High,24.99,P3 - Medium,Offer annual contract incentive
8874-EJNSR,39,Two year,No,Mailed check,25.2,987.95,No internet service,No internet service,1.14,0,Low,0.29,P4 - Monitor,Standard retention campaign
6917-YACBP,59,Month-to-month,Fiber optic,Electronic check,89.75,5496.9,No,Yes,53.13,1,High,47.68,P3 - Medium,Offer annual contract incentive
5049-MUBWG,26,One year,DSL,Bank transfer (automatic),75.0,1908.35,Yes,Yes,19.9,0,Low,14.92,P4 - Monitor,Standard retention campaign
4223-WOZCM,2,Month-to-month,DSL,Mailed check,49.95,107.1,No,No,74.45,1,High,37.19,P3 - Medium,Offer annual contract incentive
0769-MURVM,72,Two year,DSL,Bank transfer (automatic),65.7,4575.35,Yes,Yes,0.64,0,Low,0.42,P4 - Monitor,Standard retention campaign
9253-VIFJQ,65,One year,DSL,Credit card (automatic),67.05,4309.55,No,Yes,20.4,0,Low,13.68,P4 - Monitor,Offer Tech Support trial/bundle
7030-FZTFM,72,Two year,Fiber optic,Credit card (automatic),110.9,7922.75,Yes,No,4.0,0,Low,4.44,P4 - Monitor,Offer Online Security bundle
9741-YLNTD,6,Month-to-month,Fiber optic,Bank transfer (automatic),87.95,522.35,Yes,No,76.93,1,Critical,67.66,P2 - High,Offer annual contract incentive
5917-RYRMG,32,One year,No,Credit card (automatic),19.8,587.7,No internet service,No internet service,4.6,0,Low,0.91,P4 - Monitor,Standard retention campaign
5120-ZBLAI,50,One year,DSL,Bank transfer (automatic),75.7,3876.2,No,No,25.66,0,Medium,19.42,P4 - Monitor,Offer Tech Support trial/bundle
1194-BHJYC,61,Two year,DSL,Mailed check,62.15,3778.85,Yes,Yes,5.23,0,Low,3.25,P4 - Monitor,Standard retention campaign
0906-QVPMS,72,Two year,Fiber optic,Bank transfer (automatic),115.15,8349.45,Yes,Yes,16.43,0,Low,18.92,P4 - Monitor,Review Fiber pricing/service quality
1905-OEILC,1,Month-to-month,No,Mailed check,19.5,19.5,No internet service,No internet service,54.38,1,High,10.6,P3 - Medium,Offer annual contract incentive
7858-GTZSP,12,Month-to-month,Fiber optic,Electronic check,86.55,1066.9,No,No,86.12,1,Critical,74.54,P2 - High,Offer annual contract incentive
6248-BSHKG,61,One year,No,Mailed check,20.4,1226.45,No internet service,No internet service,1.92,0,Low,0.39,P4 - Monitor,Standard retention campaign
4685-TFLLS,18,One year,No,Bank transfer (automatic),19.8,342.3,No internet service,No internet service,3.67,0,Low,0.73,P4 - Monitor,Standard retention campaign
3470-BTGQO,21,Month-to-month,DSL,Mailed check,45.65,985.05,No,No,28.55,0,Medium,13.03,P4 - Monitor,Offer annual contract incentive
1209-VFFOC,68,Two year,DSL,Mailed check,56.4,3948.45,Yes,Yes,1.08,0,Low,0.61,P4 - Monitor,Standard retention campaign
8224-DWCKX,12,Month-to-month,Fiber optic,Credit card (automatic),73.3,828.05,No,No,75.85,1,Critical,55.6,P2 - High,Offer annual contract incentive
4553-DVPZG,62,Month-to-month,Fiber optic,Electronic check,101.35,6164.7,No,No,70.88,1,High,71.84,P2 - High,Offer annual contract incentive
6917-IAYHD,1,Month-to-month,DSL,Mailed check,33.6,33.6,Yes,No,39.22,0,Medium,13.18,P4 - Monitor,Offer annual contract incentive
8620-RJPZN,1,Month-to-month,No,Electronic check,20.7,20.7,No internet service,No internet service,48.32,0,Medium,10.0,P4 - Monitor,Offer annual contract incentive
7572-KPVKK,62,Two year,Fiber optic,Electronic check,104.05,6590.5,Yes,No,13.6,0,Low,14.15,P4 - Monitor,Offer Online Security bundle
2642-MAWLJ,36,Two year,No,Bank transfer (automatic),20.25,717.95,No internet service,No internet service,0.82,0,Low,0.17,P4 - Monitor,Standard retention campaign
7103-ZGVNT,69,One year,DSL,Credit card (automatic),73.7,4885.85,Yes,Yes,4.36,0,Low,3.21,P4 - Monitor,Standard retention campaign
2027-WKXMW,63,Month-to-month,Fiber optic,Electronic check,108.75,6871.7,Yes,No,63.69,1,High,69.26,P2 - High,Offer annual contract incentive
7137-NAXML,23,One year,No,Bank transfer (automatic),20.15,405.6,No internet service,No internet service,9.03,0,Low,1.82,P4 - Monitor,Standard retention campaign
2428-ZMCTB,10,Month-to-month,No,Credit card (automatic),19.75,208.25,No internet service,No internet service,25.38,0,Medium,5.01,P4 - Monitor,Offer annual contract incentive
2961-VNFKL,71,Two year,No,Credit card (automatic),25.95,1801.9,No internet service,No internet service,4.23,0,Low,1.1,P4 - Monitor,Standard retention campaign
1768-HNVGJ,45,Month-to-month,DSL,Electronic check,70.05,3062.45,Yes,Yes,37.38,0,Medium,26.18,P4 - Monitor,Offer annual contract incentive
6963-KQYQB,70,Two year,No,Mailed check,24.05,1764.75,No internet service,No internet service,0.98,0,Low,0.24,P4 - Monitor,Standard retention campaign
5934-RMPOV,22,Month-to-month,Fiber optic,Electronic check,84.75,1816.75,No,No,39.61,0,Medium,33.57,P4 - Monitor,Offer annual contract incentive
1207-BLKSA,52,Two year,No,Mailed check,23.05,1255.1,No internet service,No internet service,1.61,0,Low,0.37,P4 - Monitor,Standard retention campaign
8316-BBQAY,65,Two year,DSL,Credit card (automatic),59.95,3921.1,Yes,Yes,7.41,0,Low,4.44,P4 - Monitor,Standard retention campaign
1166-PQLGG,72,Two year,No,Bank transfer (automatic),19.55,1463.45,No internet service,No internet service,0.58,0,Low,0.11,P4 - Monitor,Standard retention campaign
3146-JTQHR,10,One year,No,Bank transfer (automatic),19.6,189.45,No internet service,No internet service,14.49,0,Low,2.84,P4 - Monitor,Standard retention campaign
4291-YZODP,7,One year,No,Mailed check,20.05,96.8,No internet service,No internet service,4.51,0,Low,0.9,P4 - Monitor,Standard retention campaign
4395-PZMSN,5,Month-to-month,Fiber optic,Electronic check,85.55,408.5,No,No,84.62,1,Critical,72.39,P2 - High,Offer annual contract incentive
6427-FEFIG,24,Two year,DSL,Credit card (automatic),78.6,1846.65,No,Yes,4.67,0,Low,3.67,P4 - Monitor,Offer Tech Support trial/bundle
0017-IUDMW,72,Two year,Fiber optic,Credit card (automatic),116.8,8456.75,Yes,Yes,1.88,0,Low,2.2,P4 - Monitor,Review Fiber pricing/service quality
8706-HRADD,21,Month-to-month,DSL,Mailed check,43.55,1011.5,Yes,Yes,41.62,0,Medium,18.13,P4 - Monitor,Offer annual contract incentive
9955-QOPOY,69,One year,DSL,Credit card (automatic),60.8,4263.4,Yes,No,26.83,0,Medium,16.31,P4 - Monitor,Offer Online Security bundle
4385-ZKVNW,44,Month-to-month,DSL,Bank transfer (automatic),54.9,2549.1,Yes,No,12.73,0,Low,6.99,P4 - Monitor,Offer annual contract incentive
5446-DKWYW,61,One year,DSL,Electronic check,65.2,3965.05,No,No,6.88,0,Low,4.49,P4 - Monitor,Offer Tech Support trial/bundle
9031-ZVQPT,72,Two year,Fiber optic,Electronic check,108.2,7840.6,Yes,No,25.97,0,Medium,28.1,P4 - Monitor,Offer Online Security bundle
2990-IAJSV,72,Two year,DSL,Bank transfer (automatic),92.0,6632.75,Yes,Yes,7.23,0,Low,6.65,P4 - Monitor,Standard retention campaign
8107-KNCIM,14,Month-to-month,Fiber optic,Electronic check,75.1,1013.35,No,No,83.85,1,Critical,62.97,P2 - High,Offer annual contract incentive
9027-YFHQJ,7,Month-to-month,No,Bank transfer (automatic),25.05,152.95,No internet service,No internet service,29.08,0,Medium,7.28,P4 - Monitor,Offer annual contract incentive
5176-LDKUH,48,One year,Fiber optic,Electronic check,75.15,3772.65,No,No,32.45,0,Medium,24.39,P4 - Monitor,Offer Tech Support trial/bundle
4644-OBGFZ,55,One year,No,Mailed check,19.5,1026.35,No internet service,No internet service,1.87,0,Low,0.36,P4 - Monitor,Standard retention campaign
7926-IJOOU,1,Month-to-month,No,Credit card (automatic),19.3,19.3,No internet service,No internet service,40.79,0,Medium,7.87,P4 - Monitor,Offer annual contract incentive
6480-YAGIY,45,One year,Fiber optic,Credit card (automatic),112.2,5031.85,Yes,Yes,43.35,0,Medium,48.64,P4 - Monitor,Review Fiber pricing/service quality
4029-HPFVY,3,Month-to-month,Fiber optic,Mailed check,70.3,220.4,No,No,81.23,1,Critical,57.1,P2 - High,Offer annual contract incentive
7602-DBTOU,71,Two year,No,Mailed check,19.6,1416.5,No internet service,No internet service,3.88,0,Low,0.76,P4 - Monitor,Standard retention campaign
5345-BMKWB,8,Month-to-month,No,Mailed check,20.25,158.35,No internet service,No internet service,36.44,0,Medium,7.38,P4 - Monitor,Offer annual contract incentive
5457-COLHT,69,Two year,DSL,Bank transfer (automatic),80.65,5542.55,Yes,Yes,1.58,0,Low,1.27,P4 - Monitor,Standard retention campaign
5451-YHYPW,72,Two year,Fiber optic,Credit card (automatic),115.75,8443.7,Yes,Yes,10.72,0,Low,12.41,P4 - Monitor,Review Fiber pricing/service quality
7998-WNZEM,71,Two year,DSL,Bank transfer (automatic),80.6,5708.2,Yes,Yes,4.3,0,Low,3.47,P4 - Monitor,Standard retention campaign
4664-NJCMS,33,Two year,DSL,Bank transfer (automatic),59.55,2016.3,Yes,Yes,7.87,0,Low,4.69,P4 - Monitor,Standard retention campaign
0307-BCOPK,16,One year,No,Mailed check,19.05,326.65,No internet service,No internet service,8.04,0,Low,1.53,P4 - Monitor,Standard retention campaign
7629-WFGLW,56,One year,Fiber optic,Electronic check,95.65,5471.75,Yes,Yes,35.91,0,Medium,34.35,P4 - Monitor,Promote automatic payment
2542-HYGIQ,1,Month-to-month,No,Credit card (automatic),19.95,19.95,No internet service,No internet service,45.9,0,Medium,9.16,P4 - Monitor,Offer annual contract incentive
5016-LIPDW,57,One year,No,Mailed check,19.4,1061.6,No internet service,No internet service,2.21,0,Low,0.43,P4 - Monitor,Standard retention campaign
6481-LXPWL,56,One year,DSL,Credit card (automatic),36.1,1971.5,No,No,7.77,0,Low,2.8,P4 - Monitor,Offer Tech Support trial/bundle
6124-ACRHJ,1,Month-to-month,No,Mailed check,19.75,19.75,No internet service,No internet service,55.19,1,High,10.9,P3 - Medium,Offer annual contract incentive
9362-MWODR,40,Month-to-month,DSL,Credit card (automatic),64.1,2460.35,Yes,Yes,17.4,0,Low,11.15,P4 - Monitor,Offer annual contract incentive
9975-GPKZU,46,Two year,No,Credit card (automatic),19.75,856.5,No internet service,No internet service,0.68,0,Low,0.13,P4 - Monitor,Standard retention campaign
9625-RZFUK,63,Two year,No,Mailed check,19.7,1275.85,No internet service,No internet service,0.59,0,Low,0.12,P4 - Monitor,Standard retention campaign
5153-LXKDT,68,Two year,Fiber optic,Electronic check,110.2,7467.5,No,Yes,5.31,0,Low,5.85,P4 - Monitor,Offer Tech Support trial/bundle
5161-UBZXI,69,Two year,Fiber optic,Credit card (automatic),106.35,7261.75,Yes,Yes,4.43,0,Low,4.71,P4 - Monitor,Review Fiber pricing/service quality
1020-JPQOW,56,Month-to-month,Fiber optic,Electronic check,90.55,5116.6,Yes,No,55.18,1,High,49.97,P3 - Medium,Offer annual contract incentive
7919-ZODZZ,10,One year,DSL,Mailed check,65.9,660.05,No,No,15.15,0,Low,9.98,P4 - Monitor,Offer Tech Support trial/bundle
0565-JUPYD,63,One year,Fiber optic,Credit card (automatic),104.5,6590.8,Yes,Yes,31.69,0,Medium,33.12,P4 - Monitor,Review Fiber pricing/service quality
6867-ACCZI,24,Two year,DSL,Mailed check,52.5,1208.15,Yes,Yes,3.35,0,Low,1.76,P4 - Monitor,Standard retention campaign
5939-XAIXZ,19,Month-to-month,DSL,Mailed check,56.1,1033.9,No,No,47.5,0,Medium,26.65,P4 - Monitor,Offer annual contract incentive
9054-FOWNV,22,Month-to-month,Fiber optic,Electronic check,88.75,1885.15,No,No,27.5,0,Medium,24.41,P4 - Monitor,Offer annual contract incentive
8207-VVMYB,70,Two year,No,Bank transfer (automatic),26.0,2006.95,No internet service,No internet service,4.33,0,Low,1.13,P4 - Monitor,Standard retention campaign
9732-EQMWY,49,Month-to-month,Fiber optic,Electronic check,99.4,5025.0,No,No,66.69,1,High,66.29,P2 - High,Offer annual contract incentive
5269-NRGDP,42,One year,DSL,Electronic check,73.15,3088.25,Yes,No,7.57,0,Low,5.54,P4 - Monitor,Offer Online Security bundle
6195-MELTI,57,One year,DSL,Mailed check,54.65,3134.7,Yes,No,21.51,0,Low,11.76,P4 - Monitor,Offer Online Security bundle
2121-JAFOM,72,Two year,Fiber optic,Credit card (automatic),115.55,8312.4,Yes,Yes,11.73,0,Low,13.55,P4 - Monitor,Review Fiber pricing/service quality
8818-DOPVL,46,Month-to-month,Fiber optic,Electronic check,104.45,4863.85,No,No,75.09,1,Critical,78.43,P1 - Immediate,Offer annual contract incentive
1227-UDMZR,72,Two year,DSL,Bank transfer (automatic),91.15,6637.9,Yes,Yes,5.3,0,Low,4.83,P4 - Monitor,Standard retention campaign
5198-HQAEN,35,One year,Fiber optic,Electronic check,89.7,3165.6,Yes,No,8.65,0,Low,7.76,P4 - Monitor,Offer Online Security bundle
2167-FQSTQ,72,Two year,DSL,Electronic check,92.4,6786.1,Yes,Yes,8.51,0,Low,7.86,P4 - Monitor,Promote automatic payment
2819-GWENI,28,One year,No,Mailed check,19.9,543.0,No internet service,No internet service,1.77,0,Low,0.35,P4 - Monitor,Standard retention campaign
3572-UUHRS,45,One year,No,Bank transfer (automatic),18.85,867.3,No internet service,No internet service,7.77,0,Low,1.46,P4 - Monitor,Standard retention campaign
2692-PFYTJ,1,Month-to-month,No,Mailed check,25.75,25.75,No internet service,No internet service,45.43,0,Medium,11.7,P4 - Monitor,Offer annual contract incentive
5955-EPOAZ,6,Month-to-month,No,Mailed check,20.95,109.5,No internet service,No internet service,28.84,0,Medium,6.04,P4 - Monitor,Offer annual contract incentive
6821-JPCDC,48,One year,Fiber optic,Electronic check,97.05,4692.95,No,No,53.38,1,High,51.81,P2 - High,Offer Tech Support trial/bundle
8815-LMFLX,25,Month-to-month,No,Bank transfer (automatic),25.4,546.85,No internet service,No internet service,18.9,0,Low,4.8,P4 - Monitor,Offer annual contract incentive
9135-HSWOC,64,Two year,No,Bank transfer (automatic),19.7,1274.05,No internet service,No internet service,0.96,0,Low,0.19,P4 - Monitor,Standard retention campaign
8582-KRHPJ,50,Month-to-month,DSL,Mailed check,35.0,1782.4,No,Yes,37.56,0,Medium,13.15,P4 - Monitor,Offer annual contract incentive
5811-IWXYM,52,One year,Fiber optic,Bank transfer (automatic),101.25,5301.1,No,No,6.95,0,Low,7.04,P4 - Monitor,Offer Tech Support trial/bundle
7044-YAACC,4,Month-to-month,Fiber optic,Electronic check,70.2,280.35,No,No,83.7,1,Critical,58.76,P2 - High,Offer annual contract incentive
8189-XRIKE,32,Month-to-month,Fiber optic,Electronic check,90.95,2897.95,No,No,70.42,1,High,64.05,P2 - High,Offer annual contract incentive
1506-YJTYT,45,Two year,DSL,Credit card (automatic),73.85,3371.0,Yes,Yes,2.04,0,Low,1.51,P4 - Monitor,Standard retention campaign
4123-DVHPH,9,Month-to-month,Fiber optic,Electronic check,88.05,801.3,No,Yes,72.11,1,High,63.49,P2 - High,Offer annual contract incentive
2228-BZDEE,54,Two year,No,Mailed check,20.1,1079.45,No internet service,No internet service,5.69,0,Low,1.14,P4 - Monitor,Standard retention campaign
2789-CZANW,64,Two year,Fiber optic,Bank transfer (automatic),110.3,6997.3,Yes,Yes,4.83,0,Low,5.33,P4 - Monitor,Review Fiber pricing/service quality
7596-LDUXP,12,One year,Fiber optic,Credit card (automatic),85.15,979.05,No,Yes,40.47,0,Medium,34.46,P4 - Monitor,Offer Tech Support trial/bundle
3740-RLMVT,67,One year,DSL,Bank transfer (automatic),60.95,4119.4,Yes,Yes,14.75,0,Low,8.99,P4 - Monitor,Standard retention campaign
2192-OZITF,45,Two year,DSL,Mailed check,73.55,3349.1,Yes,Yes,7.0,0,Low,5.15,P4 - Monitor,Standard retention campaign
5651-CPDND,10,Month-to-month,DSL,Mailed check,46.0,492.1,No,No,57.21,1,High,26.32,P3 - Medium,Offer annual contract incentive
2186-QZEYA,29,Month-to-month,DSL,Bank transfer (automatic),58.55,1718.95,No,Yes,38.36,0,Medium,22.46,P4 - Monitor,Offer annual contract incentive
1131-ALZWV,24,One year,No,Bank transfer (automatic),24.6,605.25,No internet service,No internet service,14.46,0,Low,3.56,P4 - Monitor,Standard retention campaign
7729-XBTWX,66,Two year,No,Mailed check,19.75,1344.5,No internet service,No internet service,0.76,0,Low,0.15,P4 - Monitor,Standard retention campaign
9134-WYRVP,51,One year,Fiber optic,Mailed check,86.35,4267.15,No,Yes,24.42,0,Low,21.09,P4 - Monitor,Offer Tech Support trial/bundle
3284-SVCRO,45,Two year,No,Mailed check,25.5,1121.05,No internet service,No internet service,5.91,0,Low,1.51,P4 - Monitor,Standard retention campaign
9732-OUYRN,49,One year,No,Credit card (automatic),19.0,918.7,No internet service,No internet service,6.09,0,Low,1.16,P4 - Monitor,Standard retention campaign
0559-CKHUS,29,Two year,No,Mailed check,19.55,521.8,No internet service,No internet service,9.17,0,Low,1.79,P4 - Monitor,Standard retention campaign
2931-SVLTV,40,Month-to-month,Fiber optic,Credit card (automatic),110.1,4469.1,Yes,Yes,17.6,0,Low,19.38,P4 - Monitor,Offer annual contract incentive
7504-UWHNB,25,Month-to-month,Fiber optic,Electronic check,69.75,1729.35,No,No,68.39,1,High,47.7,P3 - Medium,Offer annual contract incentive
2582-FFFZR,22,Month-to-month,DSL,Electronic check,50.6,1073.3,No,No,66.09,1,High,33.44,P3 - Medium,Offer annual contract incentive
8908-NMQTX,72,Two year,DSL,Bank transfer (automatic),65.6,4566.5,Yes,Yes,3.75,0,Low,2.46,P4 - Monitor,Standard retention campaign
1431-AIDJQ,33,Two year,DSL,Credit card (automatic),82.1,2603.1,Yes,No,2.6,0,Low,2.13,P4 - Monitor,Offer Online Security bundle
6288-LBEAR,23,Month-to-month,Fiber optic,Mailed check,79.1,1783.75,Yes,No,53.66,1,High,42.45,P3 - Medium,Offer annual contract incentive
8413-YNHNV,69,Two year,DSL,Mailed check,90.65,6322.1,Yes,Yes,5.72,0,Low,5.19,P4 - Monitor,Standard retention campaign
5808-TOTXO,3,One year,No,Credit card (automatic),20.55,57.4,No internet service,No internet service,8.05,0,Low,1.65,P4 - Monitor,Standard retention campaign
4369-NYSCF,56,One year,DSL,Bank transfer (automatic),75.75,4284.65,Yes,No,31.56,0,Medium,23.91,P4 - Monitor,Offer Online Security bundle
6333-YDVLT,65,One year,Fiber optic,Credit card (automatic),110.0,7138.65,Yes,Yes,44.15,0,Medium,48.56,P4 - Monitor,Review Fiber pricing/service quality
5324-KTGCG,71,One year,No,Electronic check,20.85,1539.75,No internet service,No internet service,8.07,0,Low,1.68,P4 - Monitor,Promote automatic payment
5599-HVLTW,14,Month-to-month,Fiber optic,Bank transfer (automatic),80.35,1058.1,No,No,80.55,1,Critical,64.72,P2 - High,Offer annual contract incentive
7394-LWLYN,2,Month-to-month,Fiber optic,Electronic check,70.15,123.8,No,No,84.7,1,Critical,59.42,P2 - High,Offer annual contract incentive
6873-UDNLD,40,Month-to-month,DSL,Electronic check,67.45,2731.0,No,Yes,34.84,0,Medium,23.5,P4 - Monitor,Offer annual contract incentive
2700-LUEVA,1,Month-to-month,No,Credit card (automatic),20.75,20.75,No internet service,No internet service,41.01,0,Medium,8.51,P4 - Monitor,Offer annual contract incentive
0958-YHXGP,7,Month-to-month,Fiber optic,Mailed check,69.9,497.3,No,No,78.29,1,Critical,54.72,P2 - High,Offer annual contract incentive
1101-SSWAG,15,Month-to-month,DSL,Electronic check,51.1,711.15,No,No,63.05,1,High,32.22,P3 - Medium,Offer annual contract incentive
5743-KHMNA,71,Two year,No,Bank transfer (automatic),25.55,1898.1,No internet service,No internet service,3.85,0,Low,0.98,P4 - Monitor,Standard retention campaign
4194-FJARJ,54,Two year,DSL,Bank transfer (automatic),60.0,3273.95,Yes,Yes,2.36,0,Low,1.42,P4 - Monitor,Standard retention campaign
5325-UWTWJ,31,Month-to-month,Fiber optic,Credit card (automatic),90.55,2929.75,Yes,Yes,41.25,0,Medium,37.35,P4 - Monitor,Offer annual contract incentive
3969-GYXEL,11,Month-to-month,Fiber optic,Electronic check,76.4,838.7,No,Yes,64.25,1,High,49.09,P3 - Medium,Offer annual contract incentive
9208-OLGAQ,18,Month-to-month,Fiber optic,Electronic check,84.95,1443.65,No,No,77.4,1,Critical,65.75,P2 - High,Offer annual contract incentive
3244-CQPHU,72,Two year,Fiber optic,Bank transfer (automatic),110.1,7746.7,Yes,Yes,20.42,0,Low,22.48,P4 - Monitor,Review Fiber pricing/service quality
2674-MLXMN,71,Month-to-month,Fiber optic,Credit card (automatic),99.65,6951.15,No,No,63.89,1,High,63.67,P2 - High,Offer annual contract incentive
9708-HPXWZ,5,Month-to-month,DSL,Credit card (automatic),45.4,214.75,Yes,No,59.13,1,High,26.85,P3 - Medium,Offer annual contract incentive
6992-TKNYO,38,One year,DSL,Credit card (automatic),69.0,2669.45,Yes,No,20.52,0,Low,14.16,P4 - Monitor,Offer Online Security bundle
4468-YDOVK,5,Month-to-month,DSL,Bank transfer (automatic),48.65,235.2,Yes,No,41.86,0,Medium,20.36,P4 - Monitor,Offer annual contract incentive
5792-JALQC,52,Two year,DSL,Bank transfer (automatic),59.85,3103.25,No,Yes,11.35,0,Low,6.79,P4 - Monitor,Offer Tech Support trial/bundle
2200-DSAAL,68,Two year,DSL,Electronic check,80.65,5330.2,No,No,21.5,0,Low,17.34,P4 - Monitor,Offer Tech Support trial/bundle
4302-ZYFEL,69,One year,No,Credit card (automatic),20.55,1403.1,No internet service,No internet service,1.9,0,Low,0.39,P4 - Monitor,Standard retention campaign
9351-LZYGF,42,Month-to-month,DSL,Credit card (automatic),66.4,2727.8,Yes,Yes,25.4,0,Medium,16.87,P4 - Monitor,Offer annual contract incentive
4366-CTOUZ,50,Two year,Fiber optic,Mailed check,100.2,5038.45,Yes,No,28.09,0,Medium,28.15,P4 - Monitor,Offer Online Security bundle
1518-OMDIK,33,Month-to-month,DSL,Credit card (automatic),44.55,1462.6,No,No,42.87,0,Medium,19.1,P4 - Monitor,Offer annual contract incentive
6671-NGWON,7,Month-to-month,No,Mailed check,20.35,150.6,No internet service,No internet service,31.05,0,Medium,6.32,P4 - Monitor,Offer annual contract incentive
0595-ITUDF,64,Month-to-month,Fiber optic,Electronic check,91.8,5960.5,No,Yes,13.35,0,Low,12.26,P4 - Monitor,Offer annual contract incentive
1955-IBMMB,59,Two year,No,Bank transfer (automatic),20.2,1192.3,No internet service,No internet service,5.94,0,Low,1.2,P4 - Monitor,Standard retention campaign
0096-BXERS,6,Month-to-month,DSL,Electronic check,50.35,314.55,No,No,69.16,1,High,34.82,P3 - Medium,Offer annual contract incentive
3806-YAZOV,3,Month-to-month,No,Mailed check,18.8,56.0,No internet service,No internet service,32.29,0,Medium,6.07,P4 - Monitor,Offer annual contract incentive
7998-ZLXWN,15,Month-to-month,No,Credit card (automatic),20.45,330.8,No internet service,No internet service,28.15,0,Medium,5.76,P4 - Monitor,Offer annual contract incentive
6253-WRFHY,13,One year,DSL,Electronic check,64.75,877.35,No,No,20.75,0,Low,13.44,P4 - Monitor,Offer Tech Support trial/bundle
9133-AYJZG,23,Month-to-month,Fiber optic,Credit card (automatic),98.7,2249.1,No,No,75.64,1,Critical,74.66,P2 - High,Offer annual contract incentive
2675-OTVVJ,31,Month-to-month,Fiber optic,Electronic check,89.45,2807.65,No,Yes,67.19,1,High,60.1,P2 - High,Offer annual contract incentive
8680-CGLTP,29,One year,DSL,Electronic check,58.75,1696.2,Yes,Yes,18.37,0,Low,10.79,P4 - Monitor,Promote automatic payment
8430-TWCBX,49,One year,No,Credit card (automatic),20.7,1032.05,No internet service,No internet service,6.64,0,Low,1.37,P4 - Monitor,Standard retention campaign
5018-GWURO,56,Month-to-month,Fiber optic,Bank transfer (automatic),85.6,4902.8,No,No,67.48,1,High,57.76,P2 - High,Offer annual contract incentive
6741-QRLUP,63,Two year,DSL,Credit card (automatic),80.3,4995.35,Yes,Yes,6.65,0,Low,5.34,P4 - Monitor,Standard retention campaign
4737-HOBAX,63,Two year,DSL,Credit card (automatic),79.8,5034.05,Yes,No,7.14,0,Low,5.7,P4 - Monitor,Offer Online Security bundle
0537-QYZZN,24,Month-to-month,Fiber optic,Electronic check,79.85,1857.75,No,Yes,27.77,0,Medium,22.17,P4 - Monitor,Offer annual contract incentive
3340-QBBFM,36,One year,DSL,Credit card (automatic),54.1,1992.85,Yes,No,17.84,0,Low,9.65,P4 - Monitor,Offer Online Security bundle
8200-KLNYW,21,One year,DSL,Mailed check,80.9,1714.95,Yes,Yes,29.0,0,Medium,23.46,P4 - Monitor,Standard retention campaign
3372-CDXFJ,13,One year,No,Bank transfer (automatic),24.5,343.6,No internet service,No internet service,7.59,0,Low,1.86,P4 - Monitor,Standard retention campaign
4781-ZXYGU,1,Month-to-month,No,Bank transfer (automatic),20.15,20.15,No internet service,No internet service,51.84,1,High,10.45,P3 - Medium,Offer annual contract incentive
7632-YUTXB,25,One year,No,Mailed check,20.05,520.1,No internet service,No internet service,1.91,0,Low,0.38,P4 - Monitor,Standard retention campaign
2718-YSKCS,71,Two year,No,Bank transfer (automatic),19.6,1387.45,No internet service,No internet service,0.82,0,Low,0.16,P4 - Monitor,Standard retention campaign
9896-UYMIE,66,One year,Fiber optic,Bank transfer (automatic),114.3,7383.7,Yes,Yes,43.62,0,Medium,49.86,P4 - Monitor,Review Fiber pricing/service quality
0853-NWIFK,45,One year,Fiber optic,Electronic check,100.3,4483.95,No,Yes,42.03,0,Medium,42.16,P4 - Monitor,Offer Tech Support trial/bundle
8212-CRQXP,22,Month-to-month,Fiber optic,Credit card (automatic),80.0,1706.45,No,No,69.03,1,High,55.22,P2 - High,Offer annual contract incentive
6980-CDGFC,67,One year,No,Bank transfer (automatic),20.85,1327.4,No internet service,No internet service,10.32,0,Low,2.15,P4 - Monitor,Standard retention campaign
7691-XVTZH,68,Two year,Fiber optic,Bank transfer (automatic),89.95,5974.3,No,No,26.65,0,Medium,23.97,P4 - Monitor,Offer Tech Support trial/bundle
2277-VWCNI,4,Month-to-month,DSL,Mailed check,48.75,179.85,No,No,76.6,1,Critical,37.34,P3 - Medium,Offer annual contract incentive
1088-CNNKB,63,One year,DSL,Credit card (automatic),80.0,5040.2,Yes,Yes,25.51,0,Medium,20.41,P4 - Monitor,Standard retention campaign
1930-BZLHI,21,One year,No,Mailed check,20.35,422.7,No internet service,No internet service,4.8,0,Low,0.98,P4 - Monitor,Standard retention campaign
5868-YTYKS,1,Month-to-month,No,Mailed check,20.25,20.25,No internet service,No internet service,46.96,0,Medium,9.51,P4 - Monitor,Offer annual contract incentive
3525-DVKFN,17,Two year,No,Mailed check,19.4,358.05,No internet service,No internet service,5.94,0,Low,1.15,P4 - Monitor,Standard retention campaign
1482-OXZSY,30,Month-to-month,Fiber optic,Bank transfer (automatic),100.4,2936.25,No,Yes,66.13,1,High,66.39,P2 - High,Offer annual contract incentive
0377-JBKKT,22,Month-to-month,DSL,Mailed check,57.95,1271.8,Yes,Yes,18.53,0,Low,10.74,P4 - Monitor,Offer annual contract incentive
5778-BVOFB,9,Month-to-month,DSL,Bank transfer (automatic),59.5,530.05,Yes,No,52.04,1,High,30.96,P3 - Medium,Offer annual contract incentive
3373-YZZYM,1,Month-to-month,No,Mailed check,19.2,19.2,No internet service,No internet service,49.68,0,Medium,9.54,P4 - Monitor,Offer annual contract incentive
0228-MAUWC,19,Month-to-month,DSL,Electronic check,59.55,1144.6,Yes,No,38.7,0,Medium,23.05,P4 - Monitor,Offer annual contract incentive
7663-YJHSN,72,Two year,Fiber optic,Bank transfer (automatic),103.95,7556.9,Yes,Yes,16.4,0,Low,17.05,P4 - Monitor,Review Fiber pricing/service quality
4915-BFSXL,70,Two year,DSL,Credit card (automatic),68.95,4858.7,No,Yes,3.45,0,Low,2.38,P4 - Monitor,Offer Tech Support trial/bundle
3086-RUCRN,66,Month-to-month,Fiber optic,Bank transfer (automatic),103.1,6595.0,Yes,Yes,44.02,0,Medium,45.38,P4 - Monitor,Offer annual contract incentive
5215-LNLDJ,7,Month-to-month,DSL,Electronic check,24.7,149.05,No,No,48.79,0,Medium,12.05,P4 - Monitor,Offer annual contract incentive
7576-JMYWV,46,Month-to-month,Fiber optic,Electronic check,110.2,4972.1,Yes,Yes,20.4,0,Low,22.48,P4 - Monitor,Offer annual contract incentive
0257-KXZGU,32,Month-to-month,DSL,Bank transfer (automatic),62.45,2045.55,No,No,15.05,0,Low,9.4,P4 - Monitor,Offer annual contract incentive
1307-ATKGB,24,Month-to-month,Fiber optic,Electronic check,89.55,2187.15,No,No,71.61,1,High,64.13,P2 - High,Offer annual contract incentive
3714-XPXBW,37,Month-to-month,DSL,Credit card (automatic),78.9,2976.95,Yes,Yes,27.56,0,Medium,21.74,P4 - Monitor,Offer annual contract incentive
1850-AKQEP,8,Month-to-month,No,Mailed check,20.35,178.7,No internet service,No internet service,14.55,0,Low,2.96,P4 - Monitor,Offer annual contract incentive
2824-DXNKN,72,Two year,DSL,Bank transfer (automatic),71.45,5025.85,No,Yes,1.87,0,Low,1.34,P4 - Monitor,Offer Tech Support trial/bundle
5227-JSCFE,71,Two year,DSL,Credit card (automatic),46.35,3353.4,Yes,Yes,9.56,0,Low,4.43,P4 - Monitor,Standard retention campaign
0848-ZGQIJ,16,Month-to-month,Fiber optic,Bank transfer (automatic),94.65,1461.15,No,No,76.56,1,Critical,72.46,P2 - High,Offer annual contract incentive
3621-CHYVB,57,Month-to-month,DSL,Bank transfer (automatic),49.9,2782.4,Yes,Yes,25.34,0,Medium,12.64,P4 - Monitor,Offer annual contract incentive
8042-RNLKO,66,One year,No,Bank transfer (automatic),25.45,1699.15,No internet service,No internet service,14.45,0,Low,3.68,P4 - Monitor,Standard retention campaign
5372-FBKBN,21,Month-to-month,No,Mailed check,20.75,452.2,No internet service,No internet service,12.1,0,Low,2.51,P4 - Monitor,Offer annual contract incentive
0420-TXVSG,66,Two year,DSL,Credit card (automatic),66.1,4428.45,No,Yes,7.66,0,Low,5.06,P4 - Monitor,Offer Tech Support trial/bundle
6217-TOWGS,17,Month-to-month,DSL,Bank transfer (automatic),75.4,1322.55,No,No,45.38,0,Medium,34.22,P4 - Monitor,Offer annual contract incentive
1045-LTCYT,8,Month-to-month,No,Credit card (automatic),21.05,139.75,No internet service,No internet service,20.84,0,Low,4.39,P4 - Monitor,Offer annual contract incentive
1544-JJMYL,27,One year,DSL,Credit card (automatic),69.35,1927.3,Yes,Yes,16.85,0,Low,11.69,P4 - Monitor,Standard retention campaign
4636-JGAAI,34,Month-to-month,Fiber optic,Mailed check,88.85,3000.25,No,No,60.5,1,High,53.75,P2 - High,Offer annual contract incentive
6874-SGLHU,30,One year,Fiber optic,Bank transfer (automatic),97.0,3021.3,No,No,47.16,0,Medium,45.75,P4 - Monitor,Offer Tech Support trial/bundle
5951-AOFIH,33,Month-to-month,DSL,Credit card (automatic),66.4,2245.4,No,No,38.86,0,Medium,25.8,P4 - Monitor,Offer annual contract incentive
3059-NGMXB,14,Month-to-month,DSL,Mailed check,69.2,944.65,No,Yes,24.18,0,Low,16.73,P4 - Monitor,Offer annual contract incentive
8652-YHIYU,16,One year,Fiber optic,Credit card (automatic),79.5,1264.2,Yes,No,21.71,0,Low,17.26,P4 - Monitor,Offer Online Security bundle
5278-PNYOX,49,Two year,Fiber optic,Credit card (automatic),100.65,4917.75,Yes,No,20.52,0,Low,20.65,P4 - Monitor,Offer Online Security bundle
3486-HOOGQ,70,Two year,DSL,Bank transfer (automatic),79.7,5743.3,Yes,Yes,1.82,0,Low,1.45,P4 - Monitor,Standard retention campaign
5061-PBXFW,32,Month-to-month,DSL,Bank transfer (automatic),61.4,1864.65,Yes,Yes,12.15,0,Low,7.46,P4 - Monitor,Offer annual contract incentive
8630-FJLIB,18,Month-to-month,Fiber optic,Electronic check,69.8,1221.65,No,No,73.05,1,High,50.99,P2 - High,Offer annual contract incentive
3891-NLXJB,37,Two year,DSL,Mailed check,40.55,1390.85,Yes,Yes,6.43,0,Low,2.61,P4 - Monitor,Standard retention campaign
4749-OJKQU,4,Month-to-month,Fiber optic,Electronic check,75.65,302.35,No,No,86.85,1,Critical,65.7,P2 - High,Offer annual contract incentive
0577-WHMEV,16,Month-to-month,Fiber optic,Electronic check,90.7,1374.9,No,Yes,61.92,1,High,56.16,P2 - High,Offer annual contract incentive
5453-AXEPF,17,Month-to-month,Fiber optic,Bank transfer (automatic),80.5,1336.9,No,No,72.6,1,High,58.44,P2 - High,Offer annual contract incentive
3639-XJHKQ,19,Month-to-month,DSL,Electronic check,60.6,1297.8,No,Yes,33.93,0,Medium,20.56,P4 - Monitor,Offer annual contract incentive
3716-LRGXK,60,Two year,Fiber optic,Credit card (automatic),101.15,6067.4,No,No,28.31,0,Medium,28.64,P4 - Monitor,Offer Tech Support trial/bundle
2263-SFSQZ,51,Two year,No,Mailed check,24.95,1222.25,No internet service,No internet service,2.08,0,Low,0.52,P4 - Monitor,Standard retention campaign
9950-MTGYX,28,Two year,No,Credit card (automatic),20.3,487.95,No internet service,No internet service,1.16,0,Low,0.24,P4 - Monitor,Standard retention campaign
3397-AVTKU,43,Two year,DSL,Electronic check,60.0,2548.55,No,No,22.11,0,Low,13.27,P4 - Monitor,Offer Tech Support trial/bundle
4825-FUREZ,42,Two year,No,Electronic check,20.25,835.5,No internet service,No internet service,3.39,0,Low,0.69,P4 - Monitor,Promote automatic payment
2672-OJQZP,1,Month-to-month,DSL,Mailed check,44.75,44.75,No,No,74.98,1,High,33.55,P3 - Medium,Offer annual contract incentive
3134-DSHVC,63,Two year,Fiber optic,Credit card (automatic),98.0,6218.45,No,Yes,18.21,0,Low,17.85,P4 - Monitor,Offer Tech Support trial/bundle
7821-DPRQE,68,Month-to-month,Fiber optic,Electronic check,107.7,7320.9,Yes,Yes,49.46,0,Medium,53.27,P4 - Monitor,Offer annual contract incentive
2001-EWBQU,60,Two year,Fiber optic,Electronic check,104.7,6333.8,No,No,36.7,0,Medium,38.42,P4 - Monitor,Offer Tech Support trial/bundle
1608-GMEWB,45,Month-to-month,Fiber optic,Bank transfer (automatic),93.9,4200.25,No,No,74.22,1,High,69.69,P2 - High,Offer annual contract incentive
6695-AMZUF,70,Two year,DSL,Credit card (automatic),86.45,5950.2,Yes,Yes,5.93,0,Low,5.13,P4 - Monitor,Standard retention campaign
8410-BGQXN,4,Month-to-month,No,Mailed check,19.4,93.4,No internet service,No internet service,32.31,0,Medium,6.27,P4 - Monitor,Offer annual contract incentive
1619-YWUBB,68,Two year,No,Credit card (automatic),24.95,1614.9,No internet service,No internet service,4.68,0,Low,1.17,P4 - Monitor,Standard retention campaign
7611-YKYTC,22,Month-to-month,Fiber optic,Bank transfer (automatic),75.0,1573.95,No,Yes,30.61,0,Medium,22.96,P4 - Monitor,Offer annual contract incentive
0365-GXEZS,18,Month-to-month,Fiber optic,Electronic check,78.2,1468.75,Yes,No,60.09,1,High,46.99,P3 - Medium,Offer annual contract incentive
0082-OQIQY,29,Month-to-month,Fiber optic,Electronic check,94.2,2607.6,Yes,No,65.82,1,High,62.0,P2 - High,Offer annual contract incentive
3606-SBKRY,31,One year,DSL,Electronic check,50.05,1523.4,No,No,43.54,0,Medium,21.79,P4 - Monitor,Offer Tech Support trial/bundle
0667-NSRGI,48,One year,DSL,Mailed check,69.55,3435.6,Yes,No,21.31,0,Low,14.82,P4 - Monitor,Offer Online Security bundle
6893-ODYYE,50,One year,Fiber optic,Credit card (automatic),90.1,4549.45,Yes,Yes,19.68,0,Low,17.73,P4 - Monitor,Review Fiber pricing/service quality
8242-JSVBO,7,Month-to-month,DSL,Bank transfer (automatic),44.65,322.5,No,No,64.03,1,High,28.59,P3 - Medium,Offer annual contract incentive
9541-ZPSEA,68,Two year,Fiber optic,Credit card (automatic),80.35,5375.15,No,Yes,2.55,0,Low,2.05,P4 - Monitor,Offer Tech Support trial/bundle
2665-NPTGL,26,Month-to-month,Fiber optic,Bank transfer (automatic),98.1,2510.7,No,No,75.83,1,Critical,74.39,P2 - High,Offer annual contract incentive
1139-WUOAH,57,Two year,DSL,Credit card (automatic),53.35,3090.05,Yes,No,11.16,0,Low,5.95,P4 - Monitor,Offer Online Security bundle
4693-VWVBO,3,Month-to-month,No,Electronic check,19.55,61.05,No internet service,No internet service,38.69,0,Medium,7.56,P4 - Monitor,Offer annual contract incentive
6937-GCDGQ,19,One year,DSL,Bank transfer (automatic),48.95,955.6,No,Yes,10.16,0,Low,4.97,P4 - Monitor,Offer Tech Support trial/bundle
0988-JRWWP,3,Month-to-month,DSL,Electronic check,54.2,140.4,No,No,73.07,1,High,39.6,P3 - Medium,Offer annual contract incentive
5075-JSDKI,59,Two year,No,Electronic check,24.45,1493.1,No internet service,No internet service,4.6,0,Low,1.12,P4 - Monitor,Promote automatic payment
8644-XYTSV,42,Month-to-month,DSL,Bank transfer (automatic),40.15,1626.05,No,Yes,37.99,0,Medium,15.25,P4 - Monitor,Offer annual contract incentive
3873-WOSBC,67,Two year,No,Credit card (automatic),25.6,1784.9,No internet service,No internet service,3.64,0,Low,0.93,P4 - Monitor,Standard retention campaign
7465-ZZRVX,1,Month-to-month,Fiber optic,Electronic check,70.35,70.35,No,No,88.87,1,Critical,62.52,P2 - High,Offer annual contract incentive
7975-JMZNT,66,Two year,DSL,Bank transfer (automatic),91.7,6075.9,Yes,Yes,7.26,0,Low,6.66,P4 - Monitor,Standard retention campaign
7251-XFOIL,61,Month-to-month,Fiber optic,Mailed check,89.2,5500.6,No,No,54.14,1,High,48.29,P3 - Medium,Offer annual contract incentive
4116-IQRFR,4,One year,No,Credit card (automatic),24.1,73.1,No internet service,No internet service,7.13,0,Low,1.72,P4 - Monitor,Standard retention campaign
8259-DZLIZ,64,One year,DSL,Bank transfer (automatic),53.85,3399.85,No,No,4.88,0,Low,2.63,P4 - Monitor,Offer Tech Support trial/bundle
0442-ZXKVS,54,One year,Fiber optic,Bank transfer (automatic),115.6,6431.05,Yes,Yes,43.96,0,Medium,50.82,P4 - Monitor,Review Fiber pricing/service quality
7853-WNZSY,1,Month-to-month,No,Credit card (automatic),19.75,19.75,No internet service,No internet service,47.82,0,Medium,9.44,P4 - Monitor,Offer annual contract incentive
3120-FAZKD,54,Two year,No,Bank transfer (automatic),24.05,1230.9,No internet service,No internet service,1.57,0,Low,0.38,P4 - Monitor,Standard retention campaign
8606-OEGQZ,18,Two year,No,Credit card (automatic),25.3,454.65,No internet service,No internet service,5.66,0,Low,1.43,P4 - Monitor,Standard retention campaign
0225-ZORZP,3,Month-to-month,Fiber optic,Electronic check,84.3,235.05,No,No,78.6,1,Critical,66.26,P2 - High,Offer annual contract incentive
9489-JMTTN,72,Two year,DSL,Credit card (automatic),89.75,6595.9,Yes,Yes,2.04,0,Low,1.83,P4 - Monitor,Standard retention campaign
0575-CUQOV,60,One year,Fiber optic,Electronic check,97.95,5867.0,No,No,49.18,0,Medium,48.17,P4 - Monitor,Offer Tech Support trial/bundle
0967-BMLBD,11,One year,No,Mailed check,20.0,196.35,No internet service,No internet service,8.23,0,Low,1.65,P4 - Monitor,Standard retention campaign
2830-LEWOA,61,One year,Fiber optic,Credit card (automatic),103.9,6449.15,Yes,No,5.95,0,Low,6.18,P4 - Monitor,Offer Online Security bundle
5006-MXVRN,39,Two year,No,Credit card (automatic),20.7,762.45,No internet service,No internet service,4.03,0,Low,0.83,P4 - Monitor,Standard retention campaign
8327-WKMIE,37,One year,No,Credit card (automatic),20.15,785.75,No internet service,No internet service,4.22,0,Low,0.85,P4 - Monitor,Standard retention campaign
6917-FIJHC,72,Two year,No,Mailed check,26.0,1776.0,No internet service,No internet service,5.21,0,Low,1.35,P4 - Monitor,Standard retention campaign
5329-KRDTM,72,Two year,DSL,Credit card (automatic),77.35,5396.25,Yes,No,11.6,0,Low,8.97,P4 - Monitor,Offer Online Security bundle
7797-EJMDP,8,Month-to-month,DSL,Bank transfer (automatic),66.05,574.5,Yes,Yes,43.91,0,Medium,29.0,P4 - Monitor,Offer annual contract incentive
3530-VWVGU,22,Month-to-month,No,Mailed check,19.9,400.3,No internet service,No internet service,12.62,0,Low,2.51,P4 - Monitor,Offer annual contract incentive
6368-NWMCE,38,Month-to-month,DSL,Credit card (automatic),68.15,2656.3,Yes,No,29.55,0,Medium,20.14,P4 - Monitor,Offer annual contract incentive
3633-CDBUW,17,One year,DSL,Electronic check,80.85,1445.95,Yes,No,12.37,0,Low,10.0,P4 - Monitor,Offer Online Security bundle
0707-HOVVN,70,Two year,DSL,Bank transfer (automatic),75.5,5212.65,Yes,No,10.6,0,Low,8.0,P4 - Monitor,Offer Online Security bundle
3956-MGXOG,28,Month-to-month,Fiber optic,Electronic check,80.6,2244.95,No,No,72.29,1,High,58.27,P2 - High,Offer annual contract incentive
9274-UARKJ,15,Month-to-month,Fiber optic,Bank transfer (automatic),83.2,1130.0,No,No,79.27,1,Critical,65.95,P2 - High,Offer annual contract incentive
4077-HWUYD,72,Two year,DSL,Bank transfer (automatic),87.55,6463.15,Yes,Yes,0.89,0,Low,0.78,P4 - Monitor,Standard retention campaign
0103-CSITQ,57,One year,Fiber optic,Bank transfer (automatic),109.4,6252.7,Yes,No,46.34,0,Medium,50.7,P4 - Monitor,Offer Online Security bundle
8671-KKKOS,46,Month-to-month,DSL,Electronic check,45.55,2062.15,No,Yes,48.35,0,Medium,22.02,P4 - Monitor,Offer annual contract incentive
7305-ZWMAJ,30,One year,No,Credit card (automatic),20.7,587.1,No internet service,No internet service,4.17,0,Low,0.86,P4 - Monitor,Standard retention campaign
9518-XXBXE,10,Month-to-month,Fiber optic,Electronic check,75.3,720.45,No,Yes,66.01,1,High,49.71,P3 - Medium,Offer annual contract incentive
6578-KRMAW,32,Month-to-month,Fiber optic,Credit card (automatic),93.4,2979.3,No,Yes,58.09,1,High,54.26,P2 - High,Offer annual contract incentive
4860-IJUDE,13,Month-to-month,Fiber optic,Credit card (automatic),73.75,956.65,No,Yes,60.33,1,High,44.49,P3 - Medium,Offer annual contract incentive
9688-YGXVR,44,Month-to-month,Fiber optic,Credit card (automatic),88.15,3973.2,No,No,65.26,1,High,57.53,P2 - High,Offer annual contract incentive
0423-UDIJQ,9,Month-to-month,DSL,Mailed check,49.2,447.9,Yes,No,51.85,1,High,25.51,P3 - Medium,Offer annual contract incentive
1945-XISKS,67,Two year,No,Mailed check,19.65,1335.2,No internet service,No internet service,4.02,0,Low,0.79,P4 - Monitor,Standard retention campaign
5360-LJCNJ,71,Two year,Fiber optic,Bank transfer (automatic),105.15,7555.0,No,No,39.86,0,Medium,41.91,P4 - Monitor,Offer Tech Support trial/bundle
2607-FBDFF,1,Month-to-month,DSL,Credit card (automatic),49.0,49.0,Yes,No,61.25,1,High,30.01,P3 - Medium,Offer annual contract incentive
1100-DDVRV,17,Month-to-month,DSL,Mailed check,49.8,836.35,No,No,55.61,1,High,27.69,P3 - Medium,Offer annual contract incentive
6728-WYQBC,1,Month-to-month,No,Bank transfer (automatic),20.95,20.95,No internet service,No internet service,44.87,0,Medium,9.4,P4 - Monitor,Offer annual contract incentive
9029-FEGVJ,32,Month-to-month,Fiber optic,Mailed check,79.3,2570.0,No,No,62.64,1,High,49.67,P3 - Medium,Offer annual contract incentive
7216-KAOID,41,One year,No,Bank transfer (automatic),19.5,798.2,No internet service,No internet service,1.59,0,Low,0.31,P4 - Monitor,Standard retention campaign
6145-NNPNO,1,Month-to-month,DSL,Bank transfer (automatic),44.15,44.15,No,No,70.66,1,High,31.2,P3 - Medium,Offer annual contract incentive
5339-TJFEK,62,Month-to-month,Fiber optic,Electronic check,105.5,6487.2,No,Yes,17.92,0,Low,18.91,P4 - Monitor,Offer annual contract incentive
2074-GUHPQ,17,Month-to-month,Fiber optic,Credit card (automatic),92.7,1556.85,Yes,No,33.11,0,Medium,30.69,P4 - Monitor,Offer annual contract incentive
4625-XMOYM,72,Two year,No,Bank transfer (automatic),26.25,1988.05,No internet service,No internet service,1.39,0,Low,0.36,P4 - Monitor,Standard retention campaign
5827-MWCZK,56,Month-to-month,Fiber optic,Credit card (automatic),96.95,5432.2,Yes,No,15.3,0,Low,14.83,P4 - Monitor,Offer annual contract incentive
1385-TQOZW,9,Month-to-month,No,Credit card (automatic),20.45,147.55,No internet service,No internet service,25.18,0,Medium,5.15,P4 - Monitor,Offer annual contract incentive
5914-XRFQB,72,Two year,Fiber optic,Bank transfer (automatic),115.8,8424.9,Yes,Yes,15.6,0,Low,18.06,P4 - Monitor,Review Fiber pricing/service quality
4329-YPDDQ,20,Month-to-month,Fiber optic,Bank transfer (automatic),108.2,2203.7,Yes,Yes,57.07,1,High,61.75,P2 - High,Offer annual contract incentive
4804-NCPET,19,Two year,No,Mailed check,20.2,387.4,No internet service,No internet service,1.1,0,Low,0.22,P4 - Monitor,Standard retention campaign
5944-UGLLK,53,One year,DSL,Credit card (automatic),54.9,3045.75,Yes,No,20.67,0,Low,11.35,P4 - Monitor,Offer Online Security bundle
7787-BNTZM,6,Month-to-month,No,Bank transfer (automatic),20.15,130.5,No internet service,No internet service,33.88,0,Medium,6.83,P4 - Monitor,Offer annual contract incentive
2252-ISRNH,9,One year,Fiber optic,Electronic check,90.35,767.9,No,No,29.03,0,Medium,26.23,P4 - Monitor,Offer Tech Support trial/bundle
9415-TPKRV,8,Month-to-month,DSL,Electronic check,55.75,446.8,No,No,29.82,0,Medium,16.62,P4 - Monitor,Offer annual contract incentive
5322-TEUJK,71,Two year,Fiber optic,Bank transfer (automatic),114.6,8100.25,Yes,Yes,2.15,0,Low,2.46,P4 - Monitor,Review Fiber pricing/service quality
1866-DIOQZ,71,One year,DSL,Bank transfer (automatic),66.8,4689.15,Yes,Yes,20.5,0,Low,13.69,P4 - Monitor,Standard retention campaign
8375-KVTHK,68,One year,Fiber optic,Electronic check,100.3,6754.35,Yes,No,49.15,0,Medium,49.3,P4 - Monitor,Offer Online Security bundle
2697-NQBPF,34,Month-to-month,Fiber optic,Electronic check,105.35,3540.65,Yes,No,67.71,1,High,71.33,P2 - High,Offer annual contract incentive
3709-OIJEA,26,One year,Fiber optic,Electronic check,85.2,2184.6,Yes,No,33.6,0,Medium,28.63,P4 - Monitor,Offer Online Security bundle
1386-ZIKUV,7,Month-to-month,No,Mailed check,18.95,130.55,No internet service,No internet service,27.77,0,Medium,5.26,P4 - Monitor,Offer annual contract incentive
0599-XNYDO,20,Month-to-month,Fiber optic,Bank transfer (automatic),69.8,1540.35,No,No,66.73,1,High,46.58,P3 - Medium,Offer annual contract incentive
6377-WHAOX,60,Month-to-month,Fiber optic,Electronic check,106.15,6411.25,No,No,72.24,1,High,76.68,P2 - High,Offer annual contract incentive
6855-VLGOS,72,Two year,No,Electronic check,20.55,1432.55,No internet service,No internet service,0.85,0,Low,0.17,P4 - Monitor,Promote automatic payment
8999-XXGNS,72,One year,Fiber optic,Credit card (automatic),105.75,7629.85,No,No,39.91,0,Medium,42.2,P4 - Monitor,Offer Tech Support trial/bundle
8746-OQQRW,4,Month-to-month,No,Mailed check,25.25,101.9,No internet service,No internet service,30.52,0,Medium,7.71,P4 - Monitor,Offer annual contract incentive
3181-MIZBN,16,Month-to-month,No,Electronic check,19.75,313.4,No internet service,No internet service,19.73,0,Low,3.9,P4 - Monitor,Offer annual contract incentive
0471-ARVMX,62,One year,Fiber optic,Electronic check,104.85,6312.9,No,Yes,48.02,0,Medium,50.35,P4 - Monitor,Offer Tech Support trial/bundle
7766-CLTIC,10,Month-to-month,DSL,Mailed check,60.95,629.55,Yes,No,50.74,1,High,30.93,P3 - Medium,Offer annual contract incentive
5650-YLIBA,31,Month-to-month,Fiber optic,Electronic check,81.15,2640.55,No,No,75.07,1,Critical,60.92,P2 - High,Offer annual contract incentive
0825-CPPQH,71,Two year,No,Credit card (automatic),19.1,1372.45,No internet service,No internet service,3.35,0,Low,0.64,P4 - Monitor,Standard retention campaign
9084-OAYKL,58,Two year,No,Mailed check,20.8,1212.25,No internet service,No internet service,5.88,0,Low,1.22,P4 - Monitor,Standard retention campaign
6122-LJADA,70,Two year,DSL,Credit card (automatic),90.15,6237.05,Yes,Yes,1.14,0,Low,1.03,P4 - Monitor,Standard retention campaign
2400-XIWIO,71,Two year,DSL,Electronic check,90.1,6310.9,Yes,Yes,7.14,0,Low,6.43,P4 - Monitor,Promote automatic payment
7524-VRLPL,69,Two year,DSL,Credit card (automatic),74.1,5031.0,Yes,Yes,12.49,0,Low,9.26,P4 - Monitor,Standard retention campaign
7569-NMZYQ,72,Two year,Fiber optic,Bank transfer (automatic),118.75,8672.45,Yes,Yes,2.86,0,Low,3.4,P4 - Monitor,Review Fiber pricing/service quality
5201-USSQZ,26,Month-to-month,Fiber optic,Credit card (automatic),85.9,2196.45,Yes,No,51.75,1,High,44.45,P3 - Medium,Offer annual contract incentive
2105-PHWON,33,Month-to-month,Fiber optic,Credit card (automatic),95.0,3008.15,Yes,No,61.98,1,High,58.88,P2 - High,Offer annual contract incentive
1494-EJZDW,10,Two year,No,Mailed check,20.15,220.8,No internet service,No internet service,3.22,0,Low,0.65,P4 - Monitor,Standard retention campaign
4884-TVUQF,57,Two year,Fiber optic,Credit card (automatic),101.3,5779.6,Yes,Yes,20.94,0,Low,21.21,P4 - Monitor,Review Fiber pricing/service quality
8003-EWNDZ,10,Month-to-month,No,Electronic check,21.2,222.65,No internet service,No internet service,23.99,0,Low,5.09,P4 - Monitor,Offer annual contract incentive
1897-RCFUM,39,One year,No,Mailed check,24.2,914.6,No internet service,No internet service,2.61,0,Low,0.63,P4 - Monitor,Standard retention campaign
9256-JTBNZ,11,Month-to-month,No,Bank transfer (automatic),20.3,246.3,No internet service,No internet service,31.53,0,Medium,6.4,P4 - Monitor,Offer annual contract incentive
2211-RMNHO,68,Two year,DSL,Bank transfer (automatic),85.3,5560.0,Yes,No,0.77,0,Low,0.66,P4 - Monitor,Offer Online Security bundle
2432-TFSMK,18,One year,Fiber optic,Credit card (automatic),89.6,1633.0,No,No,39.63,0,Medium,35.51,P4 - Monitor,Offer Tech Support trial/bundle
4929-ROART,18,Month-to-month,DSL,Mailed check,56.25,969.85,No,Yes,37.87,0,Medium,21.3,P4 - Monitor,Offer annual contract incentive
1834-ABKHQ,52,One year,DSL,Bank transfer (automatic),50.95,2610.65,No,No,6.05,0,Low,3.08,P4 - Monitor,Offer Tech Support trial/bundle
1741-WTPON,56,Two year,Fiber optic,Mailed check,115.85,6567.9,Yes,Yes,3.77,0,Low,4.37,P4 - Monitor,Review Fiber pricing/service quality
3932-IJWDZ,45,Month-to-month,Fiber optic,Bank transfer (automatic),103.65,4747.85,Yes,No,66.8,1,High,69.24,P2 - High,Offer annual contract incentive
1240-HCBOH,67,Two year,No,Mailed check,26.1,1759.55,No internet service,No internet service,4.32,0,Low,1.13,P4 - Monitor,Standard retention campaign
3594-KADLU,3,Month-to-month,DSL,Mailed check,35.1,101.1,Yes,Yes,60.61,1,High,21.27,P3 - Medium,Offer annual contract incentive
8065-BVEPF,65,Month-to-month,Fiber optic,Bank transfer (automatic),99.1,6496.15,No,No,60.3,1,High,59.76,P2 - High,Offer annual contract incentive
3796-ENZGF,63,Two year,DSL,Mailed check,67.25,4234.15,Yes,No,6.72,0,Low,4.52,P4 - Monitor,Offer Online Security bundle
1734-ZMNTZ,11,Two year,No,Mailed check,25.0,300.7,No internet service,No internet service,3.19,0,Low,0.8,P4 - Monitor,Standard retention campaign
2853-CWQFQ,1,Month-to-month,DSL,Mailed check,59.55,59.55,Yes,No,46.41,0,Medium,27.64,P4 - Monitor,Offer annual contract incentive
0813-TAXXS,55,Two year,DSL,Bank transfer (automatic),77.8,4323.35,No,No,16.61,0,Low,12.92,P4 - Monitor,Offer Tech Support trial/bundle
2519-TWKFS,25,One year,DSL,Mailed check,55.1,1466.1,Yes,No,7.42,0,Low,4.09,P4 - Monitor,Offer Online Security bundle
0626-QXNGV,72,Two year,No,Credit card (automatic),24.15,1776.45,No internet service,No internet service,4.09,0,Low,0.99,P4 - Monitor,Standard retention campaign
6723-CEGQI,65,Two year,DSL,Mailed check,45.25,2933.95,Yes,No,5.14,0,Low,2.33,P4 - Monitor,Offer Online Security bundle
4732-RRJZC,7,Month-to-month,No,Mailed check,20.25,144.35,No internet service,No internet service,16.09,0,Low,3.26,P4 - Monitor,Offer annual contract incentive
9499-XPZXM,72,Two year,DSL,Bank transfer (automatic),64.75,4804.75,Yes,Yes,4.86,0,Low,3.15,P4 - Monitor,Standard retention campaign
4338-EYCER,21,Month-to-month,DSL,Bank transfer (automatic),54.6,1125.2,No,No,43.61,0,Medium,23.81,P4 - Monitor,Offer annual contract incentive
3007-FDPEA,2,Month-to-month,No,Bank transfer (automatic),20.7,39.85,No internet service,No internet service,29.66,0,Medium,6.14,P4 - Monitor,Offer annual contract incentive
6350-XFYGW,4,Month-to-month,Fiber optic,Electronic check,94.75,422.4,No,No,88.64,1,Critical,83.99,P1 - Immediate,Offer annual contract incentive
8513-OLYGY,72,Two year,Fiber optic,Credit card (automatic),115.8,8332.15,Yes,Yes,15.81,0,Low,18.31,P4 - Monitor,Review Fiber pricing/service quality
0311-QYWSS,6,Month-to-month,DSL,Electronic check,49.45,314.6,No,Yes,65.11,1,High,32.2,P3 - Medium,Offer annual contract incentive
8705-DWKTI,52,Month-to-month,Fiber optic,Credit card (automatic),83.8,4331.4,No,No,62.05,1,High,52.0,P2 - High,Offer annual contract incentive
8755-IWJHN,69,Month-to-month,Fiber optic,Bank transfer (automatic),95.35,6382.0,No,No,58.56,1,High,55.84,P2 - High,Offer annual contract incentive
4480-QQRHC,8,Month-to-month,Fiber optic,Bank transfer (automatic),74.05,600.15,No,No,78.83,1,Critical,58.37,P2 - High,Offer annual contract incentive
0929-PECLO,63,Month-to-month,Fiber optic,Bank transfer (automatic),89.6,5538.8,No,No,61.85,1,High,55.42,P2 - High,Offer annual contract incentive
3680-CTHUH,60,One year,Fiber optic,Credit card (automatic),116.6,7049.5,Yes,Yes,43.24,0,Medium,50.42,P4 - Monitor,Review Fiber pricing/service quality
1202-KKGFU,12,Month-to-month,DSL,Bank transfer (automatic),54.2,690.5,Yes,Yes,42.21,0,Medium,22.88,P4 - Monitor,Offer annual contract incentive
6112-KTHFQ,13,Month-to-month,No,Mailed check,19.3,279.3,No internet service,No internet service,27.26,0,Medium,5.26,P4 - Monitor,Offer annual contract incentive
1852-XEMDW,22,Month-to-month,DSL,Mailed check,65.05,1427.55,No,Yes,27.12,0,Medium,17.64,P4 - Monitor,Offer annual contract incentive
1820-DJFPH,72,Two year,No,Bank transfer (automatic),24.05,1709.15,No internet service,No internet service,0.64,0,Low,0.15,P4 - Monitor,Standard retention campaign
9426-SXNHE,2,Month-to-month,No,Bank transfer (automatic),18.75,53.15,No internet service,No internet service,32.24,0,Medium,6.04,P4 - Monitor,Offer annual contract incentive
9068-FHQHD,40,Two year,No,Bank transfer (automatic),20.15,777.35,No internet service,No internet service,0.95,0,Low,0.19,P4 - Monitor,Standard retention campaign
1269-FOYWN,44,One year,No,Bank transfer (automatic),20.0,860.85,No internet service,No internet service,1.57,0,Low,0.31,P4 - Monitor,Standard retention campaign
9470-YFUYI,71,One year,DSL,Bank transfer (automatic),71.0,5012.1,Yes,Yes,19.45,0,Low,13.81,P4 - Monitor,Standard retention campaign
7402-EYFXX,26,Month-to-month,Fiber optic,Electronic check,93.6,2404.1,No,No,80.66,1,Critical,75.5,P1 - Immediate,Offer annual contract incentive
9895-VFOXH,1,Month-to-month,DSL,Mailed check,24.4,24.4,No,No,75.68,1,Critical,18.47,P3 - Medium,Offer annual contract incentive
1230-QAJDW,3,Month-to-month,DSL,Mailed check,65.25,209.9,Yes,No,60.01,1,High,39.16,P3 - Medium,Offer annual contract incentive
5701-ZIKJE,13,Month-to-month,DSL,Mailed check,50.55,610.75,Yes,No,50.22,1,High,25.39,P3 - Medium,Offer annual contract incentive
5032-MIYKT,1,Month-to-month,Fiber optic,Mailed check,70.7,70.7,No,No,86.33,1,Critical,61.04,P2 - High,Offer annual contract incentive
7396-VJUZB,4,Month-to-month,DSL,Mailed check,45.25,155.35,No,No,51.22,1,High,23.18,P3 - Medium,Offer annual contract incentive
9717-QEBGU,2,Month-to-month,Fiber optic,Electronic check,70.3,144.0,No,No,84.22,1,Critical,59.21,P2 - High,Offer annual contract incentive
5172-RKOCB,72,Two year,Fiber optic,Credit card (automatic),108.95,7875.0,Yes,Yes,17.92,0,Low,19.52,P4 - Monitor,Review Fiber pricing/service quality
6509-TSGWN,37,Month-to-month,No,Mailed check,26.45,911.6,No internet service,No internet service,16.08,0,Low,4.25,P4 - Monitor,Offer annual contract incentive
3178-CIFOT,23,One year,No,Credit card (automatic),19.65,478.1,No internet service,No internet service,5.37,0,Low,1.06,P4 - Monitor,Standard retention campaign
4530-NDRKU,42,One year,No,Electronic check,19.05,761.85,No internet service,No internet service,3.87,0,Low,0.74,P4 - Monitor,Promote automatic payment
5985-TBABQ,32,One year,DSL,Mailed check,74.75,2282.95,No,Yes,18.79,0,Low,14.05,P4 - Monitor,Offer Tech Support trial/bundle
9800-ONTFE,22,Month-to-month,Fiber optic,Bank transfer (automatic),75.8,1615.1,No,No,26.81,0,Medium,20.32,P4 - Monitor,Offer annual contract incentive
6743-HHQPF,42,Month-to-month,DSL,Credit card (automatic),25.1,1097.15,No,No,48.1,0,Medium,12.07,P4 - Monitor,Offer annual contract incentive
8455-HIRAQ,8,Month-to-month,DSL,Mailed check,44.45,369.3,No,No,59.84,1,High,26.6,P3 - Medium,Offer annual contract incentive
6616-AALSR,65,Two year,Fiber optic,Credit card (automatic),104.3,6725.3,No,Yes,6.28,0,Low,6.55,P4 - Monitor,Offer Tech Support trial/bundle
9415-ZNBSX,70,Two year,DSL,Bank transfer (automatic),89.0,6293.2,Yes,Yes,0.89,0,Low,0.79,P4 - Monitor,Standard retention campaign
4018-KJYUY,22,Month-to-month,No,Credit card (automatic),20.15,432.5,No internet service,No internet service,14.65,0,Low,2.95,P4 - Monitor,Offer annual contract incentive
3884-UEBXB,67,Two year,DSL,Bank transfer (automatic),36.15,2434.45,No,Yes,5.39,0,Low,1.95,P4 - Monitor,Offer Tech Support trial/bundle
8780-RSYYU,25,Month-to-month,No,Credit card (automatic),19.2,532.1,No internet service,No internet service,17.77,0,Low,3.41,P4 - Monitor,Offer annual contract incentive
5537-UXXVS,20,Month-to-month,No,Bank transfer (automatic),19.25,375.25,No internet service,No internet service,29.65,0,Medium,5.71,P4 - Monitor,Offer annual contract incentive
1791-PQHBB,2,Month-to-month,DSL,Credit card (automatic),61.2,125.95,No,Yes,49.98,0,Medium,30.59,P4 - Monitor,Offer annual contract incentive
8701-DGLVH,51,Two year,No,Mailed check,20.45,1042.65,No internet service,No internet service,5.49,0,Low,1.12,P4 - Monitor,Standard retention campaign
8741-LQOBK,46,Month-to-month,DSL,Bank transfer (automatic),35.05,1620.25,No,Yes,23.51,0,Low,8.24,P4 - Monitor,Offer annual contract incentive
8082-GHXOP,13,Month-to-month,DSL,Mailed check,44.0,659.35,No,No,34.29,0,Medium,15.09,P4 - Monitor,Offer annual contract incentive
0980-FEXWF,26,One year,DSL,Mailed check,50.35,1285.8,No,No,7.7,0,Low,3.88,P4 - Monitor,Offer Tech Support trial/bundle
3011-WQKSZ,19,Month-to-month,No,Electronic check,20.0,377.55,No internet service,No internet service,28.8,0,Medium,5.76,P4 - Monitor,Offer annual contract incentive
8218-FFJDS,72,Two year,DSL,Bank transfer (automatic),86.4,6058.95,Yes,Yes,5.48,0,Low,4.73,P4 - Monitor,Standard retention campaign
1986-PHGZF,18,Month-to-month,DSL,Credit card (automatic),58.4,964.9,No,Yes,44.23,0,Medium,25.83,P4 - Monitor,Offer annual contract incentive
9360-OMDZZ,24,Month-to-month,Fiber optic,Electronic check,94.1,2322.85,No,No,80.97,1,Critical,76.19,P1 - Immediate,Offer annual contract incentive
0345-XMMUG,46,Two year,Fiber optic,Credit card (automatic),108.9,4854.3,Yes,No,32.98,0,Medium,35.92,P4 - Monitor,Offer Online Security bundle
8024-XNAFQ,72,Two year,Fiber optic,Bank transfer (automatic),107.4,7748.75,Yes,Yes,15.78,0,Low,16.95,P4 - Monitor,Review Fiber pricing/service quality
2988-GBIVW,70,Month-to-month,Fiber optic,Electronic check,90.85,6470.1,No,Yes,53.16,1,High,48.3,P3 - Medium,Offer annual contract incentive
2832-SCUCO,2,Month-to-month,No,Electronic check,19.9,57.4,No internet service,No internet service,38.47,0,Medium,7.66,P4 - Monitor,Offer annual contract incentive
7036-ZZKBD,31,Month-to-month,DSL,Credit card (automatic),66.4,2019.8,Yes,No,30.16,0,Medium,20.03,P4 - Monitor,Offer annual contract incentive
0265-PSUAE,16,Month-to-month,Fiber optic,Bank transfer (automatic),100.7,1522.7,No,Yes,36.43,0,Medium,36.69,P4 - Monitor,Offer annual contract incentive
0463-TXOAK,52,Two year,No,Credit card (automatic),25.6,1334.5,No internet service,No internet service,1.74,0,Low,0.45,P4 - Monitor,Standard retention campaign
0594-UFTUL,13,Month-to-month,No,Mailed check,19.85,252.0,No internet service,No internet service,17.07,0,Low,3.39,P4 - Monitor,Offer annual contract incentive
9509-MPYOD,35,One year,No,Mailed check,20.75,700.45,No internet service,No internet service,4.84,0,Low,1.0,P4 - Monitor,Standard retention campaign
9128-CPXKI,59,Two year,Fiber optic,Electronic check,95.8,5655.45,No,No,39.94,0,Medium,38.26,P4 - Monitor,Offer Tech Support trial/bundle
0129-KPTWJ,72,Month-to-month,Fiber optic,Electronic check,94.65,6747.35,No,No,64.54,1,High,61.09,P2 - High,Offer annual contract incentive
5855-EIBDE,49,Two year,Fiber optic,Credit card (automatic),106.65,5174.35,Yes,Yes,23.12,0,Low,24.66,P4 - Monitor,Review Fiber pricing/service quality
5365-LLFYV,2,Month-to-month,DSL,Mailed check,45.85,105.6,No,No,74.65,1,High,34.23,P3 - Medium,Offer annual contract incentive
5956-YHHRX,21,Month-to-month,Fiber optic,Electronic check,104.35,2271.85,No,No,81.76,1,Critical,85.32,P1 - Immediate,Offer annual contract incentive
6008-NAIXK,54,One year,DSL,Electronic check,55.45,2966.95,No,No,44.61,0,Medium,24.74,P4 - Monitor,Offer Tech Support trial/bundle
1928-BXYIV,1,Month-to-month,DSL,Electronic check,61.15,61.15,No,Yes,60.02,1,High,36.7,P3 - Medium,Offer annual contract incentive
5760-FXFVO,6,Month-to-month,Fiber optic,Electronic check,78.95,494.95,No,Yes,67.22,1,High,53.07,P2 - High,Offer annual contract incentive
0961-ZWLVI,49,One year,Fiber optic,Credit card (automatic),109.2,5290.45,No,Yes,12.22,0,Low,13.34,P4 - Monitor,Offer Tech Support trial/bundle
5181-OABFK,56,Two year,DSL,Credit card (automatic),61.3,3346.8,No,Yes,2.29,0,Low,1.4,P4 - Monitor,Offer Tech Support trial/bundle
4007-NHVHI,56,Month-to-month,Fiber optic,Electronic check,96.85,5219.65,No,Yes,58.15,1,High,56.32,P2 - High,Offer annual contract incentive
7816-VGHTO,6,Two year,DSL,Mailed check,40.55,217.5,Yes,No,8.64,0,Low,3.5,P4 - Monitor,Offer Online Security bundle
5871-DGTXZ,32,One year,No,Mailed check,19.8,607.7,No internet service,No internet service,4.51,0,Low,0.89,P4 - Monitor,Standard retention campaign
7550-WIQVA,50,One year,Fiber optic,Electronic check,108.25,5431.4,No,Yes,10.21,0,Low,11.05,P4 - Monitor,Offer Tech Support trial/bundle
7544-ZVIKX,58,One year,Fiber optic,Bank transfer (automatic),105.05,6004.85,Yes,No,11.11,0,Low,11.67,P4 - Monitor,Offer Online Security bundle
0016-QLJIS,65,Two year,DSL,Mailed check,90.45,5957.9,Yes,Yes,1.13,0,Low,1.02,P4 - Monitor,Standard retention campaign
7508-DQAKK,64,Two year,DSL,Credit card (automatic),86.4,5442.05,Yes,Yes,6.37,0,Low,5.5,P4 - Monitor,Standard retention campaign
5176-OLSKT,66,Two year,DSL,Bank transfer (automatic),66.9,4370.25,No,Yes,6.62,0,Low,4.43,P4 - Monitor,Offer Tech Support trial/bundle
9356-AXGMP,38,One year,Fiber optic,Electronic check,110.7,4428.6,Yes,Yes,56.6,1,High,62.66,P2 - High,Promote automatic payment
3556-BVQGL,20,One year,No,Mailed check,20.0,416.45,No internet service,No internet service,8.97,0,Low,1.79,P4 - Monitor,Standard retention campaign
8979-CAMGB,64,One year,Fiber optic,Electronic check,102.1,6688.1,Yes,No,46.34,0,Medium,47.31,P4 - Monitor,Offer Online Security bundle
7581-EBBOU,60,One year,DSL,Credit card (automatic),70.15,4224.7,Yes,No,19.17,0,Low,13.45,P4 - Monitor,Offer Online Security bundle
5073-RZGBK,50,One year,DSL,Bank transfer (automatic),80.05,4042.2,Yes,Yes,5.22,0,Low,4.18,P4 - Monitor,Standard retention campaign
2192-CKRLV,72,Two year,DSL,Electronic check,49.2,3580.95,No,Yes,20.42,0,Low,10.05,P4 - Monitor,Offer Tech Support trial/bundle
3154-HMWUU,60,Two year,No,Bank transfer (automatic),20.5,1198.8,No internet service,No internet service,4.2,0,Low,0.86,P4 - Monitor,Standard retention campaign
6119-SPUDB,46,Two year,DSL,Mailed check,38.25,1755.35,Yes,Yes,7.0,0,Low,2.68,P4 - Monitor,Standard retention campaign
6522-OIQSX,69,Two year,DSL,Credit card (automatic),54.95,3772.5,No,No,5.11,0,Low,2.81,P4 - Monitor,Offer Tech Support trial/bundle
7813-ZGGAW,31,Month-to-month,Fiber optic,Bank transfer (automatic),96.6,2877.95,Yes,No,59.41,1,High,57.39,P2 - High,Offer annual contract incentive
8748-HFWBO,19,One year,No,Mailed check,19.9,357.7,No internet service,No internet service,1.8,0,Low,0.36,P4 - Monitor,Standard retention campaign
1052-QJIBV,71,Two year,No,Credit card (automatic),19.9,1397.3,No internet service,No internet service,0.39,0,Low,0.08,P4 - Monitor,Standard retention campaign
1319-YLZJG,12,Month-to-month,Fiber optic,Electronic check,84.6,959.9,No,Yes,65.21,1,High,55.17,P2 - High,Offer annual contract incentive
0723-FDLAY,44,One year,DSL,Bank transfer (automatic),85.25,3704.15,Yes,No,31.94,0,Medium,27.23,P4 - Monitor,Offer Online Security bundle
3050-RLLXC,56,Two year,DSL,Credit card (automatic),81.25,4620.4,Yes,Yes,2.36,0,Low,1.92,P4 - Monitor,Standard retention campaign
9298-WGMRW,72,Two year,Fiber optic,Bank transfer (automatic),115.5,8312.75,Yes,Yes,14.28,0,Low,16.49,P4 - Monitor,Review Fiber pricing/service quality
3088-LHEFH,11,Month-to-month,Fiber optic,Bank transfer (automatic),79.0,929.3,No,Yes,62.89,1,High,49.68,P3 - Medium,Offer annual contract incentive
6583-KQJLK,15,Month-to-month,Fiber optic,Electronic check,94.65,1285.05,No,No,82.18,1,Critical,77.78,P1 - Immediate,Offer annual contract incentive
8544-JNBOX,72,Two year,No,Mailed check,20.8,1521.2,No internet service,No internet service,3.34,0,Low,0.69,P4 - Monitor,Standard retention campaign
6681-ZSEXG,56,Two year,DSL,Credit card (automatic),59.5,3389.25,No,No,9.44,0,Low,5.62,P4 - Monitor,Offer Tech Support trial/bundle
6139-ZZRBQ,64,Two year,No,Bank transfer (automatic),20.05,1198.05,No internet service,No internet service,5.0,0,Low,1.0,P4 - Monitor,Standard retention campaign
6116-RFVHN,34,Month-to-month,Fiber optic,Electronic check,100.45,3414.65,No,No,78.97,1,Critical,79.33,P1 - Immediate,Offer annual contract incentive
8884-FEEWR,35,One year,No,Bank transfer (automatic),20.6,754.0,No internet service,No internet service,7.03,0,Low,1.45,P4 - Monitor,Standard retention campaign
3125-RAHBV,22,One year,No,Credit card (automatic),20.3,467.15,No internet service,No internet service,4.59,0,Low,0.93,P4 - Monitor,Standard retention campaign
0373-AIVNJ,9,One year,DSL,Mailed check,39.55,373.0,No,Yes,24.37,0,Low,9.64,P4 - Monitor,Offer Tech Support trial/bundle
1682-VCOIO,23,One year,No,Mailed check,20.45,481.1,No internet service,No internet service,4.48,0,Low,0.92,P4 - Monitor,Standard retention campaign
2072-ZVJJX,68,Two year,No,Bank transfer (automatic),25.25,1728.2,No internet service,No internet service,3.59,0,Low,0.91,P4 - Monitor,Standard retention campaign
8849-AYPTR,33,Month-to-month,Fiber optic,Electronic check,91.25,2964.05,No,No,72.43,1,High,66.09,P2 - High,Offer annual contract incentive
9518-IMLHK,31,Month-to-month,DSL,Bank transfer (automatic),72.45,2156.25,Yes,Yes,22.77,0,Low,16.5,P4 - Monitor,Offer annual contract incentive
3646-ITDGM,56,Two year,No,Bank transfer (automatic),19.7,1051.9,No internet service,No internet service,9.05,0,Low,1.78,P4 - Monitor,Standard retention campaign
3569-VLDHH,66,One year,DSL,Electronic check,75.1,5013.0,Yes,Yes,4.72,0,Low,3.54,P4 - Monitor,Promote automatic payment
8224-KDLKN,72,Two year,No,Bank transfer (automatic),25.0,1738.9,No internet service,No internet service,0.54,0,Low,0.14,P4 - Monitor,Standard retention campaign
7594-LZNWR,34,Month-to-month,Fiber optic,Credit card (automatic),69.15,2275.1,No,No,59.24,1,High,40.96,P3 - Medium,Offer annual contract incentive
4001-TSBTV,58,Month-to-month,Fiber optic,Electronic check,91.55,5511.65,No,No,18.66,0,Low,17.08,P4 - Monitor,Offer annual contract incentive
8727-XDPUD,37,Two year,DSL,Credit card (automatic),35.8,1316.9,No,No,21.37,0,Low,7.65,P4 - Monitor,Offer Tech Support trial/bundle
1043-UXOVO,71,Two year,Fiber optic,Credit card (automatic),113.15,7993.3,Yes,Yes,16.36,0,Low,18.51,P4 - Monitor,Review Fiber pricing/service quality
1064-FBXNK,1,One year,No,Credit card (automatic),19.85,19.85,No internet service,No internet service,18.02,0,Low,3.58,P4 - Monitor,Standard retention campaign
3996-ZNWYK,71,Two year,No,Credit card (automatic),19.8,1388.45,No internet service,No internet service,1.31,0,Low,0.26,P4 - Monitor,Standard retention campaign
2878-DHMIN,35,One year,No,Electronic check,19.9,666.0,No internet service,No internet service,2.23,0,Low,0.44,P4 - Monitor,Promote automatic payment
7762-ONLJY,6,One year,No,Mailed check,19.7,94.45,No internet service,No internet service,5.42,0,Low,1.07,P4 - Monitor,Standard retention campaign
5795-BKOYE,69,One year,DSL,Bank transfer (automatic),59.1,4134.7,Yes,No,2.7,0,Low,1.6,P4 - Monitor,Offer Online Security bundle
7402-PWYJJ,53,One year,Fiber optic,Electronic check,91.15,4862.5,Yes,No,41.56,0,Medium,37.88,P4 - Monitor,Offer Online Security bundle
0018-NYROU,5,Month-to-month,Fiber optic,Electronic check,68.95,351.5,No,No,82.65,1,Critical,56.99,P2 - High,Offer annual contract incentive
7501-VTYLJ,2,Month-to-month,DSL,Mailed check,51.55,106.2,No,No,40.88,0,Medium,21.07,P4 - Monitor,Offer annual contract incentive
7608-RGIRO,62,Two year,No,Mailed check,24.4,1413.0,No internet service,No internet service,1.1,0,Low,0.27,P4 - Monitor,Standard retention campaign
0480-BIXDE,19,Month-to-month,Fiber optic,Electronic check,96.8,1743.05,No,No,78.28,1,Critical,75.78,P1 - Immediate,Offer annual contract incentive
5895-QSXOD,9,Month-to-month,Fiber optic,Mailed check,70.05,657.5,No,No,72.29,1,High,50.64,P2 - High,Offer annual contract incentive
9814-AOUDH,53,Two year,No,Credit card (automatic),19.5,1050.5,No internet service,No internet service,7.87,0,Low,1.53,P4 - Monitor,Standard retention campaign
6175-IRFIT,5,Month-to-month,Fiber optic,Mailed check,78.75,426.35,No,No,80.13,1,Critical,63.1,P2 - High,Offer annual contract incentive
8760-ZRHKE,71,One year,DSL,Electronic check,69.2,4982.5,No,Yes,6.62,0,Low,4.58,P4 - Monitor,Offer Tech Support trial/bundle
1622-HSHSF,1,Month-to-month,No,Mailed check,19.55,19.55,No internet service,No internet service,60.67,1,High,11.86,P3 - Medium,Offer annual contract incentive
6749-UTDVX,72,Two year,Fiber optic,Electronic check,103.65,7634.8,No,No,38.5,0,Medium,39.91,P4 - Monitor,Offer Tech Support trial/bundle
5542-DHSXL,4,Month-to-month,DSL,Mailed check,54.7,235.05,No,Yes,48.04,0,Medium,26.28,P4 - Monitor,Offer annual contract incentive
9102-OXKFY,59,Two year,DSL,Credit card (automatic),54.15,3116.15,No,No,15.54,0,Low,8.41,P4 - Monitor,Offer Tech Support trial/bundle
5216-WASFJ,31,Month-to-month,Fiber optic,Electronic check,84.85,2633.4,No,No,77.71,1,Critical,65.94,P2 - High,Offer annual contract incentive
7808-DVWEP,3,Month-to-month,No,Bank transfer (automatic),20.0,49.65,No internet service,No internet service,37.31,0,Medium,7.46,P4 - Monitor,Offer annual contract incentive
2284-VFLKH,49,One year,Fiber optic,Credit card (automatic),99.25,4920.8,Yes,No,45.49,0,Medium,45.15,P4 - Monitor,Offer Online Security bundle
0366-NQSHS,2,Month-to-month,No,Mailed check,19.35,46.35,No internet service,No internet service,32.14,0,Medium,6.22,P4 - Monitor,Offer annual contract incentive
3807-BPOMJ,55,One year,Fiber optic,Electronic check,94.75,5276.1,No,Yes,45.23,0,Medium,42.86,P4 - Monitor,Offer Tech Support trial/bundle
3892-NXAZG,72,Two year,Fiber optic,Credit card (automatic),114.05,8289.2,Yes,Yes,1.66,0,Low,1.89,P4 - Monitor,Review Fiber pricing/service quality
4948-WBBKL,36,Month-to-month,Fiber optic,Bank transfer (automatic),74.9,2659.45,No,No,68.4,1,High,51.23,P2 - High,Offer annual contract incentive
4182-BGSIQ,10,Month-to-month,No,Bank transfer (automatic),19.8,196.75,No internet service,No internet service,19.81,0,Low,3.92,P4 - Monitor,Offer annual contract incentive
0988-AADSA,72,Two year,DSL,Bank transfer (automatic),80.85,5824.75,Yes,Yes,1.42,0,Low,1.15,P4 - Monitor,Standard retention campaign
9972-NKTFD,28,Month-to-month,DSL,Bank transfer (automatic),54.65,1517.5,Yes,No,27.28,0,Medium,14.91,P4 - Monitor,Offer annual contract incentive
3717-LNXKW,38,Month-to-month,Fiber optic,Bank transfer (automatic),91.7,3479.05,No,Yes,57.16,1,High,52.42,P2 - High,Offer annual contract incentive
5734-EJKXG,61,One year,Fiber optic,Electronic check,118.6,7365.7,Yes,Yes,45.82,0,Medium,54.34,P4 - Monitor,Promote automatic payment
2207-RYYRL,52,Two year,No,Mailed check,24.55,1331.05,No internet service,No internet service,1.7,0,Low,0.42,P4 - Monitor,Standard retention campaign
6729-FZWSY,67,One year,No,Mailed check,19.45,1195.95,No internet service,No internet service,6.87,0,Low,1.34,P4 - Monitor,Standard retention campaign
9695-IDRZR,34,Two year,Fiber optic,Credit card (automatic),116.15,3946.9,Yes,Yes,6.93,0,Low,8.05,P4 - Monitor,Review Fiber pricing/service quality
8144-DGHXP,54,Two year,DSL,Electronic check,80.6,4299.95,Yes,Yes,12.68,0,Low,10.22,P4 - Monitor,Promote automatic payment
7814-LEEVE,1,Month-to-month,No,Bank transfer (automatic),20.3,20.3,No internet service,No internet service,52.62,1,High,10.68,P3 - Medium,Offer annual contract incentive
8631-WUXGY,46,Month-to-month,Fiber optic,Electronic check,99.8,4391.25,No,No,39.04,0,Medium,38.96,P4 - Monitor,Offer annual contract incentive
5906-DVAPM,55,One year,DSL,Credit card (automatic),75.0,4213.9,Yes,Yes,3.63,0,Low,2.72,P4 - Monitor,Standard retention campaign
6654-QGBZZ,1,Month-to-month,No,Mailed check,19.9,19.9,No internet service,No internet service,55.15,1,High,10.97,P3 - Medium,Offer annual contract incentive
8348-JLBUG,64,One year,Fiber optic,Credit card (automatic),80.3,5017.7,No,Yes,23.12,0,Low,18.57,P4 - Monitor,Offer Tech Support trial/bundle
5641-DMBFJ,58,Two year,DSL,Electronic check,84.3,4916.4,Yes,Yes,14.24,0,Low,12.0,P4 - Monitor,Promote automatic payment
9200-NLNPD,56,One year,DSL,Bank transfer (automatic),54.05,2959.8,Yes,No,25.01,0,Medium,13.52,P4 - Monitor,Offer Online Security bundle
2664-XJZNO,72,Two year,Fiber optic,Credit card (automatic),104.9,7559.55,Yes,Yes,4.04,0,Low,4.24,P4 - Monitor,Review Fiber pricing/service quality
3339-EAQNV,72,One year,Fiber optic,Credit card (automatic),97.25,7133.1,No,No,39.15,0,Medium,38.07,P4 - Monitor,Offer Tech Support trial/bundle
0921-OHLVP,22,Month-to-month,Fiber optic,Electronic check,83.05,1799.3,No,No,71.93,1,High,59.74,P2 - High,Offer annual contract incentive
8350-NYMVI,39,Month-to-month,DSL,Bank transfer (automatic),41.1,1597.05,Yes,No,28.83,0,Medium,11.85,P4 - Monitor,Offer annual contract incentive
1600-DILPE,12,Month-to-month,DSL,Bank transfer (automatic),45.0,524.35,No,No,56.85,1,High,25.58,P3 - Medium,Offer annual contract incentive
0536-ESJEP,54,Two year,DSL,Bank transfer (automatic),74.55,4191.45,No,Yes,8.44,0,Low,6.29,P4 - Monitor,Offer Tech Support trial/bundle
4654-GGUII,18,One year,DSL,Mailed check,40.2,711.95,Yes,Yes,17.54,0,Low,7.05,P4 - Monitor,Standard retention campaign
6478-HRRCZ,32,One year,DSL,Mailed check,70.5,2201.75,Yes,Yes,17.63,0,Low,12.43,P4 - Monitor,Standard retention campaign
8510-BBWMU,41,One year,No,Mailed check,19.75,806.95,No internet service,No internet service,5.58,0,Low,1.1,P4 - Monitor,Standard retention campaign
6857-TKDJV,67,Two year,No,Bank transfer (automatic),24.65,1620.45,No internet service,No internet service,0.69,0,Low,0.17,P4 - Monitor,Standard retention campaign
2360-RDGRO,65,Month-to-month,Fiber optic,Electronic check,104.25,6812.95,No,Yes,60.32,1,High,62.88,P2 - High,Offer annual contract incentive
0584-BJQGZ,25,Month-to-month,DSL,Bank transfer (automatic),78.35,1837.9,Yes,Yes,24.15,0,Low,18.92,P4 - Monitor,Offer annual contract incentive
1360-XFJMR,67,One year,Fiber optic,Credit card (automatic),109.7,7344.45,Yes,No,45.64,0,Medium,50.07,P4 - Monitor,Offer Online Security bundle
5730-RIITO,43,Month-to-month,DSL,Credit card (automatic),33.45,1500.25,No,Yes,47.87,0,Medium,16.01,P4 - Monitor,Offer annual contract incentive
9058-MJLZC,24,Month-to-month,Fiber optic,Electronic check,94.6,2283.15,No,Yes,72.52,1,High,68.6,P2 - High,Offer annual contract incentive
0902-XKXPN,69,Two year,No,Bank transfer (automatic),20.2,1376.5,No internet service,No internet service,0.66,0,Low,0.13,P4 - Monitor,Standard retention campaign
5177-RVZNU,37,One year,No,Bank transfer (automatic),20.3,755.4,No internet service,No internet service,3.15,0,Low,0.64,P4 - Monitor,Standard retention campaign
0056-EPFBG,20,Two year,DSL,Credit card (automatic),39.4,825.4,Yes,Yes,6.61,0,Low,2.6,P4 - Monitor,Standard retention campaign
8993-IZEUX,7,Month-to-month,Fiber optic,Bank transfer (automatic),69.15,488.65,No,No,72.17,1,High,49.91,P3 - Medium,Offer annual contract incentive
8190-ZTQFB,41,One year,DSL,Electronic check,51.35,2075.1,No,No,43.77,0,Medium,22.48,P4 - Monitor,Offer Tech Support trial/bundle
0931-MHTEM,54,One year,Fiber optic,Credit card (automatic),100.05,5299.65,No,Yes,40.15,0,Medium,40.17,P4 - Monitor,Offer Tech Support trial/bundle
7515-LODFU,69,Two year,No,Credit card (automatic),20.3,1356.3,No internet service,No internet service,3.44,0,Low,0.7,P4 - Monitor,Standard retention campaign
0440-UEDAI,53,One year,Fiber optic,Credit card (automatic),94.45,5042.75,Yes,No,30.09,0,Medium,28.42,P4 - Monitor,Offer Online Security bundle
1337-BOZWO,18,One year,DSL,Credit card (automatic),46.4,812.4,No,No,10.96,0,Low,5.09,P4 - Monitor,Offer Tech Support trial/bundle
0868-VJRDR,64,Two year,Fiber optic,Credit card (automatic),104.05,6605.55,Yes,Yes,24.39,0,Low,25.38,P4 - Monitor,Review Fiber pricing/service quality
6344-SFJVH,20,Month-to-month,DSL,Credit card (automatic),24.9,505.95,No,No,53.13,1,High,13.23,P3 - Medium,Offer annual contract incentive
3950-VPYJB,57,One year,DSL,Mailed check,59.6,3509.4,Yes,Yes,3.17,0,Low,1.89,P4 - Monitor,Standard retention campaign
8041-TMEID,63,Two year,Fiber optic,Credit card (automatic),108.5,6991.9,No,Yes,26.73,0,Medium,29.0,P4 - Monitor,Offer Tech Support trial/bundle
7321-ZNSLA,13,Two year,DSL,Mailed check,40.55,590.35,Yes,Yes,3.62,0,Low,1.47,P4 - Monitor,Standard retention campaign
6941-KXRRV,48,One year,DSL,Bank transfer (automatic),58.95,2789.7,No,No,23.85,0,Low,14.06,P4 - Monitor,Offer Tech Support trial/bundle
8727-JQFHV,57,Two year,No,Mailed check,20.75,1123.15,No internet service,No internet service,0.54,0,Low,0.11,P4 - Monitor,Standard retention campaign
9475-NNDGC,71,One year,Fiber optic,Bank transfer (automatic),113.15,7953.25,Yes,No,46.46,0,Medium,52.57,P4 - Monitor,Offer Online Security bundle
1355-KUSBG,7,Month-to-month,DSL,Electronic check,48.8,349.8,No,No,45.12,0,Medium,22.02,P4 - Monitor,Offer annual contract incentive
3688-FTHLT,16,Month-to-month,DSL,Bank transfer (automatic),63.05,1067.05,No,No,54.9,1,High,34.61,P3 - Medium,Offer annual contract incentive
0899-LIIBW,34,Month-to-month,Fiber optic,Electronic check,100.85,3527.3,No,No,73.81,1,High,74.44,P2 - High,Offer annual contract incentive
1384-RCUXW,16,Month-to-month,Fiber optic,Mailed check,80.55,1248.9,No,No,74.5,1,High,60.01,P2 - High,Offer annual contract incentive
5825-XJOCM,48,One year,DSL,Bank transfer (automatic),64.4,3035.35,No,Yes,4.75,0,Low,3.06,P4 - Monitor,Offer Tech Support trial/bundle
6848-YLDFR,58,One year,DSL,Credit card (automatic),75.2,4300.8,Yes,No,7.03,0,Low,5.29,P4 - Monitor,Offer Online Security bundle
8125-QPFJD,72,Two year,DSL,Bank transfer (automatic),84.9,6065.3,Yes,Yes,6.27,0,Low,5.32,P4 - Monitor,Standard retention campaign
2320-YKQBO,7,Month-to-month,No,Mailed check,19.3,144.95,No internet service,No internet service,31.96,0,Medium,6.17,P4 - Monitor,Offer annual contract incentive
4973-RLZVI,30,One year,DSL,Credit card (automatic),74.65,2308.6,Yes,Yes,25.53,0,Medium,19.06,P4 - Monitor,Standard retention campaign
7869-ZYDST,31,Month-to-month,DSL,Credit card (automatic),59.05,1882.8,No,No,39.76,0,Medium,23.48,P4 - Monitor,Offer annual contract incentive
4501-UYKBC,46,One year,DSL,Credit card (automatic),69.1,3255.35,Yes,No,23.66,0,Low,16.35,P4 - Monitor,Offer Online Security bundle
1215-EXRMO,50,Two year,No,Mailed check,20.55,1067.65,No internet service,No internet service,5.15,0,Low,1.06,P4 - Monitor,Standard retention campaign
2305-MRGLV,28,Month-to-month,Fiber optic,Bank transfer (automatic),76.55,2065.4,Yes,No,46.9,0,Medium,35.9,P4 - Monitor,Offer annual contract incentive
8404-VIOMB,66,Two year,DSL,Bank transfer (automatic),62.5,4136.4,Yes,Yes,4.07,0,Low,2.54,P4 - Monitor,Standard retention campaign
2359-KLTEK,41,Month-to-month,Fiber optic,Bank transfer (automatic),94.9,3848.0,No,No,18.73,0,Low,17.77,P4 - Monitor,Offer annual contract incentive
5304-EFJLP,72,Two year,Fiber optic,Bank transfer (automatic),111.65,8022.85,Yes,No,23.74,0,Low,26.51,P4 - Monitor,Offer Online Security bundle
2673-ZALNP,7,One year,No,Mailed check,19.9,173.15,No internet service,No internet service,9.72,0,Low,1.93,P4 - Monitor,Standard retention campaign
9184-GALIL,38,Month-to-month,No,Mailed check,20.45,781.25,No internet service,No internet service,11.13,0,Low,2.28,P4 - Monitor,Offer annual contract incentive
4393-RYCRE,44,One year,Fiber optic,Electronic check,106.05,4510.8,No,Yes,51.27,1,High,54.37,P2 - High,Offer Tech Support trial/bundle
9746-MDMBK,47,One year,Fiber optic,Bank transfer (automatic),113.45,5317.8,Yes,Yes,8.64,0,Low,9.8,P4 - Monitor,Review Fiber pricing/service quality
3162-ZJZFU,53,Month-to-month,Fiber optic,Electronic check,92.55,4779.45,Yes,No,18.1,0,Low,16.75,P4 - Monitor,Offer annual contract incentive
8404-GFGCZ,4,Month-to-month,DSL,Electronic check,65.6,250.1,No,No,62.89,1,High,41.26,P3 - Medium,Offer annual contract incentive
8875-AKBYH,20,Month-to-month,Fiber optic,Electronic check,84.35,1745.2,No,No,79.34,1,Critical,66.92,P2 - High,Offer annual contract incentive
0533-UCAAU,57,One year,DSL,Credit card (automatic),71.1,4140.1,No,No,23.02,0,Low,16.37,P4 - Monitor,Offer Tech Support trial/bundle
1394-SUIUH,44,Month-to-month,Fiber optic,Electronic check,85.15,3670.5,Yes,Yes,49.07,0,Medium,41.78,P4 - Monitor,Offer annual contract incentive
3521-MNKLV,24,Month-to-month,DSL,Mailed check,49.7,1167.8,No,No,46.52,0,Medium,23.12,P4 - Monitor,Offer annual contract incentive
2533-TIBIX,15,Month-to-month,DSL,Bank transfer (automatic),30.2,469.65,No,Yes,35.11,0,Medium,10.6,P4 - Monitor,Offer annual contract incentive
5092-STPKP,24,Month-to-month,DSL,Credit card (automatic),56.35,1381.2,Yes,Yes,31.33,0,Medium,17.65,P4 - Monitor,Offer annual contract incentive
0114-PEGZZ,33,Month-to-month,Fiber optic,Electronic check,107.55,3645.5,No,No,69.15,1,High,74.37,P2 - High,Offer annual contract incentive
3359-DSRKA,58,Two year,No,Mailed check,19.85,1158.85,No internet service,No internet service,0.92,0,Low,0.18,P4 - Monitor,Standard retention campaign
8639-NHQEI,72,Two year,Fiber optic,Bank transfer (automatic),95.9,6954.15,No,Yes,2.66,0,Low,2.55,P4 - Monitor,Offer Tech Support trial/bundle
7161-DFHUF,71,Two year,No,Mailed check,23.85,1672.1,No internet service,No internet service,3.4,0,Low,0.81,P4 - Monitor,Standard retention campaign
3720-DBRWL,51,Two year,DSL,Credit card (automatic),83.85,4307.1,Yes,Yes,5.72,0,Low,4.8,P4 - Monitor,Standard retention campaign
8565-WUXZU,72,Two year,Fiber optic,Credit card (automatic),84.8,6141.65,Yes,Yes,10.54,0,Low,8.94,P4 - Monitor,Review Fiber pricing/service quality
4994-OBRSZ,14,Two year,DSL,Bank transfer (automatic),76.1,1054.8,Yes,Yes,4.32,0,Low,3.29,P4 - Monitor,Standard retention campaign
0562-FGDCR,72,Two year,DSL,Mailed check,74.55,5430.65,Yes,Yes,1.77,0,Low,1.32,P4 - Monitor,Standard retention campaign
2436-QBZFP,22,Month-to-month,DSL,Electronic check,39.2,849.9,No,No,25.55,0,Medium,10.02,P4 - Monitor,Offer annual contract incentive
3420-YJLQT,2,Month-to-month,Fiber optic,Electronic check,79.55,151.75,No,No,81.82,1,Critical,65.09,P2 - High,Offer annual contract incentive
6040-CGACY,15,Month-to-month,No,Mailed check,19.6,299.4,No internet service,No internet service,29.82,0,Medium,5.84,P4 - Monitor,Offer annual contract incentive
6582-PLFUU,51,Two year,No,Credit card (automatic),19.55,1086.75,No internet service,No internet service,0.89,0,Low,0.17,P4 - Monitor,Standard retention campaign
8242-PDSGJ,70,Two year,DSL,Credit card (automatic),39.15,2692.75,Yes,Yes,6.85,0,Low,2.68,P4 - Monitor,Standard retention campaign
0264-CNITK,71,Two year,No,Bank transfer (automatic),20.1,1389.6,No internet service,No internet service,0.58,0,Low,0.12,P4 - Monitor,Standard retention campaign
0089-IIQKO,39,Month-to-month,Fiber optic,Credit card (automatic),99.95,3767.4,Yes,No,25.0,0,Medium,24.99,P4 - Monitor,Offer annual contract incentive
7839-NUIAA,61,Month-to-month,DSL,Electronic check,59.8,3641.5,No,Yes,16.58,0,Low,9.91,P4 - Monitor,Offer annual contract incentive
6075-QMNRR,52,Month-to-month,DSL,Bank transfer (automatic),49.75,2535.55,No,Yes,34.79,0,Medium,17.31,P4 - Monitor,Offer annual contract incentive
5966-EMAZU,64,One year,Fiber optic,Mailed check,108.5,6880.85,Yes,Yes,44.03,0,Medium,47.77,P4 - Monitor,Review Fiber pricing/service quality
0440-EKDCF,62,Two year,DSL,Credit card (automatic),60.15,3753.2,Yes,No,7.39,0,Low,4.45,P4 - Monitor,Offer Online Security bundle
4774-HHGGS,30,Two year,No,Mailed check,19.05,637.55,No internet service,No internet service,6.77,0,Low,1.29,P4 - Monitor,Standard retention campaign
2055-BFOCC,63,One year,DSL,Bank transfer (automatic),84.0,5329.55,Yes,Yes,26.19,0,Medium,22.0,P4 - Monitor,Standard retention campaign
8180-AKMJV,1,Month-to-month,DSL,Credit card (automatic),44.55,44.55,No,No,73.77,1,High,32.86,P3 - Medium,Offer annual contract incentive
4298-OYIFC,15,Month-to-month,Fiber optic,Electronic check,103.45,1539.8,Yes,No,80.89,1,Critical,83.68,P1 - Immediate,Offer annual contract incentive
5566-SOEZD,27,One year,Fiber optic,Credit card (automatic),80.65,2209.75,No,Yes,6.43,0,Low,5.19,P4 - Monitor,Offer Tech Support trial/bundle
9842-EFSYY,4,Month-to-month,DSL,Mailed check,57.2,223.75,No,Yes,40.75,0,Medium,23.31,P4 - Monitor,Offer annual contract incentive
2272-WUSPA,72,Two year,Fiber optic,Electronic check,110.75,7751.7,No,Yes,18.55,0,Low,20.54,P4 - Monitor,Offer Tech Support trial/bundle
4584-LBNMK,45,One year,No,Credit card (automatic),24.7,1174.35,No internet service,No internet service,8.32,0,Low,2.06,P4 - Monitor,Standard retention campaign
3898-GUYTS,45,Month-to-month,Fiber optic,Electronic check,97.05,4385.05,Yes,Yes,54.06,1,High,52.47,P2 - High,Offer annual contract incentive
0930-EHUZA,36,One year,DSL,Mailed check,76.35,2606.35,Yes,Yes,23.76,0,Low,18.14,P4 - Monitor,Standard retention campaign
9975-SKRNR,1,Month-to-month,No,Mailed check,18.9,18.9,No internet service,No internet service,44.08,0,Medium,8.33,P4 - Monitor,Offer annual contract incentive
3703-KBKZP,16,Month-to-month,Fiber optic,Bank transfer (automatic),74.45,1261.35,No,No,74.71,1,High,55.62,P2 - High,Offer annual contract incentive
4973-MGTON,71,Two year,DSL,Credit card (automatic),84.4,5969.3,Yes,Yes,4.01,0,Low,3.38,P4 - Monitor,Standard retention campaign
3682-YEUWS,10,Month-to-month,No,Mailed check,24.4,253.9,No internet service,No internet service,23.18,0,Low,5.66,P4 - Monitor,Offer annual contract incentive
1223-UNPKS,20,Two year,No,Mailed check,20.05,400.0,No internet service,No internet service,1.03,0,Low,0.21,P4 - Monitor,Standard retention campaign
3446-QDSZF,4,Month-to-month,DSL,Credit card (automatic),55.5,227.35,No,No,64.74,1,High,35.93,P3 - Medium,Offer annual contract incentive
5117-IFGPS,29,Month-to-month,Fiber optic,Electronic check,84.3,2357.75,No,No,78.2,1,Critical,65.92,P2 - High,Offer annual contract incentive
7379-FNIUJ,2,Month-to-month,Fiber optic,Electronic check,100.2,198.5,No,Yes,68.36,1,High,68.5,P2 - High,Offer annual contract incentive
1627-AFWVJ,29,Two year,No,Mailed check,19.4,554.25,No internet service,No internet service,5.19,0,Low,1.01,P4 - Monitor,Standard retention campaign
4486-EFAEB,13,Month-to-month,No,Electronic check,20.4,251.65,No internet service,No internet service,21.05,0,Low,4.29,P4 - Monitor,Offer annual contract incentive
0060-FUALY,59,Month-to-month,Fiber optic,Electronic check,94.75,5597.65,No,Yes,57.69,1,High,54.66,P2 - High,Offer annual contract incentive
6954-OOYZZ,18,Month-to-month,DSL,Bank transfer (automatic),44.35,768.05,No,No,51.2,1,High,22.71,P3 - Medium,Offer annual contract incentive
7088-FBAWU,17,Month-to-month,DSL,Mailed check,74.55,1215.8,No,Yes,24.12,0,Low,17.98,P4 - Monitor,Offer annual contract incentive
8313-AFGBW,47,Two year,DSL,Electronic check,73.6,3522.65,No,No,22.58,0,Low,16.62,P4 - Monitor,Offer Tech Support trial/bundle
3097-IDVPU,19,Month-to-month,DSL,Credit card (automatic),50.1,910.45,No,No,27.26,0,Medium,13.66,P4 - Monitor,Offer annual contract incentive
2197-OMWGI,68,Two year,DSL,Electronic check,53.0,3656.25,No,No,14.29,0,Low,7.57,P4 - Monitor,Offer Tech Support trial/bundle
2303-PJYHN,2,Month-to-month,No,Bank transfer (automatic),19.85,52.0,No internet service,No internet service,39.55,0,Medium,7.85,P4 - Monitor,Offer annual contract incentive
9795-VOWON,7,One year,DSL,Credit card (automatic),24.35,150.85,No,No,48.49,0,Medium,11.81,P4 - Monitor,Offer Tech Support trial/bundle
1237-WIYYZ,18,Month-to-month,No,Mailed check,19.55,389.25,No internet service,No internet service,26.02,0,Medium,5.09,P4 - Monitor,Offer annual contract incentive
1987-AUELQ,71,Two year,No,Credit card (automatic),25.05,1873.7,No internet service,No internet service,2.94,0,Low,0.74,P4 - Monitor,Standard retention campaign
7852-LECYP,13,Month-to-month,Fiber optic,Credit card (automatic),93.8,1261.0,No,Yes,61.09,1,High,57.3,P2 - High,Offer annual contract incentive
4822-LPTYJ,72,Two year,Fiber optic,Bank transfer (automatic),103.75,7346.2,No,No,39.92,0,Medium,41.42,P4 - Monitor,Offer Tech Support trial/bundle
8165-CBKXO,66,Two year,DSL,Credit card (automatic),56.75,3708.4,No,No,4.91,0,Low,2.79,P4 - Monitor,Offer Tech Support trial/bundle
6527-PZFPV,24,One year,No,Credit card (automatic),20.8,469.65,No internet service,No internet service,1.98,0,Low,0.41,P4 - Monitor,Standard retention campaign
9593-CVZKR,56,Two year,No,Mailed check,24.45,1385.85,No internet service,No internet service,1.39,0,Low,0.34,P4 - Monitor,Standard retention campaign
8595-SIZNC,22,One year,No,Bank transfer (automatic),25.6,548.8,No internet service,No internet service,13.07,0,Low,3.35,P4 - Monitor,Standard retention campaign
5236-XMZJY,42,Month-to-month,DSL,Bank transfer (automatic),59.65,2536.55,No,Yes,27.6,0,Medium,16.46,P4 - Monitor,Offer annual contract incentive
4827-DPADN,72,Two year,DSL,Bank transfer (automatic),83.3,6042.7,Yes,Yes,1.36,0,Low,1.13,P4 - Monitor,Standard retention campaign
2694-CIUMO,12,Month-to-month,Fiber optic,Credit card (automatic),79.55,958.25,Yes,No,72.47,1,High,57.65,P2 - High,Offer annual contract incentive
5846-ABOBJ,71,Two year,No,Bank transfer (automatic),24.45,1730.65,No internet service,No internet service,2.86,0,Low,0.7,P4 - Monitor,Standard retention campaign
1439-LCGVL,26,One year,No,Mailed check,19.2,459.6,No internet service,No internet service,6.93,0,Low,1.33,P4 - Monitor,Standard retention campaign
0909-SDHNU,7,Month-to-month,DSL,Mailed check,29.8,201.95,No,Yes,43.45,0,Medium,12.95,P4 - Monitor,Offer annual contract incentive
4647-XXZAM,6,Month-to-month,DSL,Mailed check,45.5,285.2,No,No,38.33,0,Medium,17.44,P4 - Monitor,Offer annual contract incentive
7740-KKCXF,51,Month-to-month,DSL,Credit card (automatic),30.05,1529.45,No,No,46.14,0,Medium,13.87,P4 - Monitor,Offer annual contract incentive
5360-XGYAZ,72,Two year,DSL,Bank transfer (automatic),65.65,4664.5,Yes,Yes,0.69,0,Low,0.45,P4 - Monitor,Standard retention campaign
3557-HTYWR,47,Two year,DSL,Mailed check,74.05,3496.3,Yes,Yes,7.07,0,Low,5.24,P4 - Monitor,Standard retention campaign
8920-NAVAY,62,One year,Fiber optic,Bank transfer (automatic),110.75,7053.35,Yes,No,50.41,1,High,55.83,P2 - High,Offer Online Security bundle
1699-TLDLZ,16,Two year,No,Mailed check,19.7,301.55,No internet service,No internet service,1.8,0,Low,0.35,P4 - Monitor,Standard retention campaign
5600-PDUJF,6,Month-to-month,DSL,Credit card (automatic),49.5,312.7,Yes,No,58.08,1,High,28.75,P3 - Medium,Offer annual contract incentive
0567-XRHCU,69,Two year,DSL,Credit card (automatic),43.95,2960.1,No,Yes,3.8,0,Low,1.67,P4 - Monitor,Offer Tech Support trial/bundle
2067-QYTCF,64,Month-to-month,Fiber optic,Electronic check,111.15,6953.4,Yes,No,62.77,1,High,69.77,P2 - High,Offer annual contract incentive
7407-SUJIZ,25,Month-to-month,No,Mailed check,20.6,541.5,No internet service,No internet service,18.02,0,Low,3.71,P4 - Monitor,Offer annual contract incentive
9150-KPBJQ,6,Two year,No,Credit card (automatic),19.65,116.85,No internet service,No internet service,8.35,0,Low,1.64,P4 - Monitor,Standard retention campaign
0052-DCKON,66,One year,Fiber optic,Bank transfer (automatic),115.8,7942.15,Yes,Yes,45.42,0,Medium,52.6,P4 - Monitor,Review Fiber pricing/service quality
3654-ARMGP,61,Two year,DSL,Credit card (automatic),88.65,5321.25,Yes,No,4.85,0,Low,4.3,P4 - Monitor,Offer Online Security bundle
9699-UBQFS,43,Month-to-month,Fiber optic,Electronic check,94.5,4156.8,No,Yes,63.8,1,High,60.29,P2 - High,Offer annual contract incentive
9367-TCUYN,12,Month-to-month,No,Mailed check,20.1,223.6,No internet service,No internet service,29.46,0,Medium,5.92,P4 - Monitor,Offer annual contract incentive
1261-FWTTE,23,Month-to-month,DSL,Bank transfer (automatic),34.65,768.45,No,No,62.08,1,High,21.51,P3 - Medium,Offer annual contract incentive
3528-HFRIQ,71,Month-to-month,DSL,Bank transfer (automatic),52.3,3765.05,No,No,49.15,0,Medium,25.71,P4 - Monitor,Offer annual contract incentive
0708-SJDIS,34,Month-to-month,DSL,Mailed check,65.0,2157.5,Yes,No,31.3,0,Medium,20.34,P4 - Monitor,Offer annual contract incentive
2073-QBVBI,41,One year,DSL,Mailed check,35.45,1391.65,Yes,No,28.64,0,Medium,10.15,P4 - Monitor,Offer Online Security bundle
6928-ONTRW,72,Two year,No,Credit card (automatic),19.7,1379.8,No internet service,No internet service,0.37,0,Low,0.07,P4 - Monitor,Standard retention campaign
3320-VEOYC,14,Month-to-month,Fiber optic,Electronic check,95.6,1273.3,No,No,86.53,1,Critical,82.72,P1 - Immediate,Offer annual contract incentive
5231-FIQPA,41,Two year,No,Mailed check,19.85,810.45,No internet service,No internet service,3.98,0,Low,0.79,P4 - Monitor,Standard retention campaign
6617-WLBQC,23,One year,Fiber optic,Credit card (automatic),81.85,1810.85,No,Yes,6.6,0,Low,5.4,P4 - Monitor,Offer Tech Support trial/bundle
2599-CIPQE,71,Two year,Fiber optic,Credit card (automatic),109.3,7782.85,Yes,Yes,2.66,0,Low,2.91,P4 - Monitor,Review Fiber pricing/service quality
8774-GSBUN,72,Two year,No,Mailed check,25.4,1797.1,No internet service,No internet service,3.38,0,Low,0.86,P4 - Monitor,Standard retention campaign
7326-RIGQZ,6,Month-to-month,Fiber optic,Electronic check,69.8,377.85,No,No,51.53,1,High,35.97,P3 - Medium,Offer annual contract incentive
1401-FTHFQ,23,One year,No,Credit card (automatic),20.0,445.3,No internet service,No internet service,2.21,0,Low,0.44,P4 - Monitor,Standard retention campaign
0254-FNMCI,72,Two year,Fiber optic,Electronic check,109.9,7624.2,Yes,Yes,20.08,0,Low,22.07,P4 - Monitor,Promote automatic payment
1848-LBZHY,7,Month-to-month,DSL,Bank transfer (automatic),50.3,355.1,No,Yes,51.84,1,High,26.08,P3 - Medium,Offer annual contract incentive
8118-TJAFG,9,Month-to-month,Fiber optic,Electronic check,101.5,906.85,Yes,No,43.24,0,Medium,43.89,P4 - Monitor,Offer annual contract incentive
5429-LWCMV,12,Month-to-month,Fiber optic,Electronic check,89.15,1057.55,No,No,85.51,1,Critical,76.23,P1 - Immediate,Offer annual contract incentive
7298-IZWLY,1,Month-to-month,No,Mailed check,19.4,19.4,No internet service,No internet service,58.63,1,High,11.37,P3 - Medium,Offer annual contract incentive
9758-MFWGD,48,One year,DSL,Bank transfer (automatic),29.9,1388.75,No,No,12.4,0,Low,3.71,P4 - Monitor,Offer Tech Support trial/bundle
3955-JBZZM,20,Month-to-month,Fiber optic,Electronic check,78.8,1641.3,No,No,70.63,1,High,55.66,P2 - High,Offer annual contract incentive
4815-TUMEQ,10,One year,No,Mailed check,19.3,185.2,No internet service,No internet service,10.59,0,Low,2.04,P4 - Monitor,Standard retention campaign
9909-IDLEK,20,Month-to-month,Fiber optic,Mailed check,96.8,1826.7,Yes,No,22.5,0,Low,21.78,P4 - Monitor,Offer annual contract incentive
4092-OFQZS,20,One year,No,Mailed check,20.65,417.5,No internet service,No internet service,4.92,0,Low,1.02,P4 - Monitor,Standard retention campaign
1561-BWHIN,19,One year,No,Mailed check,19.8,344.5,No internet service,No internet service,1.86,0,Low,0.37,P4 - Monitor,Standard retention campaign
9927-DSWDF,22,Month-to-month,Fiber optic,Electronic check,104.6,2180.55,Yes,Yes,63.32,1,High,66.23,P2 - High,Offer annual contract incentive
9500-LTVBP,35,Month-to-month,Fiber optic,Credit card (automatic),80.05,2835.9,Yes,No,54.67,1,High,43.76,P3 - Medium,Offer annual contract incentive
7252-NTGSS,1,Month-to-month,DSL,Mailed check,45.15,45.15,No,No,75.62,1,Critical,34.14,P3 - Medium,Offer annual contract incentive
8149-AIQCG,39,Month-to-month,Fiber optic,Credit card (automatic),73.15,2730.85,No,No,65.41,1,High,47.85,P3 - Medium,Offer annual contract incentive
1360-JYXKQ,54,One year,Fiber optic,Electronic check,99.1,5437.1,Yes,No,51.52,1,High,51.06,P2 - High,Offer Online Security bundle
0899-WZRSD,56,Month-to-month,Fiber optic,Mailed check,105.35,5794.45,Yes,Yes,50.85,1,High,53.57,P2 - High,Offer annual contract incentive
3255-GRXMG,18,Month-to-month,DSL,Credit card (automatic),45.65,747.2,No,No,31.98,0,Medium,14.6,P4 - Monitor,Offer annual contract incentive
4828-FAZPK,16,Month-to-month,Fiber optic,Credit card (automatic),79.95,1267.95,No,No,34.36,0,Medium,27.47,P4 - Monitor,Offer annual contract incentive
6094-ZIVKX,68,One year,DSL,Credit card (automatic),54.45,3674.95,No,Yes,12.32,0,Low,6.71,P4 - Monitor,Offer Tech Support trial/bundle
6925-BAYGL,53,Two year,No,Credit card (automatic),25.1,1275.6,No internet service,No internet service,7.54,0,Low,1.89,P4 - Monitor,Standard retention campaign
3262-EIDHV,72,Two year,DSL,Credit card (automatic),84.7,5893.9,Yes,Yes,1.69,0,Low,1.43,P4 - Monitor,Standard retention campaign
7354-OIJLX,9,Month-to-month,Fiber optic,Electronic check,75.85,724.65,No,No,84.23,1,Critical,63.89,P2 - High,Offer annual contract incentive
1376-HHBDV,30,Month-to-month,DSL,Mailed check,48.8,1536.75,No,Yes,38.27,0,Medium,18.68,P4 - Monitor,Offer annual contract incentive
6133-OZILE,18,Month-to-month,DSL,Electronic check,35.2,607.3,Yes,No,55.53,1,High,19.55,P3 - Medium,Offer annual contract incentive
4135-FRWKJ,55,One year,DSL,Electronic check,76.25,4154.55,Yes,Yes,7.73,0,Low,5.89,P4 - Monitor,Promote automatic payment
6551-ZCOTS,33,One year,No,Bank transfer (automatic),24.9,847.8,No internet service,No internet service,14.48,0,Low,3.61,P4 - Monitor,Standard retention campaign
7191-ADRGF,44,Two year,DSL,Bank transfer (automatic),54.3,2390.45,No,No,23.37,0,Low,12.69,P4 - Monitor,Offer Tech Support trial/bundle
5018-LXQQG,30,Month-to-month,DSL,Bank transfer (automatic),66.3,1923.5,Yes,Yes,11.8,0,Low,7.82,P4 - Monitor,Offer annual contract incentive
6892-BOGQE,71,Two year,No,Bank transfer (automatic),20.9,1493.2,No internet service,No internet service,3.26,0,Low,0.68,P4 - Monitor,Standard retention campaign
1746-TGTWV,1,Month-to-month,Fiber optic,Credit card (automatic),75.35,75.35,No,No,84.24,1,Critical,63.47,P2 - High,Offer annual contract incentive
5995-SNNEW,23,Month-to-month,Fiber optic,Electronic check,104.45,2184.85,No,No,80.37,1,Critical,83.95,P1 - Immediate,Offer annual contract incentive
8050-WYBND,22,One year,DSL,Credit card (automatic),49.45,1031.4,No,No,18.55,0,Low,9.17,P4 - Monitor,Offer Tech Support trial/bundle
2821-WARNZ,49,One year,No,Credit card (automatic),19.45,921.3,No internet service,No internet service,2.63,0,Low,0.51,P4 - Monitor,Standard retention campaign
4879-GZLFH,42,Month-to-month,Fiber optic,Electronic check,92.15,3875.4,No,No,22.5,0,Low,20.73,P4 - Monitor,Offer annual contract incentive
8314-HTWVE,7,Two year,No,Mailed check,19.85,144.15,No internet service,No internet service,2.34,0,Low,0.46,P4 - Monitor,Standard retention campaign
9402-ROUMJ,67,One year,Fiber optic,Bank transfer (automatic),100.25,6689.0,Yes,Yes,6.17,0,Low,6.19,P4 - Monitor,Review Fiber pricing/service quality
2507-QZPQS,15,Month-to-month,Fiber optic,Electronic check,95.7,1451.1,Yes,No,69.39,1,High,66.41,P2 - High,Offer annual contract incentive
7159-NOKYQ,67,Two year,Fiber optic,Electronic check,93.15,6368.2,No,No,33.4,0,Medium,31.11,P4 - Monitor,Offer Tech Support trial/bundle
5707-ZMDJP,53,Two year,DSL,Mailed check,69.7,3729.6,Yes,Yes,1.08,0,Low,0.75,P4 - Monitor,Standard retention campaign
8779-YIQQA,21,One year,No,Mailed check,19.8,350.1,No internet service,No internet service,1.68,0,Low,0.33,P4 - Monitor,Standard retention campaign
7136-IHZJA,40,Month-to-month,DSL,Mailed check,71.35,2847.2,Yes,Yes,14.16,0,Low,10.1,P4 - Monitor,Offer annual contract incentive
8966-OIQHG,22,One year,No,Bank transfer (automatic),20.75,452.35,No internet service,No internet service,3.82,0,Low,0.79,P4 - Monitor,Standard retention campaign
7074-STDCN,39,Month-to-month,DSL,Electronic check,40.6,1494.5,Yes,No,43.86,0,Medium,17.81,P4 - Monitor,Offer annual contract incentive
8739-QOTTN,2,Month-to-month,No,Mailed check,20.35,41.85,No internet service,No internet service,39.52,0,Medium,8.04,P4 - Monitor,Offer annual contract incentive
1399-OUPJN,57,Two year,No,Bank transfer (automatic),19.75,1272.05,No internet service,No internet service,0.98,0,Low,0.19,P4 - Monitor,Standard retention campaign
0277-BKSQP,8,Month-to-month,DSL,Electronic check,54.4,475.1,No,No,43.51,0,Medium,23.67,P4 - Monitor,Offer annual contract incentive
5774-XZTQC,7,Month-to-month,No,Mailed check,20.45,150.75,No internet service,No internet service,15.85,0,Low,3.24,P4 - Monitor,Offer annual contract incentive
2676-SSLTO,49,Two year,DSL,Bank transfer (automatic),66.15,3199.0,Yes,No,9.28,0,Low,6.14,P4 - Monitor,Offer Online Security bundle
6266-QHOJZ,65,One year,Fiber optic,Electronic check,89.85,5844.65,Yes,Yes,28.76,0,Medium,25.84,P4 - Monitor,Promote automatic payment
7269-JISCY,55,One year,DSL,Bank transfer (automatic),45.05,2462.6,No,No,19.65,0,Low,8.85,P4 - Monitor,Offer Tech Support trial/bundle
0363-SVHYR,71,Two year,DSL,Bank transfer (automatic),86.85,6263.8,Yes,Yes,0.89,0,Low,0.77,P4 - Monitor,Standard retention campaign
8547-NSBBO,35,Month-to-month,Fiber optic,Mailed check,96.75,3403.4,Yes,Yes,39.21,0,Medium,37.94,P4 - Monitor,Offer annual contract incentive
6591-QGOYB,17,Month-to-month,Fiber optic,Bank transfer (automatic),106.65,1672.1,Yes,Yes,51.51,1,High,54.94,P2 - High,Offer annual contract incentive
9070-BCKQP,72,Two year,Fiber optic,Credit card (automatic),110.15,7881.2,Yes,Yes,18.16,0,Low,20.0,P4 - Monitor,Review Fiber pricing/service quality
6421-SZVEM,28,One year,Fiber optic,Bank transfer (automatic),82.85,2320.8,No,Yes,6.21,0,Low,5.14,P4 - Monitor,Offer Tech Support trial/bundle
1328-EUZHC,18,Two year,No,Mailed check,20.1,370.5,No internet service,No internet service,5.53,0,Low,1.11,P4 - Monitor,Standard retention campaign
8878-RYUKI,52,Month-to-month,DSL,Electronic check,59.45,3043.7,No,No,45.78,0,Medium,27.22,P4 - Monitor,Offer annual contract incentive
9633-DENPU,47,Month-to-month,DSL,Bank transfer (automatic),58.6,2723.4,No,No,36.29,0,Medium,21.27,P4 - Monitor,Offer annual contract incentive
7811-JIVPF,23,Month-to-month,DSL,Credit card (automatic),49.7,1081.25,No,No,42.92,0,Medium,21.33,P4 - Monitor,Offer annual contract incentive
7113-HIPFI,66,Two year,DSL,Mailed check,65.85,4097.05,Yes,Yes,1.37,0,Low,0.9,P4 - Monitor,Standard retention campaign
8541-QVFKM,8,Month-to-month,Fiber optic,Electronic check,73.5,632.2,No,No,83.14,1,Critical,61.11,P2 - High,Offer annual contract incentive
9258-CNWAC,71,Two year,Fiber optic,Credit card (automatic),113.65,8166.8,Yes,Yes,1.97,0,Low,2.24,P4 - Monitor,Review Fiber pricing/service quality
5371-VYLSX,50,Month-to-month,Fiber optic,Electronic check,83.4,4113.7,No,Yes,61.18,1,High,51.02,P2 - High,Offer annual contract incentive
6374-AFWOX,46,Two year,DSL,Mailed check,65.65,3047.15,Yes,Yes,6.57,0,Low,4.31,P4 - Monitor,Standard retention campaign
5317-FLPJF,66,Two year,DSL,Bank transfer (automatic),61.35,4193.4,Yes,Yes,5.11,0,Low,3.13,P4 - Monitor,Standard retention campaign
7621-VPNET,42,Month-to-month,Fiber optic,Credit card (automatic),85.9,3729.75,Yes,No,59.95,1,High,51.5,P2 - High,Offer annual contract incentive
6034-YMTOB,5,Month-to-month,Fiber optic,Mailed check,75.65,399.45,Yes,No,70.82,1,High,53.58,P2 - High,Offer annual contract incentive
4903-CNOZC,29,One year,DSL,Credit card (automatic),70.9,1964.6,No,No,24.16,0,Low,17.13,P4 - Monitor,Offer Tech Support trial/bundle
4353-HYOJD,27,Month-to-month,DSL,Mailed check,49.85,1336.15,No,No,19.81,0,Low,9.88,P4 - Monitor,Offer annual contract incentive
7267-FRMJW,25,Two year,No,Mailed check,20.1,486.05,No internet service,No internet service,0.76,0,Low,0.15,P4 - Monitor,Standard retention campaign
4188-FRABG,57,Month-to-month,Fiber optic,Electronic check,103.05,5925.75,Yes,Yes,51.83,1,High,53.41,P2 - High,Offer annual contract incentive
4128-ETESU,47,Month-to-month,Fiber optic,Electronic check,99.7,4747.2,No,No,72.24,1,High,72.02,P2 - High,Offer annual contract incentive
0620-DLSLK,13,Month-to-month,Fiber optic,Mailed check,81.9,1028.9,No,No,80.62,1,Critical,66.03,P2 - High,Offer annual contract incentive
3850-OKINF,71,One year,DSL,Electronic check,66.2,4692.55,No,Yes,8.11,0,Low,5.37,P4 - Monitor,Offer Tech Support trial/bundle
1156-ZFYDO,1,Month-to-month,No,Electronic check,19.75,19.75,No internet service,No internet service,53.88,1,High,10.64,P3 - Medium,Offer annual contract incentive
3295-YVUSR,2,Month-to-month,Fiber optic,Mailed check,72.6,154.3,No,No,83.76,1,Critical,60.81,P2 - High,Offer annual contract incentive
8016-NCFVO,55,Month-to-month,Fiber optic,Electronic check,116.5,6382.55,Yes,Yes,52.9,1,High,61.63,P2 - High,Offer annual contract incentive
4119-ZYPZY,71,Two year,Fiber optic,Electronic check,106.8,7623.2,Yes,No,31.43,0,Medium,33.57,P4 - Monitor,Offer Online Security bundle
5549-ZGHFB,50,Two year,No,Mailed check,24.95,1261.45,No internet service,No internet service,1.4,0,Low,0.35,P4 - Monitor,Standard retention campaign
7577-SWIFR,1,Month-to-month,Fiber optic,Electronic check,89.25,89.25,No,No,91.51,1,Critical,81.67,P1 - Immediate,Offer annual contract incentive
0303-WMMRN,5,Month-to-month,No,Mailed check,19.25,86.05,No internet service,No internet service,29.53,0,Medium,5.68,P4 - Monitor,Offer annual contract incentive
6408-OTUBZ,66,One year,Fiber optic,Bank transfer (automatic),104.55,6779.05,Yes,Yes,29.13,0,Medium,30.46,P4 - Monitor,Review Fiber pricing/service quality
5204-HMGYF,49,One year,DSL,Mailed check,87.2,4345.0,Yes,Yes,5.17,0,Low,4.51,P4 - Monitor,Standard retention campaign
1078-TDCRN,3,Month-to-month,DSL,Electronic check,30.75,82.85,No,No,75.63,1,Critical,23.26,P3 - Medium,Offer annual contract incentive
3727-OVPRY,66,One year,No,Credit card (automatic),25.7,1714.55,No internet service,No internet service,2.58,0,Low,0.66,P4 - Monitor,Standard retention campaign
3797-FKOGQ,11,Month-to-month,Fiber optic,Electronic check,86.2,893.2,No,No,56.63,1,High,48.82,P3 - Medium,Offer annual contract incentive
7622-NXQZR,28,Month-to-month,DSL,Credit card (automatic),30.1,810.85,Yes,No,46.0,0,Medium,13.85,P4 - Monitor,Offer annual contract incentive
6196-HBOBZ,65,Two year,Fiber optic,Electronic check,99.35,6347.55,No,Yes,26.1,0,Medium,25.93,P4 - Monitor,Offer Tech Support trial/bundle
3970-XGJDU,62,Two year,No,Credit card (automatic),19.2,1123.65,No internet service,No internet service,4.71,0,Low,0.9,P4 - Monitor,Standard retention campaign
7017-VFULY,2,Month-to-month,No,Bank transfer (automatic),20.1,43.15,No internet service,No internet service,39.24,0,Medium,7.89,P4 - Monitor,Offer annual contract incentive
5562-YJQGT,2,Month-to-month,No,Credit card (automatic),20.35,35.1,No internet service,No internet service,32.72,0,Medium,6.66,P4 - Monitor,Offer annual contract incentive
8807-OPMBM,55,Two year,No,Credit card (automatic),25.65,1388.0,No internet service,No internet service,1.92,0,Low,0.49,P4 - Monitor,Standard retention campaign
5439-WIKXB,41,Month-to-month,Fiber optic,Electronic check,94.55,3851.45,No,No,72.35,1,High,68.41,P2 - High,Offer annual contract incentive
8294-UIMBA,30,One year,Fiber optic,Bank transfer (automatic),94.4,2638.1,Yes,No,38.42,0,Medium,36.27,P4 - Monitor,Offer Online Security bundle
8109-YUOHE,17,One year,DSL,Mailed check,56.1,946.95,No,Yes,19.22,0,Low,10.78,P4 - Monitor,Offer Tech Support trial/bundle
5840-NVDCG,16,Two year,DSL,Bank transfer (automatic),68.25,1114.85,Yes,Yes,3.78,0,Low,2.58,P4 - Monitor,Standard retention campaign
8092-NLTGF,72,Two year,No,Bank transfer (automatic),24.75,1777.6,No internet service,No internet service,3.92,0,Low,0.97,P4 - Monitor,Standard retention campaign
5928-QLDHB,9,Month-to-month,Fiber optic,Electronic check,76.25,684.85,No,No,84.31,1,Critical,64.29,P2 - High,Offer annual contract incentive
9840-EFJQB,1,Month-to-month,Fiber optic,Electronic check,74.35,74.35,No,No,81.09,1,Critical,60.29,P2 - High,Offer annual contract incentive
0696-UKTOX,23,Month-to-month,DSL,Electronic check,54.15,1312.45,Yes,No,20.89,0,Low,11.31,P4 - Monitor,Offer annual contract incentive
4801-KFYKL,8,Month-to-month,No,Bank transfer (automatic),19.45,159.2,No internet service,No internet service,19.35,0,Low,3.76,P4 - Monitor,Offer annual contract incentive
3472-OAOOR,19,Month-to-month,DSL,Mailed check,34.95,610.2,No,Yes,26.06,0,Medium,9.11,P4 - Monitor,Offer annual contract incentive
6135-OZQVA,7,Month-to-month,DSL,Electronic check,53.65,404.35,No,Yes,59.56,1,High,31.95,P3 - Medium,Offer annual contract incentive
2252-JHJGE,61,One year,Fiber optic,Electronic check,104.0,6363.45,No,Yes,43.6,0,Medium,45.34,P4 - Monitor,Offer Tech Support trial/bundle
4188-PCPIG,57,Two year,DSL,Credit card (automatic),70.35,4124.65,Yes,Yes,6.83,0,Low,4.8,P4 - Monitor,Standard retention campaign
7105-BENQF,15,One year,DSL,Mailed check,64.85,950.75,No,Yes,10.82,0,Low,7.02,P4 - Monitor,Offer Tech Support trial/bundle
7721-DVEKZ,1,Month-to-month,No,Mailed check,19.65,19.65,No internet service,No internet service,55.15,1,High,10.84,P3 - Medium,Offer annual contract incentive
3566-VVORZ,12,Month-to-month,DSL,Bank transfer (automatic),45.9,505.95,No,No,50.99,1,High,23.4,P3 - Medium,Offer annual contract incentive
9507-HSMMZ,54,Two year,No,Mailed check,20.0,1149.65,No internet service,No internet service,6.57,0,Low,1.31,P4 - Monitor,Standard retention campaign
2480-SQIOB,4,Month-to-month,DSL,Electronic check,44.8,169.65,No,No,55.13,1,High,24.7,P3 - Medium,Offer annual contract incentive
7813-TKCVO,20,One year,No,Mailed check,20.35,393.15,No internet service,No internet service,6.84,0,Low,1.39,P4 - Monitor,Standard retention campaign
0128-MKWSG,26,Month-to-month,DSL,Mailed check,45.8,1147.0,Yes,Yes,27.14,0,Medium,12.43,P4 - Monitor,Offer annual contract incentive
4350-ZTLPI,53,One year,Fiber optic,Bank transfer (automatic),108.95,5718.2,Yes,No,46.9,0,Medium,51.1,P4 - Monitor,Offer Online Security bundle
0361-HJRDX,68,Two year,DSL,Credit card (automatic),64.35,4539.6,Yes,Yes,5.19,0,Low,3.34,P4 - Monitor,Standard retention campaign
5727-MYATE,72,Two year,DSL,Credit card (automatic),90.8,6397.6,Yes,Yes,0.95,0,Low,0.86,P4 - Monitor,Standard retention campaign
3823-KYNQY,12,One year,No,Credit card (automatic),24.95,280.4,No internet service,No internet service,16.24,0,Low,4.05,P4 - Monitor,Standard retention campaign
7570-WELNY,68,Two year,Fiber optic,Bank transfer (automatic),84.7,5711.05,No,Yes,13.78,0,Low,11.67,P4 - Monitor,Offer Tech Support trial/bundle
3021-VLNRJ,50,One year,DSL,Credit card (automatic),70.8,3478.15,Yes,Yes,5.92,0,Low,4.19,P4 - Monitor,Standard retention campaign
2080-CAZNM,41,Month-to-month,Fiber optic,Electronic check,104.4,4133.95,No,No,76.7,1,Critical,80.07,P1 - Immediate,Offer annual contract incentive
1028-FFNJK,30,Month-to-month,Fiber optic,Electronic check,101.5,2917.65,Yes,No,72.84,1,High,73.93,P2 - High,Offer annual contract incentive
6907-FLBER,1,Month-to-month,DSL,Electronic check,54.3,54.3,No,No,69.11,1,High,37.53,P3 - Medium,Offer annual contract incentive
3001-UNBTL,29,Month-to-month,Fiber optic,Electronic check,103.95,2964.8,No,No,34.04,0,Medium,35.38,P4 - Monitor,Offer annual contract incentive
5982-PSMKW,23,Two year,DSL,Credit card (automatic),91.1,2198.3,Yes,Yes,3.4,0,Low,3.1,P4 - Monitor,Standard retention campaign
3507-GASNP,60,Two year,No,Mailed check,19.95,1189.9,No internet service,No internet service,1.51,0,Low,0.3,P4 - Monitor,Standard retention campaign
7096-ZNBZI,72,Two year,No,Credit card (automatic),26.45,1914.5,No internet service,No internet service,2.84,0,Low,0.75,P4 - Monitor,Standard retention campaign
1676-MQAOA,72,Two year,DSL,Bank transfer (automatic),75.1,5336.35,Yes,Yes,5.97,0,Low,4.48,P4 - Monitor,Standard retention campaign
0786-IVLAW,66,One year,Fiber optic,Bank transfer (automatic),108.1,7238.6,No,No,40.58,0,Medium,43.87,P4 - Monitor,Offer Tech Support trial/bundle
7566-DSRLQ,72,Two year,Fiber optic,Electronic check,110.15,7998.8,Yes,No,20.55,0,Low,22.64,P4 - Monitor,Offer Online Security bundle
7245-JMTTQ,51,One year,Fiber optic,Electronic check,111.5,5703.25,Yes,No,56.86,1,High,63.4,P2 - High,Offer Online Security bundle
6050-IJRHS,70,One year,Fiber optic,Electronic check,106.5,7397.0,No,No,7.25,0,Low,7.72,P4 - Monitor,Offer Tech Support trial/bundle
6202-JVYEU,9,One year,No,Electronic check,19.9,164.6,No internet service,No internet service,10.47,0,Low,2.08,P4 - Monitor,Promote automatic payment
8591-TKMZH,59,Two year,Fiber optic,Mailed check,111.1,6555.2,Yes,Yes,4.84,0,Low,5.38,P4 - Monitor,Review Fiber pricing/service quality
0734-OXWBT,3,Month-to-month,DSL,Mailed check,70.7,225.65,Yes,No,40.07,0,Medium,28.33,P4 - Monitor,Offer annual contract incentive
4282-ACRXS,38,Month-to-month,DSL,Electronic check,24.85,955.75,No,No,61.49,1,High,15.28,P3 - Medium,Offer annual contract incentive
0365-TRTPY,37,Month-to-month,Fiber optic,Bank transfer (automatic),91.2,3382.3,No,Yes,47.46,0,Medium,43.28,P4 - Monitor,Offer annual contract incentive
7349-ALMUX,37,Two year,DSL,Bank transfer (automatic),65.6,2313.8,Yes,Yes,6.43,0,Low,4.22,P4 - Monitor,Standard retention campaign
6502-KUGLL,14,Month-to-month,DSL,Bank transfer (automatic),59.45,780.85,Yes,Yes,21.36,0,Low,12.7,P4 - Monitor,Offer annual contract incentive
1841-YSJGV,72,Two year,Fiber optic,Credit card (automatic),109.95,7852.4,Yes,Yes,17.53,0,Low,19.27,P4 - Monitor,Review Fiber pricing/service quality
3511-BFTJW,72,Two year,DSL,Credit card (automatic),38.5,2763.0,No,Yes,4.55,0,Low,1.75,P4 - Monitor,Offer Tech Support trial/bundle
7668-XCFYV,17,Month-to-month,Fiber optic,Electronic check,92.55,1614.7,No,No,81.91,1,Critical,75.81,P1 - Immediate,Offer annual contract incentive
5018-HEKFO,10,Month-to-month,No,Mailed check,24.5,270.15,No internet service,No internet service,27.66,0,Medium,6.78,P4 - Monitor,Offer annual contract incentive
3976-NLDEZ,1,Month-to-month,No,Mailed check,20.6,20.6,No internet service,No internet service,48.77,0,Medium,10.05,P4 - Monitor,Offer annual contract incentive
2282-YGNOR,29,One year,DSL,Credit card (automatic),58.0,1734.5,Yes,Yes,12.57,0,Low,7.29,P4 - Monitor,Standard retention campaign
5336-UFNZP,65,One year,Fiber optic,Electronic check,107.45,7047.5,No,No,10.35,0,Low,11.12,P4 - Monitor,Offer Tech Support trial/bundle
6854-EXGSF,8,Month-to-month,DSL,Bank transfer (automatic),65.5,573.15,No,Yes,40.06,0,Medium,26.24,P4 - Monitor,Offer annual contract incentive
1241-EZFMJ,61,Two year,No,Bank transfer (automatic),25.45,1538.6,No internet service,No internet service,4.0,0,Low,1.02,P4 - Monitor,Standard retention campaign
9233-PSYHO,45,One year,Fiber optic,Bank transfer (automatic),100.15,4459.8,No,No,47.91,0,Medium,47.98,P4 - Monitor,Offer Tech Support trial/bundle
5376-PCKNB,72,One year,Fiber optic,Credit card (automatic),104.45,7459.0,No,No,6.79,0,Low,7.09,P4 - Monitor,Offer Tech Support trial/bundle
8044-BGWPI,12,Month-to-month,No,Electronic check,21.15,306.05,No internet service,No internet service,22.53,0,Low,4.77,P4 - Monitor,Offer annual contract incentive
4060-LDNLU,7,Month-to-month,Fiber optic,Electronic check,96.2,639.7,No,No,87.1,1,Critical,83.79,P1 - Immediate,Offer annual contract incentive
3589-PPVKW,9,Month-to-month,DSL,Mailed check,44.4,348.15,No,No,64.25,1,High,28.53,P3 - Medium,Offer annual contract incentive
5887-IKKYO,58,Two year,Fiber optic,Bank transfer (automatic),94.35,5563.65,Yes,No,5.35,0,Low,5.05,P4 - Monitor,Offer Online Security bundle
1755-RMCXH,2,Month-to-month,No,Mailed check,20.3,40.25,No internet service,No internet service,23.85,0,Low,4.84,P4 - Monitor,Offer annual contract incentive
3858-XHYJO,40,One year,Fiber optic,Bank transfer (automatic),105.75,4228.55,No,Yes,41.74,0,Medium,44.14,P4 - Monitor,Offer Tech Support trial/bundle
4299-SIMNS,9,Month-to-month,Fiber optic,Electronic check,81.15,784.45,No,Yes,68.71,1,High,55.76,P2 - High,Offer annual contract incentive
7025-IWFHT,41,One year,Fiber optic,Electronic check,89.55,3729.75,Yes,No,39.47,0,Medium,35.35,P4 - Monitor,Offer Online Security bundle
6261-LHRTG,26,Month-to-month,DSL,Credit card (automatic),54.75,1406.9,No,No,39.86,0,Medium,21.82,P4 - Monitor,Offer annual contract incentive
7841-FCRQD,33,One year,DSL,Credit card (automatic),53.75,1857.3,Yes,No,19.59,0,Low,10.53,P4 - Monitor,Offer Online Security bundle
2056-EVGZL,68,One year,Fiber optic,Credit card (automatic),105.75,7322.5,Yes,No,6.54,0,Low,6.92,P4 - Monitor,Offer Online Security bundle
8777-MBMTS,65,Two year,Fiber optic,Credit card (automatic),105.85,6725.5,Yes,No,22.84,0,Low,24.18,P4 - Monitor,Offer Online Security bundle
7753-USQYQ,55,One year,DSL,Electronic check,64.2,3627.3,Yes,No,25.74,0,Medium,16.53,P4 - Monitor,Offer Online Security bundle
7661-CPURM,19,One year,Fiber optic,Credit card (automatic),87.7,1725.95,Yes,No,35.22,0,Medium,30.89,P4 - Monitor,Offer Online Security bundle
6233-HXJMX,45,Month-to-month,Fiber optic,Credit card (automatic),89.3,4192.15,No,No,70.19,1,High,62.68,P2 - High,Offer annual contract incentive
5902-WBLSE,70,Two year,No,Credit card (automatic),20.15,1411.2,No internet service,No internet service,1.05,0,Low,0.21,P4 - Monitor,Standard retention campaign
3239-TPHPZ,12,Two year,No,Electronic check,20.05,264.55,No internet service,No internet service,8.5,0,Low,1.7,P4 - Monitor,Promote automatic payment
5115-GZDEL,72,Two year,DSL,Credit card (automatic),67.2,4671.7,Yes,Yes,1.15,0,Low,0.77,P4 - Monitor,Standard retention campaign
3338-CVVEH,12,Month-to-month,Fiber optic,Electronic check,94.55,1173.55,No,No,82.05,1,Critical,77.58,P1 - Immediate,Offer annual contract incentive
2615-YVMYX,71,Month-to-month,Fiber optic,Electronic check,107.5,7713.55,No,Yes,51.39,1,High,55.24,P2 - High,Offer annual contract incentive
2851-STERV,35,One year,DSL,Electronic check,73.0,2471.25,Yes,No,36.06,0,Medium,26.32,P4 - Monitor,Offer Online Security bundle
4393-GEADV,70,Two year,Fiber optic,Credit card (automatic),114.75,7842.3,Yes,Yes,3.44,0,Low,3.95,P4 - Monitor,Review Fiber pricing/service quality
8486-AYEQH,31,Month-to-month,Fiber optic,Electronic check,76.05,2227.8,No,No,75.87,1,Critical,57.7,P2 - High,Offer annual contract incentive
5419-JKZNQ,30,Month-to-month,Fiber optic,Mailed check,77.9,2351.45,No,No,63.49,1,High,49.46,P3 - Medium,Offer annual contract incentive
2495-KZNFB,33,Month-to-month,Fiber optic,Electronic check,90.65,2989.6,No,Yes,63.87,1,High,57.9,P2 - High,Offer annual contract incentive
1409-PHXTF,54,Two year,Fiber optic,Electronic check,110.45,6077.75,Yes,No,34.27,0,Medium,37.85,P4 - Monitor,Offer Online Security bundle
4560-WQAQW,59,One year,DSL,Bank transfer (automatic),68.7,4070.95,Yes,Yes,11.27,0,Low,7.74,P4 - Monitor,Standard retention campaign
9591-YVTEB,55,Month-to-month,DSL,Electronic check,44.85,2479.05,No,Yes,51.46,1,High,23.08,P3 - Medium,Offer annual contract incentive
9309-BZGNT,69,One year,DSL,Credit card (automatic),29.8,2134.3,No,No,23.7,0,Low,7.06,P4 - Monitor,Offer Tech Support trial/bundle
4274-DRSQT,66,One year,Fiber optic,Bank transfer (automatic),88.9,6000.1,No,No,29.08,0,Medium,25.85,P4 - Monitor,Offer Tech Support trial/bundle
2027-DNKIV,37,One year,DSL,Mailed check,58.75,2203.1,Yes,Yes,2.96,0,Low,1.74,P4 - Monitor,Standard retention campaign
8075-GXIUB,9,One year,No,Credit card (automatic),19.85,183.15,No internet service,No internet service,10.8,0,Low,2.14,P4 - Monitor,Standard retention campaign
2885-HIJDH,69,Two year,DSL,Bank transfer (automatic),86.9,6194.1,Yes,Yes,1.58,0,Low,1.37,P4 - Monitor,Standard retention campaign
5424-RLQLC,10,Month-to-month,DSL,Mailed check,59.65,638.95,No,No,46.97,0,Medium,28.02,P4 - Monitor,Offer annual contract incentive
6507-DTJZV,13,Month-to-month,DSL,Credit card (automatic),66.4,831.75,No,No,30.61,0,Medium,20.33,P4 - Monitor,Offer annual contract incentive
7673-BQGKU,69,Two year,No,Bank transfer (automatic),20.15,1337.5,No internet service,No internet service,0.75,0,Low,0.15,P4 - Monitor,Standard retention campaign
6723-WSNTY,66,One year,Fiber optic,Credit card (automatic),108.1,7181.95,Yes,No,46.83,0,Medium,50.62,P4 - Monitor,Offer Online Security bundle
2725-IWWBA,46,One year,DSL,Mailed check,56.9,2560.1,Yes,Yes,3.17,0,Low,1.8,P4 - Monitor,Standard retention campaign
1061-PNTHC,56,Month-to-month,Fiber optic,Mailed check,109.6,5953.0,Yes,Yes,20.9,0,Low,22.91,P4 - Monitor,Offer annual contract incentive
0394-YONDK,70,Two year,No,Credit card (automatic),25.15,1790.15,No internet service,No internet service,0.62,0,Low,0.16,P4 - Monitor,Standard retention campaign
6574-MCOEH,33,One year,DSL,Electronic check,79.15,2531.4,Yes,No,9.1,0,Low,7.2,P4 - Monitor,Offer Online Security bundle
7399-QHBJS,72,Two year,DSL,Credit card (automatic),66.75,4760.3,Yes,Yes,2.1,0,Low,1.4,P4 - Monitor,Standard retention campaign
0997-YTLNY,19,Month-to-month,DSL,Mailed check,48.8,953.65,Yes,No,24.47,0,Low,11.94,P4 - Monitor,Offer annual contract incentive
9479-HYNYL,71,Two year,DSL,Credit card (automatic),80.7,5705.05,Yes,No,5.14,0,Low,4.15,P4 - Monitor,Offer Online Security bundle
9708-KFDBY,1,Month-to-month,No,Credit card (automatic),20.55,20.55,No internet service,No internet service,41.36,0,Medium,8.5,P4 - Monitor,Offer annual contract incentive
3642-GKTCT,61,One year,Fiber optic,Mailed check,115.1,6993.65,Yes,Yes,38.02,0,Medium,43.76,P4 - Monitor,Review Fiber pricing/service quality
0774-RMNUW,71,Two year,DSL,Bank transfer (automatic),59.7,4122.65,Yes,Yes,1.12,0,Low,0.67,P4 - Monitor,Standard retention campaign
1334-PDUKM,68,One year,Fiber optic,Credit card (automatic),86.45,5762.95,No,No,30.08,0,Medium,26.0,P4 - Monitor,Offer Tech Support trial/bundle
0756-MPZRL,46,One year,DSL,Credit card (automatic),33.7,1537.85,Yes,No,19.42,0,Low,6.54,P4 - Monitor,Offer Online Security bundle
2242-MFOTG,33,One year,Fiber optic,Bank transfer (automatic),80.1,2603.3,No,Yes,19.83,0,Low,15.88,P4 - Monitor,Offer Tech Support trial/bundle
2927-CVULT,53,Two year,Fiber optic,Bank transfer (automatic),104.05,5566.4,Yes,Yes,5.69,0,Low,5.92,P4 - Monitor,Review Fiber pricing/service quality
2144-BFDSO,50,Month-to-month,Fiber optic,Bank transfer (automatic),108.75,5431.9,No,Yes,53.08,1,High,57.72,P2 - High,Offer annual contract incentive
8745-PVESG,57,One year,DSL,Credit card (automatic),41.1,2258.25,Yes,Yes,9.23,0,Low,3.79,P4 - Monitor,Standard retention campaign
7647-GYYKX,54,Two year,No,Bank transfer (automatic),20.35,1092.35,No internet service,No internet service,1.11,0,Low,0.23,P4 - Monitor,Standard retention campaign
5647-FXOTP,60,Month-to-month,Fiber optic,Electronic check,105.9,6401.25,No,No,71.22,1,High,75.42,P2 - High,Offer annual contract incentive
9700-ISPUP,10,Month-to-month,DSL,Electronic check,65.5,616.9,Yes,No,28.93,0,Medium,18.95,P4 - Monitor,Offer annual contract incentive
9839-ETQOE,43,Month-to-month,DSL,Electronic check,40.45,1912.85,No,Yes,25.85,0,Medium,10.46,P4 - Monitor,Offer annual contract incentive
6078-VESFR,13,Month-to-month,Fiber optic,Bank transfer (automatic),70.45,849.1,No,No,70.45,1,High,49.63,P3 - Medium,Offer annual contract incentive
9027-TMATR,43,Two year,DSL,Electronic check,78.8,3460.3,Yes,Yes,13.21,0,Low,10.41,P4 - Monitor,Promote automatic payment
1941-HOSAM,1,Month-to-month,Fiber optic,Electronic check,90.1,90.1,No,No,51.93,1,High,46.79,P3 - Medium,Offer annual contract incentive
9110-HSGTV,69,Two year,DSL,Credit card (automatic),82.45,5555.3,Yes,Yes,7.1,0,Low,5.85,P4 - Monitor,Standard retention campaign
0704-VCUMB,61,Two year,No,Credit card (automatic),20.25,1278.8,No internet service,No internet service,2.8,0,Low,0.57,P4 - Monitor,Standard retention campaign
6171-ZTVYB,43,Month-to-month,DSL,Bank transfer (automatic),66.25,2907.35,Yes,Yes,19.82,0,Low,13.13,P4 - Monitor,Offer annual contract incentive
1935-IMVBB,56,Month-to-month,Fiber optic,Mailed check,89.7,4952.95,No,No,59.33,1,High,53.22,P2 - High,Offer annual contract incentive
2535-PBCGC,70,Two year,DSL,Bank transfer (automatic),64.55,4504.9,Yes,Yes,4.73,0,Low,3.05,P4 - Monitor,Standard retention campaign
1470-PSXNM,49,One year,Fiber optic,Electronic check,93.65,4520.15,No,No,7.88,0,Low,7.38,P4 - Monitor,Offer Tech Support trial/bundle
2498-XLDZR,32,Two year,DSL,Mailed check,73.6,2316.85,Yes,Yes,2.92,0,Low,2.15,P4 - Monitor,Standard retention campaign
9866-OCCKE,72,Two year,Fiber optic,Mailed check,109.75,8075.35,Yes,Yes,17.06,0,Low,18.72,P4 - Monitor,Review Fiber pricing/service quality
5338-YHWYT,37,Two year,DSL,Credit card (automatic),61.45,2302.35,Yes,Yes,2.77,0,Low,1.7,P4 - Monitor,Standard retention campaign
7718-UPSKJ,69,One year,Fiber optic,Credit card (automatic),106.4,7251.9,Yes,Yes,44.24,0,Medium,47.07,P4 - Monitor,Review Fiber pricing/service quality
8731-WBBMB,26,Month-to-month,DSL,Bank transfer (automatic),81.9,2078.55,Yes,No,27.45,0,Medium,22.48,P4 - Monitor,Offer annual contract incentive
1448-CYWKC,58,One year,Fiber optic,Credit card (automatic),105.2,6225.4,No,No,7.53,0,Low,7.92,P4 - Monitor,Offer Tech Support trial/bundle
7901-IIDQV,24,One year,DSL,Bank transfer (automatic),54.6,1242.25,Yes,No,19.72,0,Low,10.77,P4 - Monitor,Offer Online Security bundle
2690-DVRVK,5,One year,No,Electronic check,20.55,99.45,No internet service,No internet service,6.03,0,Low,1.24,P4 - Monitor,Promote automatic payment
1270-XKUCC,30,Two year,No,Mailed check,19.7,599.25,No internet service,No internet service,0.7,0,Low,0.14,P4 - Monitor,Standard retention campaign
0334-ZFJSR,55,One year,DSL,Credit card (automatic),66.05,3462.1,Yes,Yes,11.86,0,Low,7.83,P4 - Monitor,Standard retention campaign
5583-EJXRD,44,Two year,DSL,Credit card (automatic),54.05,2375.2,Yes,Yes,2.3,0,Low,1.24,P4 - Monitor,Standard retention campaign
4565-EVZMJ,47,One year,DSL,Mailed check,58.9,2813.05,Yes,Yes,11.06,0,Low,6.51,P4 - Monitor,Standard retention campaign
3327-YBAKM,64,One year,Fiber optic,Mailed check,96.9,6314.35,Yes,Yes,37.24,0,Medium,36.09,P4 - Monitor,Review Fiber pricing/service quality
9441-QHEVC,1,Month-to-month,No,Mailed check,19.1,19.1,No internet service,No internet service,44.25,0,Medium,8.45,P4 - Monitor,Offer annual contract incentive
6705-LNMDD,20,Month-to-month,DSL,Mailed check,50.0,1003.05,Yes,No,39.44,0,Medium,19.72,P4 - Monitor,Offer annual contract incentive
2580-ASVVY,37,Two year,DSL,Electronic check,45.4,1593.1,Yes,Yes,19.21,0,Low,8.72,P4 - Monitor,Promote automatic payment
3370-GQEAL,30,Month-to-month,Fiber optic,Electronic check,85.45,2509.95,No,No,22.52,0,Low,19.24,P4 - Monitor,Offer annual contract incentive
5032-USPKF,38,One year,DSL,Bank transfer (automatic),84.1,3187.65,No,Yes,22.73,0,Low,19.12,P4 - Monitor,Offer Tech Support trial/bundle
4254-QPEDE,52,Two year,DSL,Credit card (automatic),66.25,3330.1,Yes,Yes,6.47,0,Low,4.29,P4 - Monitor,Standard retention campaign
6283-GITPX,71,Two year,DSL,Credit card (automatic),76.9,5522.7,Yes,Yes,2.32,0,Low,1.78,P4 - Monitor,Standard retention campaign
0771-CHWSK,66,Two year,DSL,Credit card (automatic),74.6,4798.4,No,Yes,10.05,0,Low,7.5,P4 - Monitor,Offer Tech Support trial/bundle
9788-HNGUT,72,Two year,Fiber optic,Credit card (automatic),116.95,8594.4,Yes,Yes,14.7,0,Low,17.19,P4 - Monitor,Review Fiber pricing/service quality
9495-REDIY,25,One year,DSL,Credit card (automatic),40.65,970.55,No,Yes,11.83,0,Low,4.81,P4 - Monitor,Offer Tech Support trial/bundle
5375-XLDOF,69,Two year,Fiber optic,Bank transfer (automatic),114.35,7665.8,Yes,Yes,5.02,0,Low,5.74,P4 - Monitor,Review Fiber pricing/service quality
1172-VIYBP,53,Two year,DSL,Bank transfer (automatic),69.7,3686.05,No,Yes,2.27,0,Low,1.58,P4 - Monitor,Offer Tech Support trial/bundle
6559-PDZLR,26,Month-to-month,Fiber optic,Electronic check,98.65,2537.0,Yes,No,66.73,1,High,65.83,P2 - High,Offer annual contract incentive
8992-OBVDG,21,Month-to-month,DSL,Mailed check,61.65,1393.6,No,No,38.63,0,Medium,23.82,P4 - Monitor,Offer annual contract incentive
4273-MBHYA,1,Month-to-month,Fiber optic,Electronic check,89.35,89.35,No,No,70.69,1,High,63.16,P2 - High,Offer annual contract incentive
4724-WXVWF,48,Month-to-month,Fiber optic,Electronic check,95.4,4445.3,Yes,Yes,53.57,1,High,51.11,P2 - High,Offer annual contract incentive
5701-GUXDC,26,One year,DSL,Credit card (automatic),35.4,978.6,No,Yes,23.29,0,Low,8.24,P4 - Monitor,Offer Tech Support trial/bundle
1460-UZPRJ,60,Two year,No,Mailed check,19.95,1258.15,No internet service,No internet service,4.86,0,Low,0.97,P4 - Monitor,Standard retention campaign
6082-GLJIX,18,Month-to-month,No,Mailed check,19.25,331.35,No internet service,No internet service,23.13,0,Low,4.45,P4 - Monitor,Offer annual contract incentive
2495-TTHBQ,4,One year,No,Mailed check,20.4,84.75,No internet service,No internet service,6.1,0,Low,1.24,P4 - Monitor,Standard retention campaign
0485-ZBSLN,65,Two year,No,Credit card (automatic),24.75,1715.1,No internet service,No internet service,0.77,0,Low,0.19,P4 - Monitor,Standard retention campaign
3810-PJUHR,70,Two year,No,Mailed check,25.35,1715.15,No internet service,No internet service,0.59,0,Low,0.15,P4 - Monitor,Standard retention campaign
0847-HGRML,62,Two year,No,Bank transfer (automatic),20.0,1250.1,No internet service,No internet service,1.75,0,Low,0.35,P4 - Monitor,Standard retention campaign
8232-CTLKO,66,Two year,DSL,Electronic check,59.75,3996.8,No,Yes,4.96,0,Low,2.96,P4 - Monitor,Offer Tech Support trial/bundle
9227-YBAXE,65,Two year,DSL,Bank transfer (automatic),82.5,5215.1,Yes,Yes,1.71,0,Low,1.41,P4 - Monitor,Standard retention campaign
9860-LISIZ,34,Month-to-month,No,Mailed check,20.35,673.2,No internet service,No internet service,21.59,0,Low,4.39,P4 - Monitor,Offer annual contract incentive
0112-QAWRZ,16,Month-to-month,Fiber optic,Bank transfer (automatic),90.8,1442.2,No,No,32.3,0,Medium,29.33,P4 - Monitor,Offer annual contract incentive
2786-GCDPI,50,Month-to-month,Fiber optic,Electronic check,104.95,5222.35,Yes,No,69.08,1,High,72.5,P2 - High,Offer annual contract incentive
4043-MKDTV,71,Two year,Fiber optic,Electronic check,105.25,7291.75,Yes,No,29.53,0,Medium,31.08,P4 - Monitor,Offer Online Security bundle
9229-RQABD,18,One year,No,Mailed check,23.75,424.5,No internet service,No internet service,11.29,0,Low,2.68,P4 - Monitor,Standard retention campaign
8313-KTIHG,4,Month-to-month,DSL,Electronic check,61.3,249.4,Yes,No,60.07,1,High,36.82,P3 - Medium,Offer annual contract incentive
5320-BRKGK,58,Two year,DSL,Mailed check,75.8,4415.75,Yes,Yes,2.16,0,Low,1.64,P4 - Monitor,Standard retention campaign
6284-KMNUF,56,One year,Fiber optic,Electronic check,98.0,5270.6,No,Yes,42.92,0,Medium,42.06,P4 - Monitor,Offer Tech Support trial/bundle
6229-UOLQL,56,One year,DSL,Mailed check,52.0,2884.9,Yes,Yes,3.61,0,Low,1.88,P4 - Monitor,Standard retention campaign
3137-LUPIX,4,Month-to-month,DSL,Mailed check,64.4,253.0,Yes,No,61.98,1,High,39.92,P3 - Medium,Offer annual contract incentive
6143-JQKEA,10,Month-to-month,DSL,Credit card (automatic),45.8,436.2,No,No,59.75,1,High,27.37,P3 - Medium,Offer annual contract incentive
8676-OOQEJ,4,Month-to-month,DSL,Electronic check,30.5,118.4,Yes,No,64.65,1,High,19.72,P3 - Medium,Offer annual contract incentive
9701-CDXHR,51,Month-to-month,Fiber optic,Mailed check,69.15,3649.6,No,No,55.38,1,High,38.3,P3 - Medium,Offer annual contract incentive
8124-NZVGJ,6,One year,DSL,Mailed check,49.25,255.6,Yes,No,46.12,0,Medium,22.71,P4 - Monitor,Offer Online Security bundle
2162-FRZAA,63,Two year,DSL,Bank transfer (automatic),39.35,2395.05,Yes,No,3.35,0,Low,1.32,P4 - Monitor,Offer Online Security bundle
5118-MUEYH,48,Month-to-month,Fiber optic,Credit card (automatic),105.1,5083.55,Yes,No,61.25,1,High,64.37,P2 - High,Offer annual contract incentive
5627-TVBPP,35,One year,No,Credit card (automatic),20.1,644.5,No internet service,No internet service,2.66,0,Low,0.53,P4 - Monitor,Standard retention campaign
3936-QQFLL,2,Month-to-month,No,Mailed check,19.75,39.3,No internet service,No internet service,33.78,0,Medium,6.67,P4 - Monitor,Offer annual contract incentive
2589-AYCRP,50,One year,No,Bank transfer (automatic),19.75,989.05,No internet service,No internet service,9.59,0,Low,1.89,P4 - Monitor,Standard retention campaign
4067-HLYQI,33,Month-to-month,Fiber optic,Bank transfer (automatic),70.4,2406.1,No,No,64.46,1,High,45.38,P3 - Medium,Offer annual contract incentive
5124-EOGYE,31,Two year,No,Mailed check,20.45,638.55,No internet service,No internet service,4.85,0,Low,0.99,P4 - Monitor,Standard retention campaign
5057-RKGLH,9,Two year,No,Mailed check,20.35,191.1,No internet service,No internet service,2.6,0,Low,0.53,P4 - Monitor,Standard retention campaign
0292-WEGCH,54,Month-to-month,DSL,Electronic check,86.2,4524.05,Yes,No,15.3,0,Low,13.19,P4 - Monitor,Offer annual contract incentive
8910-ICHIU,46,One year,Fiber optic,Credit card (automatic),95.65,4664.2,No,Yes,29.29,0,Medium,28.02,P4 - Monitor,Offer Tech Support trial/bundle
4097-YODCF,34,One year,Fiber optic,Electronic check,103.8,3470.8,No,Yes,14.05,0,Low,14.58,P4 - Monitor,Offer Tech Support trial/bundle
9715-WZCLW,71,Two year,Fiber optic,Electronic check,97.2,6910.3,No,Yes,7.25,0,Low,7.05,P4 - Monitor,Offer Tech Support trial/bundle
9786-YWNHU,63,Two year,DSL,Mailed check,63.55,4014.2,Yes,Yes,1.39,0,Low,0.88,P4 - Monitor,Standard retention campaign
6407-GSJNL,51,Two year,No,Bank transfer (automatic),24.95,1288.0,No internet service,No internet service,7.1,0,Low,1.77,P4 - Monitor,Standard retention campaign
4049-ZPALD,64,Two year,Fiber optic,Bank transfer (automatic),99.0,6375.8,No,Yes,27.65,0,Medium,27.37,P4 - Monitor,Offer Tech Support trial/bundle
3733-UOCWF,61,One year,Fiber optic,Bank transfer (automatic),85.55,5251.75,Yes,No,22.13,0,Low,18.93,P4 - Monitor,Offer Online Security bundle
6833-JMZYP,15,Month-to-month,Fiber optic,Credit card (automatic),94.0,1505.45,No,No,78.3,1,Critical,73.6,P2 - High,Offer annual contract incentive
1310-QRITU,18,Month-to-month,DSL,Electronic check,50.3,913.3,No,No,60.15,1,High,30.26,P3 - Medium,Offer annual contract incentive
8961-QDZZJ,57,One year,Fiber optic,Electronic check,95.0,5535.8,No,No,9.44,0,Low,8.97,P4 - Monitor,Offer Tech Support trial/bundle
9715-SBVSU,14,Two year,DSL,Bank transfer (automatic),61.4,815.55,No,Yes,7.77,0,Low,4.77,P4 - Monitor,Offer Tech Support trial/bundle
8490-BXHEO,18,Month-to-month,Fiber optic,Credit card (automatic),80.55,1411.65,No,No,72.31,1,High,58.25,P2 - High,Offer annual contract incentive
7173-TETGO,72,Two year,Fiber optic,Bank transfer (automatic),78.5,5602.25,No,Yes,11.8,0,Low,9.26,P4 - Monitor,Offer Tech Support trial/bundle
7929-SKFGK,70,Two year,Fiber optic,Credit card (automatic),114.3,8244.3,Yes,Yes,22.5,0,Low,25.72,P4 - Monitor,Review Fiber pricing/service quality
2300-RQGOI,38,Two year,No,Mailed check,20.05,741.5,No internet service,No internet service,4.01,0,Low,0.8,P4 - Monitor,Standard retention campaign
3563-SVYLG,68,Two year,DSL,Credit card (automatic),62.65,4375.8,Yes,Yes,1.7,0,Low,1.07,P4 - Monitor,Standard retention campaign
6435-VWCCY,65,Two year,Fiber optic,Credit card (automatic),92.7,5968.4,No,Yes,18.93,0,Low,17.55,P4 - Monitor,Offer Tech Support trial/bundle
4998-IKFSE,30,Month-to-month,Fiber optic,Electronic check,100.45,3096.9,No,No,72.5,1,High,72.83,P2 - High,Offer annual contract incentive
8630-QSGXK,51,Two year,DSL,Bank transfer (automatic),75.2,3901.25,Yes,No,8.98,0,Low,6.75,P4 - Monitor,Offer Online Security bundle
2455-USLMV,31,Month-to-month,Fiber optic,Credit card (automatic),84.75,2613.4,No,Yes,55.1,1,High,46.7,P3 - Medium,Offer annual contract incentive
9488-FVZCC,72,Two year,DSL,Bank transfer (automatic),79.5,5661.7,Yes,Yes,1.29,0,Low,1.03,P4 - Monitor,Standard retention campaign
5995-WWKKG,37,One year,No,Electronic check,19.8,695.05,No internet service,No internet service,6.77,0,Low,1.34,P4 - Monitor,Promote automatic payment
7879-CGSFV,55,One year,Fiber optic,Mailed check,100.9,5552.05,No,Yes,37.97,0,Medium,38.31,P4 - Monitor,Offer Tech Support trial/bundle
9921-EZKBY,33,Month-to-month,Fiber optic,Bank transfer (automatic),95.3,3275.15,No,Yes,26.4,0,Medium,25.16,P4 - Monitor,Offer annual contract incentive
7432-FFVAR,46,One year,Fiber optic,Bank transfer (automatic),90.95,4236.6,Yes,No,5.14,0,Low,4.67,P4 - Monitor,Offer Online Security bundle
7246-ZGQDF,1,Month-to-month,DSL,Electronic check,54.5,54.5,Yes,Yes,53.79,1,High,29.32,P3 - Medium,Offer annual contract incentive
4456-RHSNB,19,Month-to-month,DSL,Bank transfer (automatic),49.6,962.9,No,No,29.67,0,Medium,14.72,P4 - Monitor,Offer annual contract incentive
2481-SBOYW,61,Two year,No,Credit card (automatic),25.0,1498.35,No internet service,No internet service,1.36,0,Low,0.34,P4 - Monitor,Standard retention campaign
7109-MFBYV,26,Month-to-month,DSL,Electronic check,45.45,1233.15,No,No,48.89,0,Medium,22.22,P4 - Monitor,Offer annual contract incentive
1833-TCXKK,45,Month-to-month,Fiber optic,Bank transfer (automatic),107.75,4882.8,No,No,71.37,1,High,76.9,P2 - High,Offer annual contract incentive
1832-PEUTS,62,Two year,Fiber optic,Credit card (automatic),89.1,5411.65,No,No,2.78,0,Low,2.48,P4 - Monitor,Offer Tech Support trial/bundle
8660-BUETV,3,Month-to-month,DSL,Mailed check,44.75,148.05,No,No,73.21,1,High,32.76,P3 - Medium,Offer annual contract incentive
0580-PIQHM,41,One year,Fiber optic,Bank transfer (automatic),101.6,3930.55,No,Yes,7.13,0,Low,7.24,P4 - Monitor,Offer Tech Support trial/bundle
5696-CEIQJ,67,Two year,Fiber optic,Bank transfer (automatic),103.15,6895.5,Yes,No,4.2,0,Low,4.33,P4 - Monitor,Offer Online Security bundle
1696-HXOWK,71,One year,Fiber optic,Mailed check,95.65,6856.95,No,Yes,21.75,0,Low,20.8,P4 - Monitor,Offer Tech Support trial/bundle
3026-ATZYV,37,One year,DSL,Bank transfer (automatic),75.1,2658.8,No,Yes,3.91,0,Low,2.94,P4 - Monitor,Offer Tech Support trial/bundle
4012-YCFAI,60,Two year,DSL,Mailed check,61.35,3766.2,Yes,Yes,4.35,0,Low,2.67,P4 - Monitor,Standard retention campaign
9970-QBCDA,6,Month-to-month,No,Credit card (automatic),19.7,129.55,No internet service,No internet service,31.27,0,Medium,6.16,P4 - Monitor,Offer annual contract incentive
9496-IVVRP,11,Month-to-month,DSL,Bank transfer (automatic),51.0,581.7,No,Yes,30.36,0,Medium,15.48,P4 - Monitor,Offer annual contract incentive
2657-VPXTA,10,Month-to-month,Fiber optic,Electronic check,88.85,929.45,No,No,44.2,0,Medium,39.27,P4 - Monitor,Offer annual contract incentive
6551-VLJMV,34,Two year,No,Credit card (automatic),20.05,679.0,No internet service,No internet service,3.65,0,Low,0.73,P4 - Monitor,Standard retention campaign
1221-GHZEP,62,Two year,DSL,Mailed check,65.1,3846.75,Yes,Yes,5.84,0,Low,3.8,P4 - Monitor,Standard retention campaign
9289-LBQVU,64,One year,DSL,Mailed check,70.15,4480.7,Yes,No,26.63,0,Medium,18.68,P4 - Monitor,Offer Online Security bundle
3458-IDMFK,25,Two year,No,Mailed check,20.75,499.4,No internet service,No internet service,4.81,0,Low,1.0,P4 - Monitor,Standard retention campaign
6933-FHBZC,26,One year,DSL,Mailed check,56.05,1553.2,No,No,22.35,0,Low,12.53,P4 - Monitor,Offer Tech Support trial/bundle
0221-NAUXK,10,One year,No,Bank transfer (automatic),19.95,219.5,No internet service,No internet service,7.87,0,Low,1.57,P4 - Monitor,Standard retention campaign
9770-KXGQU,53,One year,Fiber optic,Mailed check,98.6,5311.85,No,Yes,27.11,0,Medium,26.73,P4 - Monitor,Offer Tech Support trial/bundle
6538-POCHL,33,Month-to-month,Fiber optic,Credit card (automatic),79.0,2576.8,No,No,62.72,1,High,49.55,P3 - Medium,Offer annual contract incentive
6726-NNFWD,71,Two year,Fiber optic,Credit card (automatic),89.45,6435.25,No,No,18.76,0,Low,16.78,P4 - Monitor,Offer Tech Support trial/bundle
3002-WQZWT,29,Month-to-month,Fiber optic,Electronic check,74.2,1993.25,No,No,74.75,1,High,55.46,P2 - High,Offer annual contract incentive
4277-UDIEF,24,Month-to-month,DSL,Bank transfer (automatic),81.0,1923.85,Yes,Yes,13.22,0,Low,10.71,P4 - Monitor,Offer annual contract incentive
1208-NBVFH,20,Month-to-month,DSL,Electronic check,49.6,939.8,No,No,39.0,0,Medium,19.34,P4 - Monitor,Offer annual contract incentive
4912-PIGUY,1,Month-to-month,Fiber optic,Electronic check,84.6,84.6,No,No,91.22,1,Critical,77.17,P1 - Immediate,Offer annual contract incentive
2725-TTRIQ,72,Two year,DSL,Bank transfer (automatic),84.2,5986.55,Yes,Yes,1.36,0,Low,1.15,P4 - Monitor,Standard retention campaign
3374-TTZTK,52,Two year,Fiber optic,Electronic check,106.3,5487.0,Yes,Yes,29.18,0,Medium,31.02,P4 - Monitor,Promote automatic payment
8990-ZXLSU,9,Month-to-month,Fiber optic,Electronic check,69.05,651.5,No,No,76.08,1,Critical,52.53,P2 - High,Offer annual contract incentive
2275-RBYQS,1,Month-to-month,DSL,Mailed check,45.4,45.4,No,No,75.74,1,Critical,34.39,P3 - Medium,Offer annual contract incentive
4419-UJMUS,69,Two year,Fiber optic,Electronic check,99.35,6856.45,Yes,No,8.58,0,Low,8.52,P4 - Monitor,Offer Online Security bundle
7794-JASDG,1,Month-to-month,DSL,Mailed check,50.75,50.75,No,Yes,64.84,1,High,32.91,P3 - Medium,Offer annual contract incentive
7609-YBPXG,54,Two year,DSL,Bank transfer (automatic),87.1,4735.2,Yes,Yes,7.09,0,Low,6.18,P4 - Monitor,Standard retention campaign
5519-TEEUH,33,One year,No,Mailed check,20.15,682.15,No internet service,No internet service,2.87,0,Low,0.58,P4 - Monitor,Standard retention campaign
7856-GANIL,45,One year,Fiber optic,Bank transfer (automatic),98.7,4525.8,Yes,No,32.77,0,Medium,32.34,P4 - Monitor,Offer Online Security bundle
0804-XBFBV,11,Month-to-month,DSL,Electronic check,25.2,321.05,No,No,42.65,0,Medium,10.75,P4 - Monitor,Offer annual contract incentive
2676-OXPPQ,6,Month-to-month,DSL,Bank transfer (automatic),55.7,335.65,No,Yes,46.02,0,Medium,25.63,P4 - Monitor,Offer annual contract incentive
3703-TTEPD,21,Month-to-month,DSL,Bank transfer (automatic),65.35,1424.4,No,Yes,31.13,0,Medium,20.34,P4 - Monitor,Offer annual contract incentive
2799-TSLAG,65,Two year,No,Bank transfer (automatic),25.3,1748.55,No internet service,No internet service,1.04,0,Low,0.26,P4 - Monitor,Standard retention campaign
2208-NKVVH,43,Two year,No,Mailed check,24.25,1077.95,No internet service,No internet service,1.03,0,Low,0.25,P4 - Monitor,Standard retention campaign
7139-JZFVG,60,Two year,DSL,Bank transfer (automatic),60.5,3694.45,No,Yes,2.28,0,Low,1.38,P4 - Monitor,Offer Tech Support trial/bundle
4987-GQWPO,17,Month-to-month,DSL,Credit card (automatic),25.1,382.8,No,No,52.53,1,High,13.19,P3 - Medium,Offer annual contract incentive
1757-TCATG,35,One year,No,Bank transfer (automatic),20.05,746.75,No internet service,No internet service,1.45,0,Low,0.29,P4 - Monitor,Standard retention campaign
4776-XSKYQ,12,One year,DSL,Credit card (automatic),30.25,368.85,Yes,No,13.31,0,Low,4.03,P4 - Monitor,Offer Online Security bundle
8048-DSDFQ,1,Month-to-month,No,Mailed check,20.2,20.2,No internet service,No internet service,54.42,1,High,10.99,P3 - Medium,Offer annual contract incentive
5753-QQWPW,28,One year,DSL,Electronic check,59.9,1654.7,Yes,Yes,17.0,0,Low,10.18,P4 - Monitor,Promote automatic payment
6010-DDPPW,70,Two year,No,Bank transfer (automatic),25.15,1940.85,No internet service,No internet service,3.53,0,Low,0.89,P4 - Monitor,Standard retention campaign
6693-FRIRW,18,Month-to-month,Fiber optic,Credit card (automatic),101.3,1794.65,No,No,66.14,1,High,67.0,P2 - High,Offer annual contract incentive
6586-MYGKD,70,Two year,DSL,Credit card (automatic),76.95,5289.8,Yes,Yes,10.43,0,Low,8.03,P4 - Monitor,Standard retention campaign
3173-NVMPX,9,Month-to-month,DSL,Mailed check,55.3,501.2,No,No,24.95,0,Low,13.8,P4 - Monitor,Offer annual contract incentive
0248-PGHBZ,67,Two year,Fiber optic,Bank transfer (automatic),92.45,6140.85,Yes,Yes,21.24,0,Low,19.64,P4 - Monitor,Review Fiber pricing/service quality
0623-GDISB,1,Month-to-month,DSL,Bank transfer (automatic),48.45,48.45,No,Yes,63.2,1,High,30.62,P3 - Medium,Offer annual contract incentive
2892-GESUL,18,Two year,No,Mailed check,19.35,309.25,No internet service,No internet service,1.84,0,Low,0.36,P4 - Monitor,Standard retention campaign
7472-EQOAV,71,One year,Fiber optic,Bank transfer (automatic),86.7,6179.35,No,Yes,3.81,0,Low,3.3,P4 - Monitor,Offer Tech Support trial/bundle
2043-WVTQJ,1,Month-to-month,DSL,Mailed check,55.7,55.7,No,Yes,58.97,1,High,32.85,P3 - Medium,Offer annual contract incentive
8034-RYTVV,55,One year,Fiber optic,Credit card (automatic),84.25,4589.85,No,Yes,22.7,0,Low,19.12,P4 - Monitor,Offer Tech Support trial/bundle
3863-QSTYI,59,Month-to-month,DSL,Electronic check,64.65,3735.45,Yes,No,34.04,0,Medium,22.01,P4 - Monitor,Offer annual contract incentive
5044-LRQAQ,7,Month-to-month,Fiber optic,Bank transfer (automatic),69.2,477.55,No,No,77.67,1,Critical,53.75,P2 - High,Offer annual contract incentive
1716-LSAMB,45,Two year,DSL,Bank transfer (automatic),54.65,2553.7,Yes,Yes,2.5,0,Low,1.37,P4 - Monitor,Standard retention campaign
1333-PBMXB,54,One year,No,Bank transfer (automatic),24.75,1342.15,No internet service,No internet service,2.77,0,Low,0.69,P4 - Monitor,Standard retention campaign
6546-OPBBH,51,One year,No,Mailed check,23.95,1216.35,No internet service,No internet service,3.14,0,Low,0.75,P4 - Monitor,Standard retention campaign
5985-BEHZK,72,One year,Fiber optic,Credit card (automatic),105.0,7578.05,No,No,38.95,0,Medium,40.9,P4 - Monitor,Offer Tech Support trial/bundle
9127-QRZMH,44,One year,DSL,Bank transfer (automatic),59.85,2603.95,Yes,Yes,12.06,0,Low,7.22,P4 - Monitor,Standard retention campaign
5919-VCZYM,2,Month-to-month,No,Mailed check,20.05,42.7,No internet service,No internet service,33.06,0,Medium,6.63,P4 - Monitor,Offer annual contract incentive
9644-KVCNC,66,One year,Fiber optic,Bank transfer (automatic),92.15,6056.9,No,No,32.8,0,Medium,30.23,P4 - Monitor,Offer Tech Support trial/bundle
2137-DQMEV,68,One year,DSL,Mailed check,44.8,2983.65,No,Yes,5.07,0,Low,2.27,P4 - Monitor,Offer Tech Support trial/bundle
8174-LNWMW,31,Two year,No,Credit card (automatic),20.9,689.35,No internet service,No internet service,5.59,0,Low,1.17,P4 - Monitor,Standard retention campaign
9279-CJEOJ,21,Month-to-month,Fiber optic,Bank transfer (automatic),95.4,2025.1,No,No,76.94,1,Critical,73.4,P2 - High,Offer annual contract incentive
7964-VEXDG,21,Month-to-month,Fiber optic,Electronic check,80.35,1747.2,No,Yes,39.1,0,Medium,31.42,P4 - Monitor,Offer annual contract incentive
2404-JIBFC,55,Two year,DSL,Bank transfer (automatic),85.1,4657.95,Yes,Yes,1.06,0,Low,0.9,P4 - Monitor,Standard retention campaign
8029-XYPWT,71,Two year,Fiber optic,Bank transfer (automatic),115.05,8016.6,Yes,Yes,16.37,0,Low,18.83,P4 - Monitor,Review Fiber pricing/service quality
4632-PAOYU,22,One year,No,Mailed check,19.95,433.5,No internet service,No internet service,1.65,0,Low,0.33,P4 - Monitor,Standard retention campaign
2990-OGYTD,67,Two year,DSL,Bank transfer (automatic),86.15,5883.85,Yes,No,4.7,0,Low,4.05,P4 - Monitor,Offer Online Security bundle
6646-JPPHA,14,Month-to-month,Fiber optic,Electronic check,78.85,1043.8,No,Yes,57.73,1,High,45.52,P3 - Medium,Offer annual contract incentive
7658-UYUQS,21,Month-to-month,Fiber optic,Bank transfer (automatic),86.55,1857.25,No,No,63.9,1,High,55.31,P2 - High,Offer annual contract incentive
7880-XSOJX,4,Month-to-month,DSL,Mailed check,42.4,146.4,Yes,Yes,54.65,1,High,23.17,P3 - Medium,Offer annual contract incentive
4589-IUAJB,70,Two year,No,Bank transfer (automatic),24.25,1724.15,No internet service,No internet service,3.1,0,Low,0.75,P4 - Monitor,Standard retention campaign
8746-BFOAJ,21,One year,No,Bank transfer (automatic),20.5,429.55,No internet service,No internet service,7.57,0,Low,1.55,P4 - Monitor,Standard retention campaign
8457-XIGKN,20,Month-to-month,No,Credit card (automatic),19.6,356.15,No internet service,No internet service,19.14,0,Low,3.75,P4 - Monitor,Offer annual contract incentive
6072-NUQCB,22,One year,No,Bank transfer (automatic),20.25,488.25,No internet service,No internet service,2.14,0,Low,0.43,P4 - Monitor,Standard retention campaign
8838-GPHZP,63,Two year,No,Mailed check,20.6,1298.7,No internet service,No internet service,3.59,0,Low,0.74,P4 - Monitor,Standard retention campaign
8750-QWZAJ,70,Two year,No,Bank transfer (automatic),19.8,1378.75,No internet service,No internet service,0.64,0,Low,0.13,P4 - Monitor,Standard retention campaign
6918-UMQCG,5,Month-to-month,Fiber optic,Electronic check,80.2,384.25,No,No,84.87,1,Critical,68.07,P2 - High,Offer annual contract incentive
0675-NCDYU,72,Two year,Fiber optic,Credit card (automatic),116.4,8543.25,Yes,Yes,2.02,0,Low,2.35,P4 - Monitor,Review Fiber pricing/service quality
6339-DKLMK,13,Month-to-month,DSL,Electronic check,31.65,389.95,No,No,62.0,1,High,19.62,P3 - Medium,Offer annual contract incentive
1346-PJWTK,61,Month-to-month,Fiber optic,Credit card (automatic),94.15,5731.85,Yes,No,42.44,0,Medium,39.96,P4 - Monitor,Offer annual contract incentive
5088-QZLRL,1,Month-to-month,No,Electronic check,20.65,20.65,No internet service,No internet service,44.74,0,Medium,9.24,P4 - Monitor,Offer annual contract incentive
8023-QHAIO,56,Month-to-month,Fiber optic,Bank transfer (automatic),76.85,4275.75,Yes,No,51.93,1,High,39.91,P3 - Medium,Offer annual contract incentive
4397-FRLTA,4,Month-to-month,No,Mailed check,20.15,84.5,No internet service,No internet service,34.23,0,Medium,6.9,P4 - Monitor,Offer annual contract incentive
3057-VJJQE,35,Two year,DSL,Mailed check,55.25,1924.1,No,Yes,7.07,0,Low,3.91,P4 - Monitor,Offer Tech Support trial/bundle
2302-OUZXB,72,Two year,DSL,Bank transfer (automatic),82.15,5784.3,No,No,14.14,0,Low,11.62,P4 - Monitor,Offer Tech Support trial/bundle
8133-ANHHJ,49,One year,Fiber optic,Bank transfer (automatic),103.0,5166.2,Yes,Yes,34.01,0,Medium,35.03,P4 - Monitor,Review Fiber pricing/service quality
2270-CHBFN,44,Month-to-month,Fiber optic,Credit card (automatic),95.1,4060.55,Yes,Yes,43.86,0,Medium,41.71,P4 - Monitor,Offer annual contract incentive
5982-FPVQN,37,Month-to-month,Fiber optic,Electronic check,95.15,3532.85,No,No,23.2,0,Low,22.07,P4 - Monitor,Offer annual contract incentive
9107-UKCKY,61,One year,DSL,Electronic check,79.8,4914.8,No,No,39.34,0,Medium,31.39,P4 - Monitor,Offer Tech Support trial/bundle
4654-ULTTN,70,Two year,DSL,Credit card (automatic),74.8,5315.8,Yes,Yes,9.26,0,Low,6.93,P4 - Monitor,Standard retention campaign
5546-BYZSM,41,Month-to-month,No,Electronic check,20.45,775.6,No internet service,No internet service,18.99,0,Low,3.88,P4 - Monitor,Offer annual contract incentive
1492-KGETH,70,One year,DSL,Bank transfer (automatic),78.35,5445.95,Yes,Yes,6.55,0,Low,5.13,P4 - Monitor,Standard retention campaign
4163-HFTUK,51,One year,No,Electronic check,19.1,1007.8,No internet service,No internet service,7.64,0,Low,1.46,P4 - Monitor,Promote automatic payment
8215-NGSPE,42,Two year,No,Mailed check,20.0,833.55,No internet service,No internet service,0.68,0,Low,0.14,P4 - Monitor,Standard retention campaign
8859-YSTWS,48,One year,No,Bank transfer (automatic),19.95,1004.5,No internet service,No internet service,7.73,0,Low,1.54,P4 - Monitor,Standard retention campaign
7601-DHFWZ,48,Two year,No,Credit card (automatic),24.0,1183.05,No internet service,No internet service,7.59,0,Low,1.82,P4 - Monitor,Standard retention campaign
1998-VHJHK,27,One year,No,Mailed check,19.15,501.35,No internet service,No internet service,4.93,0,Low,0.94,P4 - Monitor,Standard retention campaign
1707-HABPF,46,One year,Fiber optic,Bank transfer (automatic),91.3,4126.35,No,No,32.92,0,Medium,30.06,P4 - Monitor,Offer Tech Support trial/bundle
0487-VVUVK,25,Month-to-month,No,Mailed check,19.15,477.6,No internet service,No internet service,14.53,0,Low,2.78,P4 - Monitor,Offer annual contract incentive
5063-IUOKK,13,Two year,No,Mailed check,19.75,265.75,No internet service,No internet service,8.5,0,Low,1.68,P4 - Monitor,Standard retention campaign
4508-OEBEY,31,One year,DSL,Credit card (automatic),75.5,2424.45,Yes,Yes,24.92,0,Low,18.81,P4 - Monitor,Standard retention campaign
0027-KWYKW,23,Month-to-month,Fiber optic,Electronic check,83.75,1849.95,No,No,26.62,0,Medium,22.29,P4 - Monitor,Offer annual contract incentive
2308-STERM,2,Month-to-month,No,Mailed check,19.4,61.05,No internet service,No internet service,34.74,0,Medium,6.74,P4 - Monitor,Offer annual contract incentive
5982-XMDEX,65,Two year,No,Bank transfer (automatic),26.5,1698.55,No internet service,No internet service,3.62,0,Low,0.96,P4 - Monitor,Standard retention campaign
6051-PTVNS,55,One year,No,Credit card (automatic),19.15,998.1,No internet service,No internet service,2.63,0,Low,0.5,P4 - Monitor,Standard retention campaign
2877-VDUER,35,One year,DSL,Mailed check,40.9,1383.6,Yes,No,8.73,0,Low,3.57,P4 - Monitor,Offer Online Security bundle
9152-AMKAK,6,Two year,DSL,Mailed check,80.25,493.4,Yes,Yes,19.78,0,Low,15.87,P4 - Monitor,Standard retention campaign
9432-VOFYX,17,Month-to-month,Fiber optic,Electronic check,70.8,1207.0,No,No,74.52,1,High,52.76,P2 - High,Offer annual contract incentive
8049-WJCLQ,10,Month-to-month,DSL,Mailed check,60.2,563.5,No,No,32.4,0,Medium,19.5,P4 - Monitor,Offer annual contract incentive
6586-PSJOX,15,One year,DSL,Credit card (automatic),55.2,864.55,Yes,No,12.3,0,Low,6.79,P4 - Monitor,Offer Online Security bundle
9705-ZJBCG,13,One year,DSL,Bank transfer (automatic),54.15,701.05,Yes,Yes,6.46,0,Low,3.5,P4 - Monitor,Standard retention campaign
6847-KJLTS,58,Month-to-month,Fiber optic,Bank transfer (automatic),100.4,5749.8,Yes,No,63.28,1,High,63.53,P2 - High,Offer annual contract incentive
9670-BPNXF,45,One year,DSL,Credit card (automatic),62.55,2796.45,Yes,Yes,12.52,0,Low,7.83,P4 - Monitor,Standard retention campaign
3913-FCUUW,72,Two year,DSL,Bank transfer (automatic),70.45,5165.7,Yes,Yes,1.17,0,Low,0.82,P4 - Monitor,Standard retention campaign
3301-VKTGC,68,One year,Fiber optic,Bank transfer (automatic),85.5,5696.6,No,Yes,4.91,0,Low,4.2,P4 - Monitor,Offer Tech Support trial/bundle
9555-SAHUZ,38,Month-to-month,DSL,Electronic check,54.5,2076.05,No,Yes,19.57,0,Low,10.67,P4 - Monitor,Offer annual contract incentive
0816-TSPHQ,2,Month-to-month,No,Mailed check,20.75,44.2,No internet service,No internet service,31.54,0,Medium,6.54,P4 - Monitor,Offer annual contract incentive
9932-WBWIK,11,Month-to-month,No,Mailed check,20.35,215.25,No internet service,No internet service,27.86,0,Medium,5.67,P4 - Monitor,Offer annual contract incentive
4619-EVPHY,20,One year,Fiber optic,Bank transfer (automatic),91.0,1859.5,No,No,44.32,0,Medium,40.33,P4 - Monitor,Offer Tech Support trial/bundle
5286-YHCVC,72,Two year,Fiber optic,Bank transfer (automatic),104.8,7470.1,No,No,40.96,0,Medium,42.93,P4 - Monitor,Offer Tech Support trial/bundle
9115-YQHGA,40,Month-to-month,DSL,Electronic check,51.1,2092.9,Yes,No,41.19,0,Medium,21.05,P4 - Monitor,Offer annual contract incentive
4462-CYWMH,62,Month-to-month,Fiber optic,Bank transfer (automatic),89.8,5629.55,No,No,60.32,1,High,54.17,P2 - High,Offer annual contract incentive
8963-MQVYN,22,Month-to-month,No,Electronic check,20.55,469.85,No internet service,No internet service,20.98,0,Low,4.31,P4 - Monitor,Offer annual contract incentive
2458-EOMRE,11,Month-to-month,DSL,Bank transfer (automatic),64.05,733.95,No,Yes,41.41,0,Medium,26.52,P4 - Monitor,Offer annual contract incentive
9334-GWGOW,7,Month-to-month,Fiber optic,Electronic check,74.85,485.25,No,No,86.66,1,Critical,64.87,P2 - High,Offer annual contract incentive
6542-LWGXJ,3,Month-to-month,DSL,Mailed check,25.0,78.25,No,No,76.65,1,Critical,19.16,P3 - Medium,Offer annual contract incentive
5567-GZKQY,58,Two year,No,Credit card (automatic),20.3,1131.5,No internet service,No internet service,4.85,0,Low,0.98,P4 - Monitor,Standard retention campaign
1222-LRYKO,6,Month-to-month,No,Mailed check,26.35,184.05,No internet service,No internet service,21.04,0,Low,5.54,P4 - Monitor,Offer annual contract incentive
2087-QAREY,22,Month-to-month,DSL,Mailed check,54.7,1178.75,No,No,39.82,0,Medium,21.78,P4 - Monitor,Offer annual contract incentive
4423-JWZJN,64,One year,Fiber optic,Credit card (automatic),90.25,5629.15,No,No,5.61,0,Low,5.06,P4 - Monitor,Offer Tech Support trial/bundle
6490-FGZAT,6,Month-to-month,No,Mailed check,20.65,109.3,No internet service,No internet service,29.38,0,Medium,6.07,P4 - Monitor,Offer annual contract incentive
7452-FOLON,39,One year,No,Bank transfer (automatic),25.45,958.45,No internet service,No internet service,6.6,0,Low,1.68,P4 - Monitor,Standard retention campaign
2320-TZRRH,20,One year,No,Mailed check,19.5,403.15,No internet service,No internet service,5.48,0,Low,1.07,P4 - Monitor,Standard retention campaign
4942-VZZOM,64,One year,DSL,Credit card (automatic),66.15,4392.5,No,Yes,16.13,0,Low,10.67,P4 - Monitor,Offer Tech Support trial/bundle
7502-BNYGS,46,Month-to-month,DSL,Credit card (automatic),69.1,3168.0,No,No,40.3,0,Medium,27.85,P4 - Monitor,Offer annual contract incentive
4291-HYEBC,28,One year,DSL,Electronic check,39.1,1096.6,No,No,14.14,0,Low,5.53,P4 - Monitor,Offer Tech Support trial/bundle
6147-CBCRA,33,Month-to-month,No,Mailed check,20.05,669.45,No internet service,No internet service,28.63,0,Medium,5.74,P4 - Monitor,Offer annual contract incentive
6047-SUHPR,39,One year,DSL,Electronic check,59.8,2343.85,No,Yes,8.03,0,Low,4.8,P4 - Monitor,Offer Tech Support trial/bundle
9752-ZNQUT,1,Month-to-month,DSL,Electronic check,48.6,48.6,No,No,71.96,1,High,34.97,P3 - Medium,Offer annual contract incentive
1576-PFZIW,70,Two year,Fiber optic,Credit card (automatic),105.35,7511.9,No,Yes,20.75,0,Low,21.86,P4 - Monitor,Offer Tech Support trial/bundle
5666-MBJPT,65,Two year,No,Bank transfer (automatic),25.1,1725.0,No internet service,No internet service,4.65,0,Low,1.17,P4 - Monitor,Standard retention campaign
7312-XSBAT,1,Month-to-month,DSL,Electronic check,49.75,49.75,No,Yes,68.55,1,High,34.1,P3 - Medium,Offer annual contract incentive
3096-GKWEB,18,Month-to-month,Fiber optic,Electronic check,94.75,1691.9,No,No,82.07,1,Critical,77.76,P1 - Immediate,Offer annual contract incentive
2371-JQHZZ,24,Month-to-month,Fiber optic,Electronic check,93.0,2248.05,No,No,80.82,1,Critical,75.16,P1 - Immediate,Offer annual contract incentive
0674-GCDXG,63,Two year,DSL,Bank transfer (automatic),71.9,4479.2,Yes,Yes,6.35,0,Low,4.57,P4 - Monitor,Standard retention campaign
1121-QSIVB,44,One year,DSL,Mailed check,77.55,3471.1,No,No,10.07,0,Low,7.81,P4 - Monitor,Offer Tech Support trial/bundle
4396-KLSEH,4,Month-to-month,No,Electronic check,19.85,63.0,No internet service,No internet service,32.32,0,Medium,6.42,P4 - Monitor,Offer annual contract incentive
2824-MYYBN,37,Month-to-month,Fiber optic,Electronic check,95.25,3314.15,No,No,25.59,0,Medium,24.37,P4 - Monitor,Offer annual contract incentive
6345-HOVES,34,Month-to-month,DSL,Bank transfer (automatic),25.05,852.7,No,No,50.61,1,High,12.68,P3 - Medium,Offer annual contract incentive
8318-LCNBW,35,One year,DSL,Credit card (automatic),53.15,1930.9,No,Yes,24.63,0,Low,13.09,P4 - Monitor,Offer Tech Support trial/bundle
6469-QJKZW,4,Month-to-month,No,Electronic check,20.15,91.4,No internet service,No internet service,37.11,0,Medium,7.48,P4 - Monitor,Offer annual contract incentive
0147-ESWWR,39,Month-to-month,Fiber optic,Electronic check,101.25,3949.15,Yes,No,70.69,1,High,71.57,P2 - High,Offer annual contract incentive
1217-VASWC,43,One year,Fiber optic,Bank transfer (automatic),100.55,4304.0,No,No,46.87,0,Medium,47.13,P4 - Monitor,Offer Tech Support trial/bundle
6370-ZVHDV,61,Two year,No,Bank transfer (automatic),25.3,1554.9,No internet service,No internet service,3.83,0,Low,0.97,P4 - Monitor,Standard retention campaign
5915-DGNVC,49,One year,DSL,Electronic check,71.8,3472.05,No,Yes,24.02,0,Low,17.25,P4 - Monitor,Offer Tech Support trial/bundle
6260-XLACS,4,One year,No,Mailed check,19.7,117.8,No internet service,No internet service,9.6,0,Low,1.89,P4 - Monitor,Standard retention campaign
3566-CAAYU,64,Two year,DSL,Electronic check,49.85,3210.35,Yes,No,6.69,0,Low,3.33,P4 - Monitor,Offer Online Security bundle
4983-CCWMC,3,Month-to-month,Fiber optic,Mailed check,69.6,207.4,No,No,80.77,1,Critical,56.22,P2 - High,Offer annual contract incentive
9103-CXVOK,1,Month-to-month,No,Electronic check,19.75,19.75,No internet service,No internet service,49.78,0,Medium,9.83,P4 - Monitor,Offer annual contract incentive
2896-TBNBE,40,One year,Fiber optic,Electronic check,80.8,3132.75,No,No,38.46,0,Medium,31.08,P4 - Monitor,Offer Tech Support trial/bundle
2522-WLNSF,34,One year,DSL,Bank transfer (automatic),64.2,2106.3,Yes,No,16.22,0,Low,10.41,P4 - Monitor,Offer Online Security bundle
3841-CONLJ,1,Month-to-month,DSL,Electronic check,35.0,35.0,No,No,82.11,1,Critical,28.74,P3 - Medium,Offer annual contract incentive
4475-NVTLU,45,Two year,No,Electronic check,19.2,903.7,No internet service,No internet service,1.74,0,Low,0.33,P4 - Monitor,Promote automatic payment
9386-LDCZR,43,One year,Fiber optic,Credit card (automatic),90.65,3882.3,Yes,Yes,20.65,0,Low,18.72,P4 - Monitor,Review Fiber pricing/service quality
9585-KKMFD,41,Two year,No,Mailed check,20.0,879.8,No internet service,No internet service,0.91,0,Low,0.18,P4 - Monitor,Standard retention campaign
5399-ZIMKF,5,Month-to-month,Fiber optic,Electronic check,74.65,383.65,No,No,82.58,1,Critical,61.65,P2 - High,Offer annual contract incentive
0336-KXKFK,72,Two year,DSL,Credit card (automatic),61.2,4390.25,Yes,Yes,6.41,0,Low,3.92,P4 - Monitor,Standard retention campaign
5619-XZZKR,4,One year,No,Mailed check,19.95,68.2,No internet service,No internet service,8.6,0,Low,1.72,P4 - Monitor,Standard retention campaign
3948-FVVRP,9,Month-to-month,DSL,Mailed check,54.8,452.8,Yes,No,18.61,0,Low,10.2,P4 - Monitor,Offer annual contract incentive
5327-XOKKY,72,Two year,DSL,Credit card (automatic),73.45,5329.0,No,No,18.26,0,Low,13.41,P4 - Monitor,Offer Tech Support trial/bundle
0983-TATYJ,33,One year,DSL,Mailed check,51.45,1758.9,Yes,No,19.69,0,Low,10.13,P4 - Monitor,Offer Online Security bundle
1813-JYWTO,72,Two year,Fiber optic,Bank transfer (automatic),80.45,5737.6,No,Yes,10.85,0,Low,8.73,P4 - Monitor,Offer Tech Support trial/bundle
6719-OXYBR,15,Month-to-month,Fiber optic,Electronic check,85.3,1219.85,No,No,76.98,1,Critical,65.66,P2 - High,Offer annual contract incentive
3312-ZWLGF,29,Month-to-month,Fiber optic,Electronic check,79.3,2414.55,Yes,No,65.51,1,High,51.95,P2 - High,Offer annual contract incentive
6476-YHMGA,15,Month-to-month,DSL,Bank transfer (automatic),76.5,1155.6,Yes,No,19.66,0,Low,15.04,P4 - Monitor,Offer annual contract incentive
0795-XCCTE,72,Two year,No,Bank transfer (automatic),25.4,1809.35,No internet service,No internet service,3.65,0,Low,0.93,P4 - Monitor,Standard retention campaign
0168-XZKBB,19,Month-to-month,Fiber optic,Electronic check,86.85,1564.4,No,No,81.58,1,Critical,70.85,P2 - High,Offer annual contract incentive
3785-NRHYR,1,Month-to-month,No,Mailed check,19.65,19.65,No internet service,No internet service,54.03,1,High,10.62,P3 - Medium,Offer annual contract incentive
4537-DKTAL,2,Month-to-month,DSL,Electronic check,45.55,84.4,No,No,76.56,1,Critical,34.87,P3 - Medium,Offer annual contract incentive
7072-MBHEV,11,Month-to-month,Fiber optic,Credit card (automatic),78.1,864.85,No,No,49.75,0,Medium,38.85,P4 - Monitor,Offer annual contract incentive
5602-BVFMK,12,One year,No,Mailed check,19.3,228.75,No internet service,No internet service,9.07,0,Low,1.75,P4 - Monitor,Standard retention campaign
6297-NOOPG,70,Two year,Fiber optic,Electronic check,110.5,7752.05,Yes,No,27.3,0,Medium,30.17,P4 - Monitor,Offer Online Security bundle
8204-TIFGJ,23,Month-to-month,No,Bank transfer (automatic),20.3,470.6,No internet service,No internet service,20.43,0,Low,4.15,P4 - Monitor,Offer annual contract incentive
8050-DVOJX,49,Two year,DSL,Credit card (automatic),81.35,4060.9,Yes,Yes,11.55,0,Low,9.4,P4 - Monitor,Standard retention campaign
8903-XEBGX,2,Month-to-month,DSL,Electronic check,55.3,108.65,No,No,60.26,1,High,33.32,P3 - Medium,Offer annual contract incentive
8169-SAEJD,69,Two year,DSL,Credit card (automatic),56.55,3952.65,No,Yes,13.37,0,Low,7.56,P4 - Monitor,Offer Tech Support trial/bundle
1089-XZWHH,24,Two year,No,Mailed check,19.7,494.05,No internet service,No internet service,1.31,0,Low,0.26,P4 - Monitor,Standard retention campaign
2325-WINES,32,One year,Fiber optic,Credit card (automatic),104.05,3416.85,No,No,51.51,1,High,53.6,P2 - High,Offer Tech Support trial/bundle
6064-ZATLR,27,Two year,DSL,Bank transfer (automatic),52.85,1498.65,No,Yes,7.76,0,Low,4.1,P4 - Monitor,Offer Tech Support trial/bundle
7824-PANSQ,58,Month-to-month,Fiber optic,Bank transfer (automatic),80.65,4807.35,Yes,No,44.49,0,Medium,35.88,P4 - Monitor,Offer annual contract incentive
9648-BCHKM,18,Two year,No,Credit card (automatic),24.65,471.35,No internet service,No internet service,5.62,0,Low,1.39,P4 - Monitor,Standard retention campaign
2888-ADFAO,47,Two year,No,Bank transfer (automatic),21.3,1041.8,No internet service,No internet service,1.03,0,Low,0.22,P4 - Monitor,Standard retention campaign
8707-HOEDG,70,Two year,Fiber optic,Electronic check,110.2,7689.8,Yes,No,6.67,0,Low,7.35,P4 - Monitor,Offer Online Security bundle
4072-IPYLT,36,Month-to-month,DSL,Credit card (automatic),51.05,1815.0,No,Yes,19.88,0,Low,10.15,P4 - Monitor,Offer annual contract incentive
7167-PCEYD,67,Two year,No,Mailed check,19.8,1311.3,No internet service,No internet service,5.25,0,Low,1.04,P4 - Monitor,Standard retention campaign
4936-YPJNK,10,Month-to-month,No,Mailed check,19.9,199.45,No internet service,No internet service,27.49,0,Medium,5.47,P4 - Monitor,Offer annual contract incentive
1580-BMCMR,19,Month-to-month,Fiber optic,Electronic check,87.3,1637.3,No,Yes,67.34,1,High,58.79,P2 - High,Offer annual contract incentive
4817-KEQSP,71,Two year,No,Bank transfer (automatic),19.85,1326.35,No internet service,No internet service,0.68,0,Low,0.13,P4 - Monitor,Standard retention campaign
6408-WHTEF,72,Two year,DSL,Mailed check,89.4,6376.55,Yes,Yes,0.68,0,Low,0.61,P4 - Monitor,Standard retention campaign
9251-AWQGT,48,Two year,No,Mailed check,20.0,935.9,No internet service,No internet service,0.71,0,Low,0.14,P4 - Monitor,Standard retention campaign
8749-CLJXC,1,Month-to-month,No,Mailed check,20.05,20.05,No internet service,No internet service,54.51,1,High,10.93,P3 - Medium,Offer annual contract incentive
7989-VCQOH,18,Month-to-month,DSL,Electronic check,83.25,1611.15,Yes,Yes,21.31,0,Low,17.74,P4 - Monitor,Offer annual contract incentive
4199-QHJNM,67,Two year,Fiber optic,Bank transfer (automatic),102.9,6989.7,Yes,No,29.21,0,Medium,30.06,P4 - Monitor,Offer Online Security bundle
8882-TLVRW,69,Two year,DSL,Mailed check,39.1,2779.5,Yes,Yes,3.96,0,Low,1.55,P4 - Monitor,Standard retention campaign
5135-GRQJV,72,Two year,Fiber optic,Mailed check,114.5,8331.95,Yes,Yes,12.31,0,Low,14.09,P4 - Monitor,Review Fiber pricing/service quality
2384-OVPSA,38,Two year,No,Mailed check,20.2,735.9,No internet service,No internet service,4.69,0,Low,0.95,P4 - Monitor,Standard retention campaign
1371-WEPDS,40,One year,DSL,Electronic check,55.8,2283.3,No,No,34.04,0,Medium,18.99,P4 - Monitor,Offer Tech Support trial/bundle
3580-GICBM,61,Two year,No,Mailed check,24.2,1445.2,No internet service,No internet service,0.72,0,Low,0.17,P4 - Monitor,Standard retention campaign
9730-DRTMJ,32,One year,DSL,Credit card (automatic),72.8,2333.05,Yes,Yes,15.8,0,Low,11.5,P4 - Monitor,Standard retention campaign
4686-UXDML,21,Month-to-month,Fiber optic,Credit card (automatic),99.85,1992.55,No,No,76.35,1,Critical,76.24,P1 - Immediate,Offer annual contract incentive
3349-ANQNH,59,One year,Fiber optic,Electronic check,99.5,5890.0,No,No,53.66,1,High,53.39,P2 - High,Offer Tech Support trial/bundle
0932-YIXYU,47,Two year,No,Credit card (automatic),20.25,1029.8,No internet service,No internet service,3.7,0,Low,0.75,P4 - Monitor,Standard retention campaign
7480-SPLEF,69,Two year,No,Bank transfer (automatic),26.0,1796.55,No internet service,No internet service,1.38,0,Low,0.36,P4 - Monitor,Standard retention campaign
7636-XUHWW,2,Month-to-month,No,Credit card (automatic),19.9,33.7,No internet service,No internet service,30.26,0,Medium,6.02,P4 - Monitor,Offer annual contract incentive
1431-CYWMH,22,Month-to-month,No,Bank transfer (automatic),19.05,454.05,No internet service,No internet service,13.78,0,Low,2.63,P4 - Monitor,Offer annual contract incentive
5937-EORGB,15,Month-to-month,Fiber optic,Electronic check,96.5,1392.25,No,Yes,76.49,1,Critical,73.81,P2 - High,Offer annual contract incentive
6349-JDHQP,53,Two year,No,Credit card (automatic),19.85,1049.6,No internet service,No internet service,5.06,0,Low,1.0,P4 - Monitor,Standard retention campaign
5539-HIVAK,28,Month-to-month,No,Mailed check,25.7,734.6,No internet service,No internet service,25.97,0,Medium,6.67,P4 - Monitor,Offer annual contract incentive
5847-MXBEO,22,One year,No,Mailed check,20.3,475.1,No internet service,No internet service,4.76,0,Low,0.97,P4 - Monitor,Standard retention campaign
4583-PARNH,16,Month-to-month,Fiber optic,Electronic check,91.55,1540.05,Yes,No,72.21,1,High,66.11,P2 - High,Offer annual contract incentive
1116-FRYVH,48,Two year,DSL,Mailed check,39.4,1978.65,Yes,Yes,3.03,0,Low,1.19,P4 - Monitor,Standard retention campaign
1421-HCERK,30,Month-to-month,Fiber optic,Bank transfer (automatic),105.7,3181.8,Yes,Yes,51.16,1,High,54.08,P2 - High,Offer annual contract incentive
9633-XQABV,3,Month-to-month,Fiber optic,Electronic check,70.25,229.7,No,No,83.69,1,Critical,58.79,P2 - High,Offer annual contract incentive
0716-BQNDX,57,Two year,Fiber optic,Electronic check,93.75,5625.55,Yes,Yes,23.26,0,Low,21.81,P4 - Monitor,Promote automatic payment
1183-CANVH,23,One year,DSL,Bank transfer (automatic),60.0,1347.15,Yes,No,19.5,0,Low,11.7,P4 - Monitor,Offer Online Security bundle
1972-XMUWV,65,Two year,DSL,Credit card (automatic),59.8,3808.2,Yes,No,10.82,0,Low,6.47,P4 - Monitor,Offer Online Security bundle
8679-LZBMD,44,One year,Fiber optic,Bank transfer (automatic),90.65,3974.15,No,No,44.72,0,Medium,40.54,P4 - Monitor,Offer Tech Support trial/bundle
3407-JMJQQ,71,Two year,Fiber optic,Bank transfer (automatic),109.0,7661.8,No,Yes,3.88,0,Low,4.23,P4 - Monitor,Offer Tech Support trial/bundle
6252-DFGTK,37,One year,DSL,Credit card (automatic),68.1,2479.25,Yes,Yes,14.43,0,Low,9.83,P4 - Monitor,Standard retention campaign
1539-LNKHM,12,Month-to-month,No,Mailed check,20.4,266.6,No internet service,No internet service,26.5,0,Medium,5.41,P4 - Monitor,Offer annual contract incentive
8645-KOMJQ,69,Two year,DSL,Bank transfer (automatic),81.95,5601.4,Yes,No,1.58,0,Low,1.29,P4 - Monitor,Offer Online Security bundle
0289-IVARM,35,Month-to-month,DSL,Electronic check,60.55,1982.6,No,Yes,32.19,0,Medium,19.49,P4 - Monitor,Offer annual contract incentive
9761-XUJWD,5,Month-to-month,DSL,Bank transfer (automatic),65.6,339.9,Yes,No,50.43,1,High,33.08,P3 - Medium,Offer annual contract incentive
4057-FKCZK,58,Two year,Fiber optic,Bank transfer (automatic),82.5,4828.05,No,No,5.91,0,Low,4.88,P4 - Monitor,Offer Tech Support trial/bundle
4291-TPNFG,72,Two year,DSL,Bank transfer (automatic),82.3,5980.55,Yes,Yes,4.07,0,Low,3.35,P4 - Monitor,Standard retention campaign
6087-YPWHO,72,Two year,DSL,Mailed check,68.15,4808.7,Yes,Yes,5.76,0,Low,3.93,P4 - Monitor,Standard retention campaign
3090-QFUVD,1,Month-to-month,No,Credit card (automatic),20.3,20.3,No internet service,No internet service,44.26,0,Medium,8.98,P4 - Monitor,Offer annual contract incentive
1722-LDZJS,53,One year,No,Credit card (automatic),20.2,1068.15,No internet service,No internet service,2.23,0,Low,0.45,P4 - Monitor,Standard retention campaign
1818-ESQMW,27,Month-to-month,Fiber optic,Electronic check,89.2,2383.6,Yes,No,62.3,1,High,55.57,P2 - High,Offer annual contract incentive
7401-RUBNK,18,Month-to-month,Fiber optic,Electronic check,74.8,1438.05,No,Yes,64.14,1,High,47.98,P3 - Medium,Offer annual contract incentive
0506-YLVKJ,46,Two year,No,Mailed check,20.2,917.45,No internet service,No internet service,0.88,0,Low,0.18,P4 - Monitor,Standard retention campaign
8661-BOYNW,72,Two year,DSL,Credit card (automatic),84.4,6096.45,Yes,Yes,6.83,0,Low,5.76,P4 - Monitor,Standard retention campaign
4815-GBTCD,4,Month-to-month,DSL,Electronic check,25.15,99.95,No,No,77.2,1,Critical,19.42,P3 - Medium,Offer annual contract incentive
2805-AUFQN,25,Two year,No,Credit card (automatic),19.8,475.2,No internet service,No internet service,4.89,0,Low,0.97,P4 - Monitor,Standard retention campaign
0980-PVMRC,40,Month-to-month,DSL,Electronic check,50.85,2036.55,No,No,20.79,0,Low,10.57,P4 - Monitor,Offer annual contract incentive
7233-DRTRF,63,Month-to-month,Fiber optic,Electronic check,102.4,6444.05,No,No,72.89,1,High,74.64,P2 - High,Offer annual contract incentive
3873-NFTGI,14,Month-to-month,DSL,Credit card (automatic),55.5,767.55,No,No,49.23,0,Medium,27.32,P4 - Monitor,Offer annual contract incentive
1162-ECVII,72,Two year,Fiber optic,Bank transfer (automatic),109.75,7932.5,Yes,No,25.67,0,Medium,28.17,P4 - Monitor,Offer Online Security bundle
7048-GXDAY,39,Month-to-month,Fiber optic,Electronic check,106.4,4040.65,No,Yes,62.77,1,High,66.79,P2 - High,Offer annual contract incentive
8571-ZCMCX,47,Two year,DSL,Credit card (automatic),60.0,2768.65,No,Yes,2.83,0,Low,1.7,P4 - Monitor,Offer Tech Support trial/bundle
1169-WCVAK,19,Month-to-month,Fiber optic,Credit card (automatic),88.8,1672.35,Yes,Yes,47.27,0,Medium,41.98,P4 - Monitor,Offer annual contract incentive
7129-CAKJW,17,Month-to-month,Fiber optic,Bank transfer (automatic),80.05,1345.65,No,No,65.22,1,High,52.21,P2 - High,Offer annual contract incentive
8695-ARGXZ,34,Month-to-month,Fiber optic,Electronic check,75.55,2425.4,No,No,76.03,1,Critical,57.44,P2 - High,Offer annual contract incentive
3570-YUEKJ,42,Month-to-month,DSL,Electronic check,49.55,2077.95,No,No,46.48,0,Medium,23.03,P4 - Monitor,Offer annual contract incentive
1555-HAPSU,71,Two year,No,Credit card (automatic),23.9,1663.5,No internet service,No internet service,0.96,0,Low,0.23,P4 - Monitor,Standard retention campaign
1697-NVVGY,19,Month-to-month,DSL,Bank transfer (automatic),66.4,1286.05,No,Yes,39.7,0,Medium,26.36,P4 - Monitor,Offer annual contract incentive
8464-EETCQ,57,Two year,No,Credit card (automatic),18.8,1094.35,No internet service,No internet service,8.76,0,Low,1.65,P4 - Monitor,Standard retention campaign
2419-FSORS,72,Two year,Fiber optic,Electronic check,108.4,7719.5,Yes,No,29.13,0,Medium,31.58,P4 - Monitor,Offer Online Security bundle
8132-YPVBX,6,Month-to-month,Fiber optic,Mailed check,85.95,514.6,No,No,82.76,1,Critical,71.13,P2 - High,Offer annual contract incentive
6754-LZUKA,61,Two year,DSL,Bank transfer (automatic),80.9,4932.5,No,No,13.4,0,Low,10.84,P4 - Monitor,Offer Tech Support trial/bundle
8099-MZPUJ,48,Two year,Fiber optic,Credit card (automatic),111.8,5443.65,Yes,Yes,3.97,0,Low,4.44,P4 - Monitor,Review Fiber pricing/service quality
0787-LHDYT,16,Month-to-month,No,Credit card (automatic),20.6,330.25,No internet service,No internet service,23.75,0,Low,4.89,P4 - Monitor,Offer annual contract incentive
0374-IOEGQ,3,Month-to-month,DSL,Electronic check,44.6,122.7,No,No,74.78,1,High,33.35,P3 - Medium,Offer annual contract incentive
3197-NNYNB,65,Two year,Fiber optic,Credit card (automatic),105.1,6631.85,No,No,31.07,0,Medium,32.65,P4 - Monitor,Offer Tech Support trial/bundle
3396-DKDEL,70,Two year,Fiber optic,Credit card (automatic),115.15,8250.0,Yes,Yes,2.42,0,Low,2.79,P4 - Monitor,Review Fiber pricing/service quality
1752-OZXFY,60,One year,DSL,Mailed check,59.8,3561.15,No,Yes,14.54,0,Low,8.69,P4 - Monitor,Offer Tech Support trial/bundle
9066-QRSDU,69,One year,No,Electronic check,26.3,1763.55,No internet service,No internet service,8.04,0,Low,2.11,P4 - Monitor,Promote automatic payment
9112-WSNPU,35,Month-to-month,Fiber optic,Electronic check,70.55,2419.0,No,No,67.91,1,High,47.91,P3 - Medium,Offer annual contract incentive
9867-NNXLC,22,Month-to-month,No,Mailed check,20.05,470.2,No internet service,No internet service,22.03,0,Low,4.42,P4 - Monitor,Offer annual contract incentive
5321-NTRKC,66,Two year,DSL,Bank transfer (automatic),79.85,5234.95,No,No,4.15,0,Low,3.31,P4 - Monitor,Offer Tech Support trial/bundle
3161-GETRM,34,Month-to-month,Fiber optic,Credit card (automatic),90.05,3097.0,No,No,19.1,0,Low,17.2,P4 - Monitor,Offer annual contract incentive
0402-OAMEN,72,Two year,No,Bank transfer (automatic),24.45,1709.1,No internet service,No internet service,0.44,0,Low,0.11,P4 - Monitor,Standard retention campaign
6933-VLYFX,31,One year,DSL,Electronic check,59.95,1848.8,Yes,Yes,8.07,0,Low,4.84,P4 - Monitor,Promote automatic payment
6754-WKSHP,30,One year,No,Bank transfer (automatic),25.35,723.3,No internet service,No internet service,7.43,0,Low,1.88,P4 - Monitor,Standard retention campaign
4976-LNFVV,19,Month-to-month,DSL,Credit card (automatic),34.3,577.15,No,No,52.01,1,High,17.84,P3 - Medium,Offer annual contract incentive
5055-MGMGF,65,Month-to-month,Fiber optic,Electronic check,105.05,6914.95,No,Yes,59.09,1,High,62.07,P2 - High,Offer annual contract incentive
4641-FROLU,30,Two year,No,Mailed check,19.3,602.9,No internet service,No internet service,0.96,0,Low,0.19,P4 - Monitor,Standard retention campaign
2862-JVEOY,6,One year,No,Mailed check,19.15,124.4,No internet service,No internet service,7.72,0,Low,1.48,P4 - Monitor,Standard retention campaign
2969-QWUBZ,2,Month-to-month,DSL,Electronic check,51.4,96.8,No,No,72.42,1,High,37.22,P3 - Medium,Offer annual contract incentive
9822-BIIGN,53,Month-to-month,DSL,Electronic check,71.85,3827.9,Yes,Yes,14.48,0,Low,10.4,P4 - Monitor,Offer annual contract incentive
2077-MPJQO,7,Month-to-month,Fiber optic,Electronic check,75.4,533.05,No,No,86.74,1,Critical,65.4,P2 - High,Offer annual contract incentive
1534-OULXE,61,One year,DSL,Bank transfer (automatic),49.7,2961.4,No,Yes,3.37,0,Low,1.67,P4 - Monitor,Offer Tech Support trial/bundle
2971-SGAFL,13,Month-to-month,DSL,Electronic check,78.75,995.35,No,Yes,53.06,1,High,41.78,P3 - Medium,Offer annual contract incentive
1480-IVEVR,35,One year,Fiber optic,Bank transfer (automatic),81.6,2815.25,No,No,28.44,0,Medium,23.21,P4 - Monitor,Offer Tech Support trial/bundle
2905-KFQUV,2,Month-to-month,Fiber optic,Credit card (automatic),70.4,154.8,No,No,82.27,1,Critical,57.92,P2 - High,Offer annual contract incentive
3370-HXOPH,3,Month-to-month,Fiber optic,Electronic check,76.1,257.6,No,No,84.86,1,Critical,64.58,P2 - High,Offer annual contract incentive
9391-YZEJW,62,One year,Fiber optic,Bank transfer (automatic),94.0,5757.2,No,No,43.47,0,Medium,40.86,P4 - Monitor,Offer Tech Support trial/bundle
9958-MEKUC,72,Two year,Fiber optic,Credit card (automatic),103.95,7517.7,Yes,Yes,2.89,0,Low,3.0,P4 - Monitor,Review Fiber pricing/service quality
0281-CNTZX,63,Two year,No,Bank transfer (automatic),19.95,1234.8,No internet service,No internet service,4.25,0,Low,0.85,P4 - Monitor,Standard retention campaign
4118-CEVPF,35,One year,Fiber optic,Bank transfer (automatic),110.8,3836.3,Yes,Yes,45.31,0,Medium,50.2,P4 - Monitor,Review Fiber pricing/service quality
9114-VEPUF,62,One year,Fiber optic,Electronic check,96.1,6001.45,No,Yes,36.47,0,Medium,35.05,P4 - Monitor,Offer Tech Support trial/bundle
7876-BEUTG,15,Month-to-month,DSL,Mailed check,48.8,720.1,No,No,57.91,1,High,28.26,P3 - Medium,Offer annual contract incentive
2338-BQEZT,55,Month-to-month,DSL,Credit card (automatic),50.55,2832.75,No,Yes,36.65,0,Medium,18.53,P4 - Monitor,Offer annual contract incentive
9873-MNDKV,11,Month-to-month,DSL,Mailed check,44.65,472.25,No,No,58.1,1,High,25.94,P3 - Medium,Offer annual contract incentive
8241-JUIQO,61,One year,No,Bank transfer (automatic),19.45,1336.35,No internet service,No internet service,9.6,0,Low,1.87,P4 - Monitor,Standard retention campaign
2194-IIQOF,71,Two year,DSL,Credit card (automatic),89.3,6388.65,Yes,Yes,5.84,0,Low,5.22,P4 - Monitor,Standard retention campaign
9631-RXVJM,35,Two year,No,Mailed check,19.25,677.9,No internet service,No internet service,7.74,0,Low,1.49,P4 - Monitor,Standard retention campaign
9584-EXCDZ,17,Month-to-month,Fiber optic,Bank transfer (automatic),70.5,1165.6,No,No,64.33,1,High,45.35,P3 - Medium,Offer annual contract incentive
5093-FEGLU,47,Two year,No,Bank transfer (automatic),19.65,921.55,No internet service,No internet service,5.98,0,Low,1.18,P4 - Monitor,Standard retention campaign
2621-UDNLU,3,Month-to-month,No,Mailed check,20.85,72.0,No internet service,No internet service,39.93,0,Medium,8.33,P4 - Monitor,Offer annual contract incentive
7526-IVLYU,3,Month-to-month,No,Mailed check,19.65,68.35,No internet service,No internet service,33.0,0,Medium,6.48,P4 - Monitor,Offer annual contract incentive
2428-HYUNX,44,Two year,No,Credit card (automatic),19.35,847.25,No internet service,No internet service,6.32,0,Low,1.22,P4 - Monitor,Standard retention campaign
9214-EKVXR,1,Month-to-month,DSL,Mailed check,44.0,44.0,No,No,74.09,1,High,32.6,P3 - Medium,Offer annual contract incentive
3410-MHHUM,44,One year,Fiber optic,Electronic check,94.4,4295.35,No,No,7.98,0,Low,7.53,P4 - Monitor,Offer Tech Support trial/bundle
2122-YWVYA,18,Month-to-month,Fiber optic,Electronic check,75.4,1380.4,No,Yes,65.76,1,High,49.58,P3 - Medium,Offer annual contract incentive
2296-DKZFP,65,Two year,DSL,Bank transfer (automatic),71.0,4386.2,No,Yes,6.38,0,Low,4.53,P4 - Monitor,Offer Tech Support trial/bundle
8909-BOLNL,3,One year,No,Mailed check,21.2,52.05,No internet service,No internet service,8.94,0,Low,1.9,P4 - Monitor,Standard retention campaign
6603-YRDCJ,33,Two year,DSL,Mailed check,61.05,2018.4,Yes,Yes,5.33,0,Low,3.25,P4 - Monitor,Standard retention campaign
3229-USWAR,34,One year,DSL,Bank transfer (automatic),79.95,2727.3,Yes,Yes,24.26,0,Low,19.4,P4 - Monitor,Standard retention campaign
2138-VFAPZ,14,Two year,No,Mailed check,19.7,263.65,No internet service,No internet service,2.78,0,Low,0.55,P4 - Monitor,Standard retention campaign
6131-JLWZM,13,Month-to-month,No,Mailed check,20.3,275.4,No internet service,No internet service,26.31,0,Medium,5.34,P4 - Monitor,Offer annual contract incentive
0269-XFESX,23,One year,No,Mailed check,24.35,538.5,No internet service,No internet service,4.23,0,Low,1.03,P4 - Monitor,Standard retention campaign
1709-EJDOX,47,Two year,No,Mailed check,19.75,948.9,No internet service,No internet service,0.69,0,Low,0.14,P4 - Monitor,Standard retention campaign
4316-XCSLJ,17,Month-to-month,DSL,Mailed check,50.3,846.8,No,Yes,29.6,0,Medium,14.89,P4 - Monitor,Offer annual contract incentive
9693-XMUOB,59,Month-to-month,DSL,Electronic check,50.25,2997.45,No,No,60.49,1,High,30.4,P3 - Medium,Offer annual contract incentive
0383-CLDDA,69,Two year,DSL,Credit card (automatic),85.35,5897.4,Yes,Yes,8.24,0,Low,7.03,P4 - Monitor,Standard retention campaign
2709-UQGNP,10,Month-to-month,DSL,Mailed check,51.65,524.5,No,Yes,50.75,1,High,26.21,P3 - Medium,Offer annual contract incentive
3549-ZTMNH,12,Two year,No,Bank transfer (automatic),24.0,269.65,No internet service,No internet service,4.96,0,Low,1.19,P4 - Monitor,Standard retention campaign
8033-ATFAS,39,Month-to-month,DSL,Mailed check,59.85,2341.5,No,No,17.01,0,Low,10.18,P4 - Monitor,Offer annual contract incentive
1635-NZATJ,71,Two year,No,Credit card (automatic),25.45,1789.65,No internet service,No internet service,3.45,0,Low,0.88,P4 - Monitor,Standard retention campaign
0562-HKHML,71,Two year,No,Credit card (automatic),23.9,1626.4,No internet service,No internet service,0.68,0,Low,0.16,P4 - Monitor,Standard retention campaign
8277-RVRSV,33,One year,No,Credit card (automatic),24.15,800.3,No internet service,No internet service,3.18,0,Low,0.77,P4 - Monitor,Standard retention campaign
9943-VSZUV,67,Month-to-month,Fiber optic,Mailed check,75.7,5060.85,No,No,57.87,1,High,43.81,P3 - Medium,Offer annual contract incentive
7054-ENNGU,9,Month-to-month,DSL,Mailed check,50.85,466.6,No,No,46.06,0,Medium,23.42,P4 - Monitor,Offer annual contract incentive
1455-HFBXA,52,Two year,Fiber optic,Credit card (automatic),91.6,4627.8,Yes,Yes,15.74,0,Low,14.42,P4 - Monitor,Review Fiber pricing/service quality
9402-CXWPL,70,One year,Fiber optic,Electronic check,98.9,6838.6,No,No,43.17,0,Medium,42.7,P4 - Monitor,Offer Tech Support trial/bundle
1628-BIZYP,1,Month-to-month,Fiber optic,Electronic check,85.0,85.0,No,No,88.06,1,Critical,74.85,P2 - High,Offer annual contract incentive
0082-LDZUE,1,Month-to-month,DSL,Mailed check,44.3,44.3,No,No,75.32,1,Critical,33.37,P3 - Medium,Offer annual contract incentive
5343-SGUBI,52,One year,Fiber optic,Mailed check,80.2,4297.6,No,No,28.8,0,Medium,23.1,P4 - Monitor,Offer Tech Support trial/bundle
0856-NAOES,6,Month-to-month,DSL,Mailed check,60.9,414.1,No,No,51.99,1,High,31.66,P3 - Medium,Offer annual contract incentive
1976-AZZPJ,7,Month-to-month,DSL,Mailed check,34.2,256.6,No,Yes,47.89,0,Medium,16.38,P4 - Monitor,Offer annual contract incentive
6156-UZDLF,26,One year,Fiber optic,Credit card (automatic),87.15,2274.1,Yes,Yes,21.84,0,Low,19.03,P4 - Monitor,Review Fiber pricing/service quality
3099-OONVS,25,Month-to-month,DSL,Electronic check,54.3,1296.8,Yes,Yes,25.96,0,Medium,14.1,P4 - Monitor,Offer annual contract incentive
9500-WBGRP,69,Two year,No,Mailed check,19.1,1268.85,No internet service,No internet service,7.67,0,Low,1.46,P4 - Monitor,Standard retention campaign
5183-KLYEM,72,Two year,Fiber optic,Credit card (automatic),112.75,8192.6,Yes,Yes,13.34,0,Low,15.04,P4 - Monitor,Review Fiber pricing/service quality
5144-PQCDZ,4,Month-to-month,No,Mailed check,19.95,59.25,No internet service,No internet service,31.97,0,Medium,6.38,P4 - Monitor,Offer annual contract incentive
8514-VZHEB,59,Two year,No,Mailed check,19.5,1147.85,No internet service,No internet service,0.86,0,Low,0.17,P4 - Monitor,Standard retention campaign
6625-IUTTT,67,Two year,DSL,Bank transfer (automatic),65.55,4361.55,No,Yes,8.23,0,Low,5.39,P4 - Monitor,Offer Tech Support trial/bundle
9355-NPPFS,26,Month-to-month,Fiber optic,Electronic check,78.8,2006.1,No,No,72.27,1,High,56.95,P2 - High,Offer annual contract incentive
0068-FIGTF,27,One year,DSL,Mailed check,78.2,2078.95,Yes,No,30.07,0,Medium,23.51,P4 - Monitor,Offer Online Security bundle
5965-GGPRW,72,Two year,Fiber optic,Bank transfer (automatic),105.25,7609.75,No,Yes,5.79,0,Low,6.09,P4 - Monitor,Offer Tech Support trial/bundle
8035-PWSEV,6,Month-to-month,Fiber optic,Electronic check,89.25,487.05,Yes,No,79.2,1,Critical,70.69,P2 - High,Offer annual contract incentive
2236-HILPA,62,Two year,No,Credit card (automatic),20.65,1218.45,No internet service,No internet service,0.59,0,Low,0.12,P4 - Monitor,Standard retention campaign
1840-BIUOG,20,One year,DSL,Electronic check,68.7,1416.2,Yes,No,34.06,0,Medium,23.4,P4 - Monitor,Offer Online Security bundle
1356-MKYSK,6,Month-to-month,DSL,Credit card (automatic),78.65,483.3,Yes,Yes,41.83,0,Medium,32.9,P4 - Monitor,Offer annual contract incentive
6080-LNESI,51,Two year,No,Mailed check,24.75,1234.6,No internet service,No internet service,8.42,0,Low,2.08,P4 - Monitor,Standard retention campaign
1830-IPXVJ,61,Two year,No,Credit card (automatic),19.75,1311.6,No internet service,No internet service,0.64,0,Low,0.13,P4 - Monitor,Standard retention campaign
5828-DWPIL,62,Month-to-month,Fiber optic,Electronic check,89.1,5618.3,No,Yes,52.16,1,High,46.47,P3 - Medium,Offer annual contract incentive
8398-TBIYD,72,Two year,Fiber optic,Bank transfer (automatic),84.7,6185.15,Yes,Yes,11.79,0,Low,9.99,P4 - Monitor,Review Fiber pricing/service quality
2931-FSOHN,13,Month-to-month,DSL,Electronic check,59.9,788.35,No,No,49.25,0,Medium,29.5,P4 - Monitor,Offer annual contract incentive
9418-RUKPH,38,Two year,No,Mailed check,19.95,756.4,No internet service,No internet service,1.21,0,Low,0.24,P4 - Monitor,Standard retention campaign
9971-ZWPBF,34,Month-to-month,Fiber optic,Electronic check,108.9,3625.2,Yes,No,29.57,0,Medium,32.2,P4 - Monitor,Offer annual contract incentive
4712-AUQZO,18,Month-to-month,DSL,Mailed check,33.6,550.35,No,Yes,40.94,0,Medium,13.76,P4 - Monitor,Offer annual contract incentive
9711-FJTBX,56,One year,Fiber optic,Mailed check,85.85,4793.8,Yes,No,4.27,0,Low,3.67,P4 - Monitor,Offer Online Security bundle
2908-ZTPNF,36,Month-to-month,DSL,Bank transfer (automatic),34.85,1267.2,Yes,No,36.49,0,Medium,12.72,P4 - Monitor,Offer annual contract incentive
8421-WZOOW,57,Month-to-month,Fiber optic,Credit card (automatic),95.3,5567.45,Yes,No,18.37,0,Low,17.51,P4 - Monitor,Offer annual contract incentive
1414-YADCW,70,Two year,Fiber optic,Bank transfer (automatic),84.6,5706.2,Yes,Yes,10.49,0,Low,8.87,P4 - Monitor,Review Fiber pricing/service quality
8756-RDDLT,68,Month-to-month,DSL,Electronic check,44.95,3085.35,Yes,No,33.8,0,Medium,15.19,P4 - Monitor,Offer annual contract incentive
2862-PFNIK,1,Month-to-month,DSL,Electronic check,24.7,24.7,No,No,69.8,1,High,17.24,P3 - Medium,Offer annual contract incentive
5816-QVHRX,37,Month-to-month,Fiber optic,Credit card (automatic),100.3,3541.4,Yes,No,61.33,1,High,61.51,P2 - High,Offer annual contract incentive
4430-YHXGG,4,Month-to-month,No,Mailed check,25.45,84.2,No internet service,No internet service,21.92,0,Low,5.58,P4 - Monitor,Offer annual contract incentive
6888-SBYAI,1,Month-to-month,DSL,Mailed check,50.7,50.7,No,Yes,64.89,1,High,32.9,P3 - Medium,Offer annual contract incentive
7395-XWZOY,20,Month-to-month,DSL,Credit card (automatic),55.0,1165.55,Yes,Yes,35.02,0,Medium,19.26,P4 - Monitor,Offer annual contract incentive
7169-YWAMK,72,Two year,DSL,Bank transfer (automatic),68.4,4855.35,Yes,Yes,0.76,0,Low,0.52,P4 - Monitor,Standard retention campaign
6859-RKMZJ,11,Month-to-month,DSL,Bank transfer (automatic),55.05,608.15,No,No,50.71,1,High,27.92,P3 - Medium,Offer annual contract incentive
2729-VNVAP,33,Two year,No,Credit card (automatic),19.8,641.35,No internet service,No internet service,0.64,0,Low,0.13,P4 - Monitor,Standard retention campaign
2957-JIRMN,62,One year,Fiber optic,Electronic check,84.45,4959.15,No,No,41.66,0,Medium,35.18,P4 - Monitor,Offer Tech Support trial/bundle
2049-BAFNW,1,Month-to-month,DSL,Mailed check,35.9,35.9,Yes,No,61.52,1,High,22.09,P3 - Medium,Offer annual contract incentive
3842-QTGDL,16,Month-to-month,Fiber optic,Bank transfer (automatic),80.75,1321.3,No,Yes,51.14,1,High,41.3,P3 - Medium,Offer annual contract incentive
7163-OCEQI,22,One year,DSL,Mailed check,78.65,1663.75,Yes,No,10.51,0,Low,8.27,P4 - Monitor,Offer Online Security bundle
9782-LGXMC,49,Month-to-month,DSL,Bank transfer (automatic),61.75,3024.15,Yes,Yes,11.67,0,Low,7.21,P4 - Monitor,Offer annual contract incentive
5975-BAICR,36,One year,DSL,Credit card (automatic),63.7,2188.5,No,Yes,5.68,0,Low,3.62,P4 - Monitor,Offer Tech Support trial/bundle
4673-KKSLS,31,Month-to-month,Fiber optic,Electronic check,87.6,2724.25,Yes,Yes,49.99,0,Medium,43.79,P4 - Monitor,Offer annual contract incentive
4853-OITSN,5,Month-to-month,Fiber optic,Electronic check,89.15,413.25,No,Yes,72.35,1,High,64.5,P2 - High,Offer annual contract incentive
9800-OUIGR,66,Two year,No,Credit card (automatic),20.0,1374.2,No internet service,No internet service,0.51,0,Low,0.1,P4 - Monitor,Standard retention campaign
2324-EFHVG,64,Two year,Fiber optic,Bank transfer (automatic),104.4,6692.65,No,No,38.1,0,Medium,39.78,P4 - Monitor,Offer Tech Support trial/bundle
7094-MSZAO,10,Month-to-month,No,Credit card (automatic),20.05,218.5,No internet service,No internet service,20.38,0,Low,4.09,P4 - Monitor,Offer annual contract incentive
6907-CQGPN,29,Month-to-month,DSL,Electronic check,34.3,1004.75,Yes,No,37.68,0,Medium,12.92,P4 - Monitor,Offer annual contract incentive
0780-XNZFN,57,Two year,No,Bank transfer (automatic),20.65,1125.6,No internet service,No internet service,6.4,0,Low,1.32,P4 - Monitor,Standard retention campaign
0239-OXEXL,46,Month-to-month,Fiber optic,Mailed check,84.25,3847.6,No,Yes,44.74,0,Medium,37.69,P4 - Monitor,Offer annual contract incentive
2675-IJRGJ,53,Two year,No,Bank transfer (automatic),19.65,978.0,No internet service,No internet service,10.73,0,Low,2.11,P4 - Monitor,Standard retention campaign
7049-GKVZY,17,One year,DSL,Credit card (automatic),79.85,1387.35,Yes,Yes,33.77,0,Medium,26.97,P4 - Monitor,Standard retention campaign
8577-QSOCG,38,Two year,No,Mailed check,20.2,746.05,No internet service,No internet service,1.2,0,Low,0.24,P4 - Monitor,Standard retention campaign
3721-CNZHX,15,One year,No,Mailed check,19.8,304.6,No internet service,No internet service,7.53,0,Low,1.49,P4 - Monitor,Standard retention campaign
0212-ISBBF,22,Month-to-month,DSL,Electronic check,50.35,1098.85,No,No,61.36,1,High,30.89,P3 - Medium,Offer annual contract incentive
3585-YNADK,57,One year,DSL,Bank transfer (automatic),74.6,4368.95,Yes,No,17.35,0,Low,12.94,P4 - Monitor,Offer Online Security bundle
5271-DBYSJ,11,Month-to-month,Fiber optic,Credit card (automatic),79.15,827.7,No,No,78.55,1,Critical,62.17,P2 - High,Offer annual contract incentive
1099-GODLO,1,Two year,No,Mailed check,20.35,20.35,No internet service,No internet service,17.07,0,Low,3.47,P4 - Monitor,Standard retention campaign
6828-HMKWP,12,Two year,No,Bank transfer (automatic),21.05,262.05,No internet service,No internet service,2.32,0,Low,0.49,P4 - Monitor,Standard retention campaign
1472-TNCWL,36,Month-to-month,Fiber optic,Electronic check,94.7,3512.5,No,No,33.71,0,Medium,31.92,P4 - Monitor,Offer annual contract incentive
2080-GKCWQ,2,Month-to-month,Fiber optic,Electronic check,74.95,151.75,No,No,77.35,1,Critical,57.97,P2 - High,Offer annual contract incentive
2193-SFWQW,72,Two year,Fiber optic,Bank transfer (automatic),111.95,8033.1,Yes,Yes,2.07,0,Low,2.32,P4 - Monitor,Review Fiber pricing/service quality
5656-JAMLX,62,Two year,No,Bank transfer (automatic),19.85,1253.65,No internet service,No internet service,6.08,0,Low,1.21,P4 - Monitor,Standard retention campaign
3462-BJQQA,6,Month-to-month,Fiber optic,Electronic check,89.75,552.65,No,No,88.61,1,Critical,79.53,P1 - Immediate,Offer annual contract incentive
0442-TDYUO,48,Two year,No,Mailed check,20.05,1036.0,No internet service,No internet service,5.86,0,Low,1.17,P4 - Monitor,Standard retention campaign
6733-LRIZX,35,Two year,Fiber optic,Electronic check,108.95,4025.5,Yes,Yes,39.09,0,Medium,42.59,P4 - Monitor,Promote automatic payment
9503-XJUME,52,One year,No,Credit card (automatic),19.65,928.4,No internet service,No internet service,2.08,0,Low,0.41,P4 - Monitor,Standard retention campaign
4367-NHWMM,1,Month-to-month,DSL,Mailed check,24.9,24.9,No,No,77.85,1,Critical,19.38,P3 - Medium,Offer annual contract incentive
3779-OSWCF,71,Two year,DSL,Credit card (automatic),93.2,6506.15,Yes,Yes,13.01,0,Low,12.13,P4 - Monitor,Standard retention campaign
6736-DHUQI,67,One year,Fiber optic,Bank transfer (automatic),84.8,5598.3,No,Yes,4.01,0,Low,3.4,P4 - Monitor,Offer Tech Support trial/bundle
3915-ODIYG,60,One year,DSL,Electronic check,71.75,4374.55,No,Yes,24.42,0,Low,17.52,P4 - Monitor,Offer Tech Support trial/bundle
1360-RCYRT,23,Month-to-month,DSL,Bank transfer (automatic),30.35,678.75,Yes,No,24.63,0,Low,7.48,P4 - Monitor,Offer annual contract incentive
2724-FJDYW,39,One year,DSL,Bank transfer (automatic),54.85,2191.7,Yes,No,6.11,0,Low,3.35,P4 - Monitor,Offer Online Security bundle
4451-RWASJ,15,One year,No,Mailed check,19.5,239.75,No internet service,No internet service,5.21,0,Low,1.02,P4 - Monitor,Standard retention campaign
3460-TJBWI,24,Two year,No,Mailed check,24.2,609.05,No internet service,No internet service,2.49,0,Low,0.6,P4 - Monitor,Standard retention campaign
5917-HBSDW,37,Month-to-month,No,Electronic check,19.35,683.75,No internet service,No internet service,13.36,0,Low,2.59,P4 - Monitor,Offer annual contract incentive
5671-UUNXD,50,One year,Fiber optic,Electronic check,100.65,5189.75,Yes,No,51.77,1,High,52.11,P2 - High,Offer Online Security bundle
0956-ACVZC,54,One year,Fiber optic,Credit card (automatic),94.1,5060.9,No,No,45.23,0,Medium,42.56,P4 - Monitor,Offer Tech Support trial/bundle
2325-NBPZG,3,Month-to-month,Fiber optic,Electronic check,74.55,233.65,No,Yes,70.15,1,High,52.3,P2 - High,Offer annual contract incentive
4482-FTFFX,5,Month-to-month,DSL,Electronic check,56.15,291.45,Yes,No,53.4,1,High,29.98,P3 - Medium,Offer annual contract incentive
8859-DZTGQ,33,Two year,No,Mailed check,20.35,689.75,No internet service,No internet service,4.92,0,Low,1.0,P4 - Monitor,Standard retention campaign
0440-MOGPM,41,One year,DSL,Electronic check,80.55,3263.9,No,No,33.5,0,Medium,26.98,P4 - Monitor,Offer Tech Support trial/bundle
0020-JDNXP,34,One year,DSL,Mailed check,61.25,1993.2,Yes,Yes,4.47,0,Low,2.74,P4 - Monitor,Standard retention campaign
3752-CQSJI,13,Month-to-month,No,Mailed check,20.45,254.5,No internet service,No internet service,15.78,0,Low,3.23,P4 - Monitor,Offer annual contract incentive
5025-GOOKI,20,Month-to-month,No,Credit card (automatic),18.9,347.65,No internet service,No internet service,19.38,0,Low,3.66,P4 - Monitor,Offer annual contract incentive
4698-KVLLG,51,Two year,No,Credit card (automatic),19.6,967.9,No internet service,No internet service,4.55,0,Low,0.89,P4 - Monitor,Standard retention campaign
2887-JPYLU,41,Month-to-month,DSL,Bank transfer (automatic),45.2,1841.9,No,No,24.91,0,Low,11.26,P4 - Monitor,Offer annual contract incentive
4770-QAZXN,13,Month-to-month,No,Credit card (automatic),19.45,232.1,No internet service,No internet service,27.93,0,Medium,5.43,P4 - Monitor,Offer annual contract incentive
4896-CPRPF,35,Two year,No,Bank transfer (automatic),25.45,809.25,No internet service,No internet service,1.03,0,Low,0.26,P4 - Monitor,Standard retention campaign
9714-EDSUC,4,Month-to-month,Fiber optic,Mailed check,94.9,360.55,Yes,Yes,65.27,1,High,61.94,P2 - High,Offer annual contract incentive
0282-NVSJS,12,Month-to-month,DSL,Mailed check,29.3,355.9,Yes,No,34.38,0,Medium,10.07,P4 - Monitor,Offer annual contract incentive
7353-YOWFP,7,One year,No,Mailed check,20.25,129.15,No internet service,No internet service,9.22,0,Low,1.87,P4 - Monitor,Standard retention campaign
8008-ESFLK,53,One year,Fiber optic,Electronic check,110.5,5835.5,Yes,Yes,50.75,1,High,56.08,P2 - High,Promote automatic payment
7537-CBQUZ,63,Month-to-month,Fiber optic,Bank transfer (automatic),109.4,7031.45,No,Yes,47.57,0,Medium,52.04,P4 - Monitor,Offer annual contract incentive
3363-EWLGO,5,Month-to-month,No,Mailed check,19.95,109.6,No internet service,No internet service,34.58,0,Medium,6.9,P4 - Monitor,Offer annual contract incentive
4750-UKWJK,37,One year,No,Mailed check,19.6,727.8,No internet service,No internet service,6.62,0,Low,1.3,P4 - Monitor,Standard retention campaign
1689-YQBYY,12,Month-to-month,Fiber optic,Electronic check,76.6,893.0,No,No,62.68,1,High,48.01,P3 - Medium,Offer annual contract incentive
4487-ZYJZK,38,One year,No,Credit card (automatic),19.6,763.1,No internet service,No internet service,1.48,0,Low,0.29,P4 - Monitor,Standard retention campaign
2959-FENLU,9,Month-to-month,Fiber optic,Credit card (automatic),85.3,781.4,No,No,81.44,1,Critical,69.47,P2 - High,Offer annual contract incentive
0708-LGSMF,13,Month-to-month,DSL,Electronic check,65.85,902.25,No,Yes,52.78,1,High,34.76,P3 - Medium,Offer annual contract incentive
7634-HLQJR,47,Two year,No,Credit card (automatic),20.05,1016.7,No internet service,No internet service,0.69,0,Low,0.14,P4 - Monitor,Standard retention campaign
0487-RPVUM,61,Month-to-month,Fiber optic,Bank transfer (automatic),99.4,5943.65,Yes,Yes,44.86,0,Medium,44.59,P4 - Monitor,Offer annual contract incentive
4079-ULGFR,16,Month-to-month,No,Mailed check,20.0,275.7,No internet service,No internet service,28.41,0,Medium,5.68,P4 - Monitor,Offer annual contract incentive
2516-XSJKX,41,Two year,DSL,Electronic check,78.45,3126.45,Yes,Yes,4.64,0,Low,3.64,P4 - Monitor,Promote automatic payment
0057-QBUQH,43,Two year,No,Electronic check,25.1,1070.15,No internet service,No internet service,3.16,0,Low,0.79,P4 - Monitor,Promote automatic payment
6599-SFQVE,6,Month-to-month,DSL,Electronic check,55.0,340.4,No,No,66.83,1,High,36.76,P3 - Medium,Offer annual contract incentive
8331-ZXFOE,58,One year,DSL,Credit card (automatic),71.1,4299.2,Yes,Yes,14.5,0,Low,10.31,P4 - Monitor,Standard retention campaign
4003-FUSHP,19,Month-to-month,DSL,Credit card (automatic),61.55,1093.2,Yes,No,43.29,0,Medium,26.64,P4 - Monitor,Offer annual contract incentive
0356-ERHVT,11,Month-to-month,DSL,Bank transfer (automatic),45.9,521.9,No,No,54.63,1,High,25.08,P3 - Medium,Offer annual contract incentive
7325-ENZFI,39,One year,DSL,Bank transfer (automatic),40.3,1630.4,Yes,Yes,11.09,0,Low,4.47,P4 - Monitor,Standard retention campaign
4884-ZTHVF,8,Month-to-month,Fiber optic,Electronic check,87.1,713.6,No,No,85.43,1,Critical,74.41,P2 - High,Offer annual contract incentive
3920-HIHMQ,26,Month-to-month,DSL,Mailed check,49.5,1265.65,No,No,26.25,0,Medium,12.99,P4 - Monitor,Offer annual contract incentive
3055-OYMSE,53,Month-to-month,Fiber optic,Credit card (automatic),73.8,4003.85,No,No,63.8,1,High,47.08,P3 - Medium,Offer annual contract incentive
0613-WUXUM,70,Two year,No,Mailed check,19.2,1401.4,No internet service,No internet service,1.44,0,Low,0.28,P4 - Monitor,Standard retention campaign
4458-KVRBJ,59,Two year,No,Mailed check,25.0,1510.5,No internet service,No internet service,5.44,0,Low,1.36,P4 - Monitor,Standard retention campaign
1397-XKKWR,7,One year,DSL,Mailed check,35.3,264.8,No,Yes,27.84,0,Medium,9.83,P4 - Monitor,Offer Tech Support trial/bundle
8097-OMULG,59,One year,DSL,Credit card (automatic),76.75,4541.9,Yes,No,4.67,0,Low,3.58,P4 - Monitor,Offer Online Security bundle
6013-BHCAW,61,Two year,DSL,Bank transfer (automatic),81.0,4976.15,Yes,No,2.05,0,Low,1.66,P4 - Monitor,Offer Online Security bundle
0401-WDBXM,72,Two year,Fiber optic,Bank transfer (automatic),105.55,7542.25,No,Yes,5.81,0,Low,6.13,P4 - Monitor,Offer Tech Support trial/bundle
3387-PLKUI,13,Month-to-month,No,Mailed check,18.8,251.25,No internet service,No internet service,15.96,0,Low,3.0,P4 - Monitor,Offer annual contract incentive
6096-EGVTU,64,One year,No,Mailed check,24.9,1595.5,No internet service,No internet service,3.14,0,Low,0.78,P4 - Monitor,Standard retention campaign
5081-NWSUP,10,One year,DSL,Mailed check,64.9,685.55,Yes,No,31.91,0,Medium,20.71,P4 - Monitor,Offer Online Security bundle
2580-ATZSQ,65,One year,DSL,Bank transfer (automatic),61.35,3874.1,No,Yes,3.84,0,Low,2.36,P4 - Monitor,Offer Tech Support trial/bundle
8085-MSNLK,62,Two year,Fiber optic,Mailed check,113.95,6891.4,Yes,Yes,21.95,0,Low,25.01,P4 - Monitor,Review Fiber pricing/service quality
9691-HKOVS,55,One year,DSL,Electronic check,90.15,4916.95,Yes,Yes,27.32,0,Medium,24.63,P4 - Monitor,Promote automatic payment
9881-VCZEP,25,Month-to-month,DSL,Electronic check,54.1,1373.0,No,No,39.41,0,Medium,21.32,P4 - Monitor,Offer annual contract incentive
8757-TFHHJ,1,Month-to-month,DSL,Credit card (automatic),49.8,49.8,No,Yes,66.45,1,High,33.09,P3 - Medium,Offer annual contract incentive
1468-DEFNC,64,Two year,No,Bank transfer (automatic),24.4,1548.65,No internet service,No internet service,1.01,0,Low,0.25,P4 - Monitor,Standard retention campaign
5119-KEPFY,36,Month-to-month,Fiber optic,Bank transfer (automatic),95.0,3440.25,No,No,74.29,1,High,70.58,P2 - High,Offer annual contract incentive
0916-KNFAJ,61,Two year,DSL,Mailed check,69.9,4226.7,No,Yes,10.99,0,Low,7.68,P4 - Monitor,Offer Tech Support trial/bundle
8319-QBEHW,26,One year,DSL,Bank transfer (automatic),39.95,1023.75,No,No,14.74,0,Low,5.89,P4 - Monitor,Offer Tech Support trial/bundle
9625-QNLUX,68,Two year,Fiber optic,Credit card (automatic),103.25,7074.4,No,Yes,4.52,0,Low,4.67,P4 - Monitor,Offer Tech Support trial/bundle
4024-CSNBY,72,Two year,Fiber optic,Bank transfer (automatic),94.25,6849.75,Yes,Yes,15.55,0,Low,14.66,P4 - Monitor,Review Fiber pricing/service quality
7110-BDTWG,71,Two year,DSL,Electronic check,47.05,3263.6,Yes,No,22.21,0,Low,10.45,P4 - Monitor,Offer Online Security bundle
7493-GVFIO,57,Two year,No,Credit card (automatic),20.55,1252.85,No internet service,No internet service,4.76,0,Low,0.98,P4 - Monitor,Standard retention campaign
0690-SRQID,4,Month-to-month,No,Mailed check,19.65,67.55,No internet service,No internet service,32.04,0,Medium,6.3,P4 - Monitor,Offer annual contract incentive
9605-WGJVW,1,Month-to-month,Fiber optic,Electronic check,70.2,70.2,No,No,88.44,1,Critical,62.08,P2 - High,Offer annual contract incentive
9114-DPSIA,72,Two year,DSL,Credit card (automatic),81.0,5750.0,Yes,Yes,2.32,0,Low,1.88,P4 - Monitor,Standard retention campaign
4700-UBQMV,21,One year,DSL,Bank transfer (automatic),75.9,1549.75,No,Yes,8.44,0,Low,6.41,P4 - Monitor,Offer Tech Support trial/bundle
7711-GQBZC,71,Two year,No,Bank transfer (automatic),24.7,1810.55,No internet service,No internet service,0.63,0,Low,0.16,P4 - Monitor,Standard retention campaign
4627-MIHJH,69,Two year,Fiber optic,Credit card (automatic),110.25,7467.55,Yes,Yes,26.72,0,Medium,29.46,P4 - Monitor,Review Fiber pricing/service quality
9795-NREXC,64,Two year,DSL,Credit card (automatic),85.0,5484.4,Yes,Yes,7.83,0,Low,6.66,P4 - Monitor,Standard retention campaign
8573-CGOCC,16,Month-to-month,No,Credit card (automatic),19.75,294.9,No internet service,No internet service,26.19,0,Medium,5.17,P4 - Monitor,Offer annual contract incentive
7356-AYNJP,4,One year,No,Electronic check,23.9,97.5,No internet service,No internet service,13.54,0,Low,3.24,P4 - Monitor,Promote automatic payment
6286-SUUWT,1,Month-to-month,No,Mailed check,19.95,19.95,No internet service,No internet service,54.42,1,High,10.86,P3 - Medium,Offer annual contract incentive
4819-HJPIW,18,Month-to-month,DSL,Mailed check,25.15,476.8,No,No,51.96,1,High,13.07,P3 - Medium,Offer annual contract incentive
8654-DHAOW,2,Month-to-month,DSL,Mailed check,54.15,101.65,No,No,68.55,1,High,37.12,P3 - Medium,Offer annual contract incentive
5438-QMDDL,19,Month-to-month,DSL,Mailed check,59.8,1130.85,No,No,42.53,0,Medium,25.43,P4 - Monitor,Offer annual contract incentive
9812-GHVRI,40,Month-to-month,Fiber optic,Bank transfer (automatic),83.85,3532.25,No,No,62.66,1,High,52.54,P2 - High,Offer annual contract incentive
5553-AOINX,66,One year,Fiber optic,Electronic check,104.9,6891.45,No,No,10.16,0,Low,10.66,P4 - Monitor,Offer Tech Support trial/bundle
1228-ZLNBX,21,Month-to-month,Fiber optic,Mailed check,75.3,1570.7,No,No,63.18,1,High,47.57,P3 - Medium,Offer annual contract incentive
4226-KKDON,8,Month-to-month,DSL,Electronic check,66.65,520.95,Yes,No,45.44,0,Medium,30.29,P4 - Monitor,Offer annual contract incentive
3831-YCPUO,72,Two year,Fiber optic,Credit card (automatic),109.5,7854.9,Yes,Yes,2.27,0,Low,2.49,P4 - Monitor,Review Fiber pricing/service quality
7445-WMRBW,48,One year,DSL,Bank transfer (automatic),73.85,3581.4,Yes,No,19.58,0,Low,14.46,P4 - Monitor,Offer Online Security bundle
3308-DGHKL,69,Two year,No,Bank transfer (automatic),19.3,1447.9,No internet service,No internet service,6.07,0,Low,1.17,P4 - Monitor,Standard retention campaign
9924-JPRMC,72,Two year,Fiber optic,Electronic check,118.2,8547.15,Yes,Yes,18.1,0,Low,21.39,P4 - Monitor,Promote automatic payment
0080-EMYVY,14,One year,DSL,Credit card (automatic),51.45,727.85,No,No,30.16,0,Medium,15.52,P4 - Monitor,Offer Tech Support trial/bundle
6218-KNUBD,6,Month-to-month,DSL,Electronic check,59.45,357.6,No,No,51.78,1,High,30.78,P3 - Medium,Offer annual contract incentive
7337-CINUD,8,Two year,No,Bank transfer (automatic),19.5,159.35,No internet service,No internet service,3.31,0,Low,0.65,P4 - Monitor,Standard retention campaign
7609-NRNCA,17,One year,No,Mailed check,19.55,280.85,No internet service,No internet service,7.96,0,Low,1.56,P4 - Monitor,Standard retention campaign
0623-EJQEG,65,One year,Fiber optic,Electronic check,93.55,6069.25,Yes,Yes,31.28,0,Medium,29.26,P4 - Monitor,Promote automatic payment
7153-CHRBV,57,One year,DSL,Mailed check,59.3,3274.35,Yes,Yes,1.95,0,Low,1.16,P4 - Monitor,Standard retention campaign
6198-PNNSZ,56,One year,Fiber optic,Bank transfer (automatic),109.8,6109.65,No,Yes,39.8,0,Medium,43.7,P4 - Monitor,Offer Tech Support trial/bundle
3317-VLGQT,14,Month-to-month,Fiber optic,Electronic check,78.1,1122.4,No,No,82.49,1,Critical,64.42,P2 - High,Offer annual contract incentive
4132-POCZS,52,Month-to-month,DSL,Electronic check,39.9,2020.9,No,Yes,47.2,0,Medium,18.83,P4 - Monitor,Offer annual contract incentive
5614-DNZCE,58,Two year,DSL,Credit card (automatic),64.9,3795.45,Yes,Yes,6.73,0,Low,4.37,P4 - Monitor,Standard retention campaign
3896-RCYYE,67,Month-to-month,DSL,Credit card (automatic),53.4,3579.15,Yes,No,31.38,0,Medium,16.76,P4 - Monitor,Offer annual contract incentive
9638-JIQYA,2,Month-to-month,DSL,Credit card (automatic),24.9,49.7,No,No,75.39,1,Critical,18.77,P3 - Medium,Offer annual contract incentive
3258-SANFR,6,Month-to-month,DSL,Credit card (automatic),44.7,276.5,No,No,67.19,1,High,30.03,P3 - Medium,Offer annual contract incentive
3726-TBHQT,71,Two year,Fiber optic,Bank transfer (automatic),114.0,8175.9,Yes,Yes,2.45,0,Low,2.79,P4 - Monitor,Review Fiber pricing/service quality
3190-ITQXP,46,Two year,No,Bank transfer (automatic),20.25,890.35,No internet service,No internet service,0.77,0,Low,0.16,P4 - Monitor,Standard retention campaign
4833-QTJNO,67,Month-to-month,Fiber optic,Bank transfer (automatic),83.85,5588.8,No,Yes,42.44,0,Medium,35.59,P4 - Monitor,Offer annual contract incentive
3039-MJSLN,3,Month-to-month,No,Bank transfer (automatic),20.2,50.6,No internet service,No internet service,20.16,0,Low,4.07,P4 - Monitor,Offer annual contract incentive
0178-CIIKR,3,Month-to-month,No,Mailed check,19.95,58.0,No internet service,No internet service,34.77,0,Medium,6.94,P4 - Monitor,Offer annual contract incentive
5774-QPLTF,50,One year,No,Mailed check,20.35,938.95,No internet service,No internet service,1.58,0,Low,0.32,P4 - Monitor,Standard retention campaign
2322-VCZHZ,23,Month-to-month,Fiber optic,Electronic check,90.0,2024.1,No,Yes,64.59,1,High,58.13,P2 - High,Offer annual contract incentive
5010-IPEAQ,67,Two year,DSL,Credit card (automatic),54.2,3623.95,Yes,Yes,1.64,0,Low,0.89,P4 - Monitor,Standard retention campaign
6383-ZTSIW,39,One year,Fiber optic,Mailed check,99.1,3877.95,No,Yes,32.15,0,Medium,31.86,P4 - Monitor,Offer Tech Support trial/bundle
8990-YOZLV,69,Two year,DSL,Mailed check,66.9,4577.9,Yes,Yes,7.05,0,Low,4.72,P4 - Monitor,Standard retention campaign
3069-SSVSN,1,One year,DSL,Mailed check,25.85,25.85,No,No,50.65,1,High,13.09,P3 - Medium,Offer Tech Support trial/bundle
5222-IMUKT,32,Month-to-month,Fiber optic,Electronic check,91.05,2871.5,No,No,70.96,1,High,64.61,P2 - High,Offer annual contract incentive
6685-XSHHU,60,Two year,No,Bank transfer (automatic),20.95,1270.55,No internet service,No internet service,0.84,0,Low,0.18,P4 - Monitor,Standard retention campaign
8901-UPRHR,72,Two year,Fiber optic,Bank transfer (automatic),109.2,7711.45,Yes,No,5.78,0,Low,6.31,P4 - Monitor,Offer Online Security bundle
0118-JPNOY,26,Month-to-month,Fiber optic,Credit card (automatic),85.8,2193.65,No,Yes,63.83,1,High,54.77,P2 - High,Offer annual contract incentive
3845-FXCYS,2,Month-to-month,No,Electronic check,19.65,31.2,No internet service,No internet service,40.72,0,Medium,8.0,P4 - Monitor,Offer annual contract incentive
5857-XRECV,2,One year,No,Bank transfer (automatic),20.5,38.25,No internet service,No internet service,8.02,0,Low,1.64,P4 - Monitor,Standard retention campaign
0725-CXOTM,36,One year,DSL,Credit card (automatic),89.65,3348.1,Yes,Yes,24.83,0,Low,22.26,P4 - Monitor,Standard retention campaign
4343-EJVQB,7,Month-to-month,Fiber optic,Mailed check,74.35,533.6,No,Yes,61.45,1,High,45.69,P3 - Medium,Offer annual contract incentive
9000-PLFUZ,60,Two year,DSL,Credit card (automatic),49.45,2907.55,No,No,24.22,0,Low,11.98,P4 - Monitor,Offer Tech Support trial/bundle
3427-GGZZI,19,Month-to-month,Fiber optic,Electronic check,89.1,1620.8,No,No,79.5,1,Critical,70.83,P2 - High,Offer annual contract incentive
7779-ORAEL,45,Two year,DSL,Credit card (automatic),75.15,3480.35,Yes,Yes,12.13,0,Low,9.12,P4 - Monitor,Standard retention campaign
0644-OQMDK,4,Month-to-month,Fiber optic,Electronic check,70.65,293.85,No,No,82.9,1,Critical,58.57,P2 - High,Offer annual contract incentive
3154-CFSZG,47,Month-to-month,Fiber optic,Electronic check,90.05,4137.2,No,Yes,15.8,0,Low,14.23,P4 - Monitor,Offer annual contract incentive
2220-IAHLS,1,Month-to-month,No,Credit card (automatic),19.4,19.4,No internet service,No internet service,42.89,0,Medium,8.32,P4 - Monitor,Offer annual contract incentive
1658-XUHBX,59,Month-to-month,Fiber optic,Credit card (automatic),88.75,5348.65,No,No,18.67,0,Low,16.57,P4 - Monitor,Offer annual contract incentive
2378-HTWFW,35,Month-to-month,Fiber optic,Credit card (automatic),91.0,3180.5,No,Yes,58.28,1,High,53.03,P2 - High,Offer annual contract incentive
4377-VDHYI,32,One year,Fiber optic,Electronic check,90.8,3023.85,No,Yes,8.31,0,Low,7.55,P4 - Monitor,Offer Tech Support trial/bundle
3719-TDVQB,54,Two year,No,Mailed check,18.95,1031.1,No internet service,No internet service,7.95,0,Low,1.51,P4 - Monitor,Standard retention campaign
0201-MIBOL,66,Two year,Fiber optic,Bank transfer (automatic),102.4,6471.85,No,Yes,27.3,0,Medium,27.96,P4 - Monitor,Offer Tech Support trial/bundle
4937-QPZPO,61,One year,Fiber optic,Electronic check,99.9,6241.35,No,No,11.98,0,Low,11.97,P4 - Monitor,Offer Tech Support trial/bundle
2925-VDZHY,72,Two year,DSL,Credit card (automatic),88.7,6501.35,Yes,Yes,1.63,0,Low,1.45,P4 - Monitor,Standard retention campaign
6981-TDRFT,44,One year,DSL,Electronic check,54.3,2317.1,Yes,No,9.5,0,Low,5.16,P4 - Monitor,Offer Online Security bundle
3413-CSSTH,41,Month-to-month,DSL,Bank transfer (automatic),55.7,2237.55,No,No,40.24,0,Medium,22.41,P4 - Monitor,Offer annual contract incentive
8033-VCZGH,50,One year,Fiber optic,Electronic check,103.95,5231.3,No,Yes,55.38,1,High,57.57,P2 - High,Offer Tech Support trial/bundle
0224-NIJLP,8,Two year,No,Mailed check,20.15,165.5,No internet service,No internet service,1.99,0,Low,0.4,P4 - Monitor,Standard retention campaign
7542-CYDDM,18,Month-to-month,No,Mailed check,20.05,358.5,No internet service,No internet service,23.22,0,Low,4.66,P4 - Monitor,Offer annual contract incentive
4718-WXBGI,72,Two year,DSL,Credit card (automatic),91.95,6614.9,Yes,Yes,1.34,0,Low,1.23,P4 - Monitor,Standard retention campaign
8495-PRWFH,42,Month-to-month,DSL,Electronic check,55.65,2421.75,No,No,44.8,0,Medium,24.93,P4 - Monitor,Offer annual contract incentive
0439-IFYUN,18,Month-to-month,Fiber optic,Electronic check,74.7,1294.6,No,No,75.73,1,Critical,56.57,P2 - High,Offer annual contract incentive
5716-LIBJC,13,One year,Fiber optic,Credit card (automatic),104.15,1299.1,No,No,30.24,0,Medium,31.49,P4 - Monitor,Offer Tech Support trial/bundle
2868-LLSKM,68,One year,Fiber optic,Bank transfer (automatic),83.65,5733.4,Yes,No,3.22,0,Low,2.69,P4 - Monitor,Offer Online Security bundle
2988-QRAJY,69,Two year,Fiber optic,Credit card (automatic),110.05,7430.75,No,Yes,26.12,0,Medium,28.75,P4 - Monitor,Offer Tech Support trial/bundle
0071-NDAFP,25,Two year,No,Credit card (automatic),25.5,630.6,No internet service,No internet service,2.96,0,Low,0.75,P4 - Monitor,Standard retention campaign
7328-ZJAJO,59,Two year,No,Credit card (automatic),19.5,1222.65,No internet service,No internet service,0.58,0,Low,0.11,P4 - Monitor,Standard retention campaign
6458-CYIDZ,5,Month-to-month,Fiber optic,Electronic check,80.7,374.8,No,Yes,60.79,1,High,49.06,P3 - Medium,Offer annual contract incentive
1090-PYKCI,69,One year,Fiber optic,Credit card (automatic),105.1,7234.8,Yes,Yes,4.35,0,Low,4.57,P4 - Monitor,Review Fiber pricing/service quality
3058-WQDRE,13,Month-to-month,DSL,Bank transfer (automatic),25.15,331.85,No,No,61.89,1,High,15.57,P3 - Medium,Offer annual contract incentive
2279-AXJJK,52,Month-to-month,Fiber optic,Credit card (automatic),95.65,5088.4,Yes,No,54.12,1,High,51.77,P2 - High,Offer annual contract incentive
0909-SELIE,61,Two year,DSL,Bank transfer (automatic),80.8,4860.85,Yes,Yes,5.76,0,Low,4.65,P4 - Monitor,Standard retention campaign
3417-TSCIC,29,One year,DSL,Mailed check,24.85,788.05,No,No,33.53,0,Medium,8.33,P4 - Monitor,Offer Tech Support trial/bundle
1042-HFUCW,25,One year,DSL,Credit card (automatic),54.75,1266.35,Yes,No,9.46,0,Low,5.18,P4 - Monitor,Offer Online Security bundle
6537-OTKMY,15,One year,DSL,Electronic check,50.75,688.2,No,No,48.15,0,Medium,24.44,P4 - Monitor,Offer Tech Support trial/bundle
8999-EXMNO,19,Two year,No,Mailed check,20.15,387.7,No internet service,No internet service,1.62,0,Low,0.33,P4 - Monitor,Standard retention campaign
6725-TPKJO,44,Two year,No,Mailed check,20.05,845.25,No internet service,No internet service,5.21,0,Low,1.04,P4 - Monitor,Standard retention campaign
7162-WPHPM,58,Two year,DSL,Credit card (automatic),71.6,4230.25,Yes,Yes,2.1,0,Low,1.5,P4 - Monitor,Standard retention campaign
1599-MMYRQ,62,One year,Fiber optic,Credit card (automatic),81.45,4983.05,No,Yes,5.26,0,Low,4.28,P4 - Monitor,Offer Tech Support trial/bundle
8821-KVZKQ,70,One year,DSL,Bank transfer (automatic),58.4,4113.15,Yes,No,4.14,0,Low,2.42,P4 - Monitor,Offer Online Security bundle
6434-TTGJP,10,Two year,DSL,Credit card (automatic),53.7,521.0,Yes,Yes,3.64,0,Low,1.95,P4 - Monitor,Standard retention campaign
0042-JVWOJ,26,One year,No,Bank transfer (automatic),19.6,471.85,No internet service,No internet service,6.3,0,Low,1.23,P4 - Monitor,Standard retention campaign
0130-SXOUN,66,Month-to-month,Fiber optic,Credit card (automatic),89.4,5976.9,No,No,52.85,1,High,47.25,P3 - Medium,Offer annual contract incentive
2330-PQGDQ,51,One year,Fiber optic,Bank transfer (automatic),84.2,4299.75,Yes,No,2.86,0,Low,2.41,P4 - Monitor,Offer Online Security bundle
1452-UZOSF,72,Two year,Fiber optic,Credit card (automatic),106.1,7548.6,Yes,Yes,2.3,0,Low,2.44,P4 - Monitor,Review Fiber pricing/service quality
2097-YVPKN,65,Two year,No,Mailed check,25.75,1654.75,No internet service,No internet service,4.13,0,Low,1.06,P4 - Monitor,Standard retention campaign
8597-CTXVJ,70,One year,DSL,Bank transfer (automatic),64.95,4551.5,Yes,Yes,3.58,0,Low,2.33,P4 - Monitor,Standard retention campaign
6631-HMANX,72,Two year,DSL,Credit card (automatic),85.45,6227.5,Yes,No,6.27,0,Low,5.36,P4 - Monitor,Offer Online Security bundle
9962-BFPDU,1,Month-to-month,No,Mailed check,20.05,20.05,No internet service,No internet service,56.59,1,High,11.35,P3 - Medium,Offer annual contract incentive
6394-HHHZM,3,Month-to-month,No,Mailed check,20.7,57.5,No internet service,No internet service,31.85,0,Medium,6.59,P4 - Monitor,Offer annual contract incentive
5995-LFTLE,58,Two year,No,Credit card (automatic),25.3,1474.35,No internet service,No internet service,6.54,0,Low,1.65,P4 - Monitor,Standard retention campaign
1932-UEDCX,33,Month-to-month,Fiber optic,Bank transfer (automatic),100.6,3270.25,No,No,72.99,1,High,73.43,P2 - High,Offer annual contract incentive
5188-HGMLP,54,Month-to-month,Fiber optic,Bank transfer (automatic),74.0,3919.15,No,No,57.33,1,High,42.42,P3 - Medium,Offer annual contract incentive
0665-XHDJU,72,Two year,Fiber optic,Electronic check,99.4,7285.7,No,No,38.47,0,Medium,38.24,P4 - Monitor,Offer Tech Support trial/bundle
8265-HKSOW,72,Two year,Fiber optic,Credit card (automatic),107.45,7658.3,Yes,Yes,2.31,0,Low,2.48,P4 - Monitor,Review Fiber pricing/service quality
3544-FBCAS,72,Two year,DSL,Credit card (automatic),83.6,5959.3,No,Yes,1.68,0,Low,1.4,P4 - Monitor,Offer Tech Support trial/bundle
5331-RGMTT,54,Month-to-month,Fiber optic,Credit card (automatic),99.05,5295.7,No,No,70.88,1,High,70.21,P2 - High,Offer annual contract incentive
4759-PXTAN,59,One year,DSL,Electronic check,80.1,4693.2,Yes,No,30.07,0,Medium,24.09,P4 - Monitor,Offer Online Security bundle
7054-DMVAS,54,Two year,DSL,Bank transfer (automatic),65.3,3512.9,No,Yes,6.78,0,Low,4.43,P4 - Monitor,Offer Tech Support trial/bundle
3428-MMGUB,60,Two year,Fiber optic,Electronic check,89.55,5231.2,No,No,35.97,0,Medium,32.21,P4 - Monitor,Offer Tech Support trial/bundle
6549-BTYPG,60,Two year,DSL,Credit card (automatic),60.8,3603.45,Yes,No,5.97,0,Low,3.63,P4 - Monitor,Offer Online Security bundle
7823-JSOAG,3,Month-to-month,Fiber optic,Electronic check,74.5,217.45,No,No,83.82,1,Critical,62.45,P2 - High,Offer annual contract incentive
3705-RHRFR,69,Two year,Fiber optic,Bank transfer (automatic),99.15,6875.35,No,Yes,23.85,0,Low,23.65,P4 - Monitor,Offer Tech Support trial/bundle
9374-YOLBJ,1,Month-to-month,No,Electronic check,19.25,19.25,No internet service,No internet service,50.12,1,High,9.65,P3 - Medium,Offer annual contract incentive
9074-KGVOX,50,Month-to-month,DSL,Credit card (automatic),39.45,2021.35,No,Yes,19.8,0,Low,7.81,P4 - Monitor,Offer annual contract incentive
6128-DAFVY,56,Month-to-month,DSL,Credit card (automatic),44.85,2564.95,No,No,50.67,1,High,22.73,P3 - Medium,Offer annual contract incentive
9933-QRGTX,60,Two year,Fiber optic,Electronic check,97.2,5611.75,Yes,Yes,27.67,0,Medium,26.9,P4 - Monitor,Promote automatic payment
4476-OSWTN,69,One year,Fiber optic,Mailed check,110.55,7610.1,Yes,Yes,44.19,0,Medium,48.85,P4 - Monitor,Review Fiber pricing/service quality
5066-GFJMM,3,Month-to-month,No,Mailed check,19.9,45.75,No internet service,No internet service,39.4,0,Medium,7.84,P4 - Monitor,Offer annual contract incentive
2661-GKBTK,60,Two year,DSL,Bank transfer (automatic),76.95,4543.95,Yes,No,0.98,0,Low,0.75,P4 - Monitor,Offer Online Security bundle
0458-HEUZG,13,Two year,DSL,Mailed check,35.4,450.4,Yes,No,19.97,0,Low,7.07,P4 - Monitor,Offer Online Security bundle
7268-WNTCP,62,Two year,No,Bank transfer (automatic),20.45,1297.35,No internet service,No internet service,0.73,0,Low,0.15,P4 - Monitor,Standard retention campaign
0824-VWDPO,45,One year,Fiber optic,Bank transfer (automatic),96.75,4442.75,No,Yes,28.46,0,Medium,27.54,P4 - Monitor,Offer Tech Support trial/bundle
8409-WQJUX,25,One year,DSL,Electronic check,54.2,1423.15,Yes,No,24.2,0,Low,13.12,P4 - Monitor,Offer Online Security bundle
2578-JQPHZ,44,Two year,Fiber optic,Bank transfer (automatic),100.1,4378.35,Yes,No,23.13,0,Low,23.15,P4 - Monitor,Offer Online Security bundle
3278-FSIXX,2,Month-to-month,DSL,Mailed check,45.25,74.2,No,No,75.6,1,Critical,34.21,P3 - Medium,Offer annual contract incentive
9746-UGFAC,22,One year,No,Bank transfer (automatic),20.85,450.65,No internet service,No internet service,11.74,0,Low,2.45,P4 - Monitor,Standard retention campaign
2946-KIQSP,35,Month-to-month,DSL,Mailed check,33.45,1175.85,Yes,No,35.47,0,Medium,11.86,P4 - Monitor,Offer annual contract incentive
0625-AFOHS,29,Two year,No,Mailed check,20.2,558.8,No internet service,No internet service,0.74,0,Low,0.15,P4 - Monitor,Standard retention campaign
6726-WEXXK,27,One year,Fiber optic,Electronic check,85.9,2220.1,No,Yes,37.42,0,Medium,32.14,P4 - Monitor,Offer Tech Support trial/bundle
4636-OLWOE,54,One year,DSL,Electronic check,61.0,3283.05,Yes,No,6.24,0,Low,3.81,P4 - Monitor,Offer Online Security bundle
4685-ERGHK,57,One year,Fiber optic,Electronic check,86.9,4939.25,No,No,49.09,0,Medium,42.66,P4 - Monitor,Offer Tech Support trial/bundle
0885-HMGPY,62,Two year,DSL,Bank transfer (automatic),69.4,4237.5,Yes,Yes,5.47,0,Low,3.8,P4 - Monitor,Standard retention campaign
5003-OKNNK,15,One year,No,Credit card (automatic),20.35,335.95,No internet service,No internet service,4.41,0,Low,0.9,P4 - Monitor,Standard retention campaign
7208-PSIHR,70,Two year,Fiber optic,Bank transfer (automatic),104.3,7188.5,Yes,No,34.97,0,Medium,36.47,P4 - Monitor,Offer Online Security bundle
4012-ZTHBR,21,Month-to-month,DSL,Electronic check,44.95,926.25,No,No,32.07,0,Medium,14.42,P4 - Monitor,Offer annual contract incentive
0489-WMEMG,23,One year,DSL,Electronic check,49.45,1119.35,Yes,No,12.64,0,Low,6.25,P4 - Monitor,Offer Online Security bundle
7435-ZNUYY,6,One year,No,Mailed check,20.6,116.6,No internet service,No internet service,6.82,0,Low,1.4,P4 - Monitor,Standard retention campaign
1354-YZFNB,4,Two year,No,Credit card (automatic),19.55,68.8,No internet service,No internet service,3.8,0,Low,0.74,P4 - Monitor,Standard retention campaign
2985-FMWYF,23,Month-to-month,Fiber optic,Electronic check,93.5,2341.55,No,No,80.71,1,Critical,75.46,P1 - Immediate,Offer annual contract incentive
2812-ENYMO,26,One year,DSL,Credit card (automatic),54.55,1362.85,Yes,Yes,16.55,0,Low,9.03,P4 - Monitor,Standard retention campaign
2717-HVIZY,8,Month-to-month,No,Mailed check,20.05,163.6,No internet service,No internet service,16.9,0,Low,3.39,P4 - Monitor,Offer annual contract incentive
3422-GALYP,2,Month-to-month,Fiber optic,Electronic check,79.45,145.15,No,No,86.98,1,Critical,69.11,P2 - High,Offer annual contract incentive
2890-WFBHU,59,One year,DSL,Credit card (automatic),79.85,4786.1,Yes,Yes,22.98,0,Low,18.35,P4 - Monitor,Standard retention campaign
0327-WFZSY,39,One year,Fiber optic,Electronic check,100.0,3835.55,No,No,10.91,0,Low,10.91,P4 - Monitor,Offer Tech Support trial/bundle
7977-HXJKU,21,Two year,No,Mailed check,19.6,397.0,No internet service,No internet service,3.06,0,Low,0.6,P4 - Monitor,Standard retention campaign
7033-CLAMM,48,Two year,No,Bank transfer (automatic),20.2,1027.25,No internet service,No internet service,0.78,0,Low,0.16,P4 - Monitor,Standard retention campaign
4023-RTIQM,31,One year,DSL,Credit card (automatic),50.4,1580.1,No,Yes,26.35,0,Medium,13.28,P4 - Monitor,Offer Tech Support trial/bundle
0864-FVJNJ,64,One year,Fiber optic,Electronic check,113.35,7222.75,Yes,Yes,5.96,0,Low,6.76,P4 - Monitor,Promote automatic payment
7356-IWLFW,46,Month-to-month,Fiber optic,Bank transfer (automatic),80.0,3769.7,No,No,19.07,0,Low,15.26,P4 - Monitor,Offer annual contract incentive
9541-PWTWO,52,Two year,DSL,Bank transfer (automatic),80.95,4233.95,Yes,No,7.54,0,Low,6.1,P4 - Monitor,Offer Online Security bundle
3967-VQOGC,67,Two year,No,Mailed check,24.9,1680.25,No internet service,No internet service,1.06,0,Low,0.26,P4 - Monitor,Standard retention campaign
7872-RDDLZ,67,Month-to-month,DSL,Electronic check,54.9,3725.5,No,No,36.39,0,Medium,19.98,P4 - Monitor,Offer annual contract incentive
6308-CQRBU,71,Two year,Fiber optic,Electronic check,109.25,7707.7,Yes,No,24.68,0,Low,26.96,P4 - Monitor,Offer Online Security bundle
0186-CAERR,71,One year,Fiber optic,Bank transfer (automatic),116.3,8309.55,Yes,Yes,42.7,0,Medium,49.66,P4 - Monitor,Review Fiber pricing/service quality
3043-SUDUA,32,Month-to-month,No,Bank transfer (automatic),19.9,601.55,No internet service,No internet service,23.84,0,Low,4.74,P4 - Monitor,Offer annual contract incentive
5442-BHQNG,2,Month-to-month,Fiber optic,Electronic check,70.35,139.25,No,No,83.24,1,Critical,58.56,P2 - High,Offer annual contract incentive
2169-RRLFW,71,Two year,No,Credit card (automatic),25.6,1888.25,No internet service,No internet service,2.88,0,Low,0.74,P4 - Monitor,Standard retention campaign
5872-OEQNH,60,One year,DSL,Electronic check,44.45,2773.9,No,Yes,23.79,0,Low,10.57,P4 - Monitor,Offer Tech Support trial/bundle
3162-KKZXO,55,One year,Fiber optic,Electronic check,100.15,5409.75,No,No,56.69,1,High,56.78,P2 - High,Offer Tech Support trial/bundle
8873-GLDMH,6,Month-to-month,Fiber optic,Mailed check,73.85,401.3,No,No,83.66,1,Critical,61.78,P2 - High,Offer annual contract incentive
5696-JVVQY,48,Two year,DSL,Credit card (automatic),70.1,3238.4,No,Yes,2.91,0,Low,2.04,P4 - Monitor,Offer Tech Support trial/bundle
8946-BFWSG,63,Two year,No,Mailed check,25.25,1573.05,No internet service,No internet service,0.6,0,Low,0.15,P4 - Monitor,Standard retention campaign
0547-HURJB,12,Month-to-month,No,Credit card (automatic),21.05,235.8,No internet service,No internet service,19.37,0,Low,4.08,P4 - Monitor,Offer annual contract incentive
8904-OPDCK,54,Month-to-month,DSL,Bank transfer (automatic),24.95,1364.75,No,No,47.74,0,Medium,11.91,P4 - Monitor,Offer annual contract incentive
8845-LWKGE,30,One year,DSL,Electronic check,64.5,1985.15,Yes,No,6.98,0,Low,4.5,P4 - Monitor,Offer Online Security bundle
0691-NIKRI,40,One year,Fiber optic,Credit card (automatic),105.95,4335.2,Yes,No,52.66,1,High,55.79,P2 - High,Offer Online Security bundle
5022-JNQEQ,9,Month-to-month,Fiber optic,Electronic check,75.85,647.5,Yes,No,49.2,0,Medium,37.32,P4 - Monitor,Offer annual contract incentive
3249-VHRIP,62,Two year,DSL,Credit card (automatic),43.6,2748.7,No,No,17.63,0,Low,7.69,P4 - Monitor,Offer Tech Support trial/bundle
3736-BLEPA,28,One year,Fiber optic,Bank transfer (automatic),91.25,2483.65,Yes,No,31.22,0,Medium,28.49,P4 - Monitor,Offer Online Security bundle
4701-LKOZD,70,Two year,DSL,Credit card (automatic),89.75,6367.2,Yes,Yes,6.97,0,Low,6.26,P4 - Monitor,Standard retention campaign
6603-QWSPR,46,Two year,Fiber optic,Bank transfer (automatic),104.4,4904.2,Yes,No,33.79,0,Medium,35.28,P4 - Monitor,Offer Online Security bundle
9921-QFQUL,23,Month-to-month,Fiber optic,Mailed check,90.15,2044.95,No,No,66.92,1,High,60.33,P2 - High,Offer annual contract incentive
1929-ZCBHE,47,One year,DSL,Electronic check,40.3,1794.8,Yes,Yes,9.09,0,Low,3.66,P4 - Monitor,Promote automatic payment
4378-MYPGO,68,Two year,Fiber optic,Bank transfer (automatic),105.25,7173.15,No,Yes,5.7,0,Low,6.0,P4 - Monitor,Offer Tech Support trial/bundle
4129-LYCOI,67,Two year,Fiber optic,Electronic check,104.0,7039.05,Yes,No,9.86,0,Low,10.25,P4 - Monitor,Offer Online Security bundle
7798-JVXYM,14,Month-to-month,DSL,Electronic check,69.65,921.4,Yes,No,57.46,1,High,40.02,P3 - Medium,Offer annual contract incentive
8647-SDTWQ,57,Month-to-month,Fiber optic,Electronic check,74.3,4018.35,No,No,22.69,0,Low,16.86,P4 - Monitor,Offer annual contract incentive
2696-ECXKC,55,One year,Fiber optic,Mailed check,100.9,5448.6,No,Yes,5.05,0,Low,5.1,P4 - Monitor,Offer Tech Support trial/bundle
2081-KJSQF,1,Month-to-month,No,Mailed check,20.25,20.25,No internet service,No internet service,58.14,1,High,11.77,P3 - Medium,Offer annual contract incentive
3323-CPBWR,23,Month-to-month,Fiber optic,Credit card (automatic),96.9,2085.45,Yes,No,60.67,1,High,58.79,P2 - High,Offer annual contract incentive
3384-CTMSF,47,Month-to-month,Fiber optic,Electronic check,104.1,5135.15,No,No,76.31,1,Critical,79.44,P1 - Immediate,Offer annual contract incentive
0902-RFHOF,38,One year,No,Mailed check,20.1,730.1,No internet service,No internet service,4.58,0,Low,0.92,P4 - Monitor,Standard retention campaign
6048-QBXKL,2,Month-to-month,DSL,Credit card (automatic),56.55,118.25,No,No,71.47,1,High,40.42,P3 - Medium,Offer annual contract incentive
7718-RXDGG,15,Month-to-month,Fiber optic,Bank transfer (automatic),68.6,1108.6,No,No,70.99,1,High,48.7,P3 - Medium,Offer annual contract incentive
1025-FALIX,26,Month-to-month,Fiber optic,Credit card (automatic),69.05,1815.65,No,No,61.9,1,High,42.74,P3 - Medium,Offer annual contract incentive
3451-VAWLI,35,Two year,No,Credit card (automatic),19.7,730.4,No internet service,No internet service,0.59,0,Low,0.12,P4 - Monitor,Standard retention campaign
3407-QGWLG,3,Month-to-month,No,Mailed check,20.05,75.45,No internet service,No internet service,19.95,0,Low,4.0,P4 - Monitor,Offer annual contract incentive
2347-WKKAE,42,Month-to-month,Fiber optic,Electronic check,94.4,4014.6,No,Yes,64.27,1,High,60.67,P2 - High,Offer annual contract incentive
8735-DCXNF,10,Month-to-month,DSL,Credit card (automatic),54.95,568.85,Yes,Yes,44.74,0,Medium,24.58,P4 - Monitor,Offer annual contract incentive
3214-IYUUQ,61,One year,Fiber optic,Bank transfer (automatic),93.7,5860.7,Yes,Yes,27.27,0,Medium,25.55,P4 - Monitor,Review Fiber pricing/service quality
1936-UAFEH,68,Two year,Fiber optic,Credit card (automatic),110.25,7279.35,Yes,Yes,28.3,0,Medium,31.2,P4 - Monitor,Review Fiber pricing/service quality
3587-PMCOY,10,One year,Fiber optic,Electronic check,98.9,1064.95,No,Yes,61.54,1,High,60.86,P2 - High,Offer Tech Support trial/bundle
1027-LKKQQ,72,Two year,DSL,Bank transfer (automatic),80.45,5886.85,Yes,Yes,1.16,0,Low,0.93,P4 - Monitor,Standard retention campaign
7148-XZPHA,55,Month-to-month,Fiber optic,Electronic check,79.4,4238.45,Yes,No,14.94,0,Low,11.86,P4 - Monitor,Offer annual contract incentive
5309-TAIKL,7,Month-to-month,DSL,Bank transfer (automatic),62.8,418.3,Yes,No,43.42,0,Medium,27.27,P4 - Monitor,Offer annual contract incentive
6856-RAURS,2,Month-to-month,Fiber optic,Mailed check,74.9,136.05,No,No,86.77,1,Critical,64.99,P2 - High,Offer annual contract incentive
8778-LMWTJ,9,Month-to-month,Fiber optic,Electronic check,74.85,708.2,No,Yes,69.04,1,High,51.68,P2 - High,Offer annual contract incentive
9717-IOAAF,27,Two year,No,Credit card (automatic),25.85,788.55,No internet service,No internet service,4.17,0,Low,1.08,P4 - Monitor,Standard retention campaign
2845-KDHVX,64,Two year,DSL,Mailed check,68.3,4378.8,Yes,No,6.7,0,Low,4.58,P4 - Monitor,Offer Online Security bundle
0848-SOMKO,70,Two year,DSL,Bank transfer (automatic),48.4,3442.8,Yes,Yes,7.5,0,Low,3.63,P4 - Monitor,Standard retention campaign
6734-FQAJX,67,Two year,Fiber optic,Electronic check,105.05,7171.7,Yes,Yes,29.07,0,Medium,30.54,P4 - Monitor,Promote automatic payment
1535-VTJOQ,24,Two year,No,Credit card (automatic),25.15,553.0,No internet service,No internet service,14.99,0,Low,3.77,P4 - Monitor,Standard retention campaign
6368-TZZDT,4,Two year,No,Credit card (automatic),19.5,96.85,No internet service,No internet service,3.33,0,Low,0.65,P4 - Monitor,Standard retention campaign
0943-ZQPXH,44,Month-to-month,Fiber optic,Bank transfer (automatic),92.95,4122.9,No,No,18.41,0,Low,17.11,P4 - Monitor,Offer annual contract incentive
1293-BSEUN,72,Two year,No,Mailed check,20.7,1482.3,No internet service,No internet service,0.85,0,Low,0.18,P4 - Monitor,Standard retention campaign
1302-TPUBN,66,Two year,No,Bank transfer (automatic),19.35,1240.8,No internet service,No internet service,9.02,0,Low,1.75,P4 - Monitor,Standard retention campaign
2378-VTKDH,65,Month-to-month,Fiber optic,Electronic check,104.35,6578.55,No,No,73.0,1,High,76.18,P2 - High,Offer annual contract incentive
0927-CNGRH,1,Month-to-month,No,Mailed check,19.55,19.55,No internet service,No internet service,50.21,1,High,9.82,P3 - Medium,Offer annual contract incentive
8608-OZTLB,38,One year,DSL,Electronic check,74.05,2802.3,Yes,Yes,6.95,0,Low,5.15,P4 - Monitor,Promote automatic payment
2335-GSODA,23,Two year,DSL,Mailed check,40.1,857.75,Yes,Yes,6.19,0,Low,2.48,P4 - Monitor,Standard retention campaign
1952-DVVSW,10,One year,No,Mailed check,20.1,184.4,No internet service,No internet service,13.35,0,Low,2.68,P4 - Monitor,Standard retention campaign
6656-GULJQ,72,Two year,DSL,Credit card (automatic),83.55,6093.3,Yes,Yes,1.65,0,Low,1.38,P4 - Monitor,Standard retention campaign
9853-JFZDU,35,Month-to-month,DSL,Electronic check,56.85,1861.1,Yes,No,34.82,0,Medium,19.8,P4 - Monitor,Offer annual contract incentive
3777-XROBG,58,Two year,No,Credit card (automatic),19.55,1079.65,No internet service,No internet service,1.05,0,Low,0.21,P4 - Monitor,Standard retention campaign
6994-FGRHH,70,One year,Fiber optic,Electronic check,106.15,7475.1,Yes,No,10.18,0,Low,10.81,P4 - Monitor,Offer Online Security bundle
4000-VGMQP,38,One year,DSL,Credit card (automatic),78.95,2862.55,No,No,6.01,0,Low,4.74,P4 - Monitor,Offer Tech Support trial/bundle
3999-WRNGR,60,Month-to-month,DSL,Electronic check,49.75,3069.45,No,No,19.51,0,Low,9.71,P4 - Monitor,Offer annual contract incentive
3466-RITXD,26,Month-to-month,Fiber optic,Credit card (automatic),92.4,2349.8,No,Yes,63.48,1,High,58.66,P2 - High,Offer annual contract incentive
2680-XKKNJ,8,One year,DSL,Bank transfer (automatic),58.2,469.25,Yes,Yes,17.1,0,Low,9.95,P4 - Monitor,Standard retention campaign
2974-GGUXS,36,Month-to-month,Fiber optic,Credit card (automatic),91.95,3301.05,No,No,71.5,1,High,65.74,P2 - High,Offer annual contract incentive
7994-XIRTR,54,One year,DSL,Bank transfer (automatic),65.25,3529.95,Yes,No,17.51,0,Low,11.43,P4 - Monitor,Offer Online Security bundle
2101-RANCD,55,Month-to-month,Fiber optic,Electronic check,73.1,4144.9,No,No,72.11,1,High,52.71,P2 - High,Offer annual contract incentive
7921-BEPCI,72,Two year,DSL,Bank transfer (automatic),59.75,4265.0,No,Yes,4.97,0,Low,2.97,P4 - Monitor,Offer Tech Support trial/bundle
8510-TMWYB,54,Two year,DSL,Bank transfer (automatic),59.8,3246.45,No,No,3.82,0,Low,2.28,P4 - Monitor,Offer Tech Support trial/bundle
3258-ZKPAI,72,Two year,Fiber optic,Bank transfer (automatic),116.6,8337.45,Yes,Yes,2.0,0,Low,2.33,P4 - Monitor,Review Fiber pricing/service quality
1428-IEDPR,52,Two year,Fiber optic,Electronic check,109.3,5731.4,Yes,Yes,40.3,0,Medium,44.05,P4 - Monitor,Promote automatic payment
5298-GSTLM,60,One year,Fiber optic,Bank transfer (automatic),101.4,6176.6,No,Yes,37.68,0,Medium,38.21,P4 - Monitor,Offer Tech Support trial/bundle
4450-YOOHP,39,Month-to-month,DSL,Credit card (automatic),50.65,1905.4,No,No,52.3,1,High,26.49,P3 - Medium,Offer annual contract incentive
6728-CZFEI,15,One year,DSL,Mailed check,56.15,931.9,No,No,35.78,0,Medium,20.09,P4 - Monitor,Offer Tech Support trial/bundle
3653-NCRDJ,43,One year,No,Mailed check,19.2,776.25,No internet service,No internet service,2.02,0,Low,0.39,P4 - Monitor,Standard retention campaign
6121-TNHBO,63,One year,DSL,Bank transfer (automatic),83.0,5243.05,Yes,Yes,25.02,0,Medium,20.77,P4 - Monitor,Standard retention campaign
5119-NZPTV,2,Month-to-month,Fiber optic,Electronic check,70.1,141.65,No,No,80.94,1,Critical,56.74,P2 - High,Offer annual contract incentive
6519-ZHPXP,72,Two year,Fiber optic,Bank transfer (automatic),108.3,7679.65,Yes,Yes,2.71,0,Low,2.93,P4 - Monitor,Review Fiber pricing/service quality
3472-QPRCH,40,Two year,No,Credit card (automatic),25.25,1006.9,No internet service,No internet service,1.31,0,Low,0.33,P4 - Monitor,Standard retention campaign
8224-UAXBZ,58,One year,DSL,Electronic check,45.35,2540.1,No,Yes,28.18,0,Medium,12.78,P4 - Monitor,Offer Tech Support trial/bundle
9610-WCESF,67,Two year,DSL,Electronic check,43.9,3097.2,Yes,Yes,15.1,0,Low,6.63,P4 - Monitor,Promote automatic payment
2486-WYVVE,31,One year,DSL,Mailed check,79.3,2484.0,Yes,No,37.8,0,Medium,29.98,P4 - Monitor,Offer Online Security bundle
3865-ZYKAD,69,Month-to-month,Fiber optic,Credit card (automatic),84.9,5785.65,No,Yes,48.39,0,Medium,41.08,P4 - Monitor,Offer annual contract incentive
1422-DGUBX,32,One year,Fiber optic,Electronic check,79.25,2619.15,Yes,No,37.22,0,Medium,29.5,P4 - Monitor,Offer Online Security bundle
2999-AANRQ,21,Two year,DSL,Credit card (automatic),71.05,1524.85,Yes,Yes,14.0,0,Low,9.95,P4 - Monitor,Standard retention campaign
8668-KNZTI,52,One year,DSL,Electronic check,53.75,2790.65,No,Yes,20.56,0,Low,11.05,P4 - Monitor,Offer Tech Support trial/bundle
0480-KYJVA,72,Two year,No,Credit card (automatic),24.25,1784.5,No internet service,No internet service,0.53,0,Low,0.13,P4 - Monitor,Standard retention campaign
9746-YKGXB,52,One year,DSL,Bank transfer (automatic),44.25,2276.1,No,Yes,6.11,0,Low,2.7,P4 - Monitor,Offer Tech Support trial/bundle
3926-YZVVX,41,One year,DSL,Bank transfer (automatic),50.05,2029.05,Yes,No,15.79,0,Low,7.9,P4 - Monitor,Offer Online Security bundle
6000-UKLWI,41,Two year,No,Mailed check,20.15,802.35,No internet service,No internet service,5.16,0,Low,1.04,P4 - Monitor,Standard retention campaign
6332-FBZRI,67,One year,DSL,Credit card (automatic),69.35,4653.25,Yes,Yes,3.8,0,Low,2.64,P4 - Monitor,Standard retention campaign
2096-XOTMO,16,Month-to-month,No,Mailed check,19.35,275.9,No internet service,No internet service,17.43,0,Low,3.37,P4 - Monitor,Offer annual contract incentive
3266-FTKHB,17,Two year,No,Mailed check,19.15,343.45,No internet service,No internet service,8.49,0,Low,1.63,P4 - Monitor,Standard retention campaign
8221-EQDGL,35,Month-to-month,DSL,Mailed check,61.0,2130.45,No,Yes,27.3,0,Medium,16.65,P4 - Monitor,Offer annual contract incentive
2346-LOCWC,58,Two year,No,Credit card (automatic),20.5,1191.4,No internet service,No internet service,0.56,0,Low,0.11,P4 - Monitor,Standard retention campaign
0298-XACET,52,Two year,DSL,Mailed check,50.2,2554.0,Yes,No,2.46,0,Low,1.23,P4 - Monitor,Offer Online Security bundle
7560-QJAVJ,70,Two year,DSL,Bank transfer (automatic),79.6,5589.45,Yes,Yes,5.93,0,Low,4.72,P4 - Monitor,Standard retention campaign
2995-YWTCD,19,Two year,No,Bank transfer (automatic),24.9,467.7,No internet service,No internet service,4.08,0,Low,1.02,P4 - Monitor,Standard retention campaign
9137-UIYPG,35,Month-to-month,Fiber optic,Electronic check,106.9,3756.45,Yes,Yes,24.4,0,Low,26.08,P4 - Monitor,Offer annual contract incentive
2809-ZMYOQ,32,Month-to-month,Fiber optic,Electronic check,101.35,3334.9,No,No,79.11,1,Critical,80.18,P1 - Immediate,Offer annual contract incentive
5084-OOVCJ,17,Month-to-month,DSL,Credit card (automatic),55.35,920.5,Yes,Yes,25.97,0,Medium,14.37,P4 - Monitor,Offer annual contract incentive
0254-WWRKD,67,One year,DSL,Credit card (automatic),50.55,3431.75,No,No,5.98,0,Low,3.02,P4 - Monitor,Offer Tech Support trial/bundle
7727-SHVZV,9,Month-to-month,No,Bank transfer (automatic),19.5,150.35,No internet service,No internet service,34.89,0,Medium,6.8,P4 - Monitor,Offer annual contract incentive
5339-PXDVH,4,Month-to-month,Fiber optic,Electronic check,90.65,367.95,No,Yes,74.66,1,High,67.68,P2 - High,Offer annual contract incentive
2205-LPVGL,58,One year,Fiber optic,Bank transfer (automatic),89.85,5125.75,Yes,Yes,4.06,0,Low,3.65,P4 - Monitor,Review Fiber pricing/service quality
8782-NUUOL,60,One year,DSL,Mailed check,79.0,4801.1,Yes,Yes,22.73,0,Low,17.96,P4 - Monitor,Standard retention campaign
7601-WFVZV,1,Month-to-month,No,Mailed check,19.55,19.55,No internet service,No internet service,53.19,1,High,10.4,P3 - Medium,Offer annual contract incentive
4609-KNNWG,27,Two year,No,Mailed check,19.9,550.1,No internet service,No internet service,0.75,0,Low,0.15,P4 - Monitor,Standard retention campaign
4868-AADLV,66,One year,Fiber optic,Electronic check,116.25,7862.25,Yes,Yes,9.54,0,Low,11.09,P4 - Monitor,Promote automatic payment
9529-OFXHY,15,Month-to-month,Fiber optic,Bank transfer (automatic),87.75,1242.2,No,Yes,67.01,1,High,58.8,P2 - High,Offer annual contract incentive
2669-QVCRG,41,Month-to-month,Fiber optic,Credit card (automatic),81.3,3190.65,No,Yes,57.41,1,High,46.67,P3 - Medium,Offer annual contract incentive
2478-EEWWM,59,Month-to-month,DSL,Electronic check,44.3,2666.75,No,No,60.2,1,High,26.67,P3 - Medium,Offer annual contract incentive
9174-IHETN,50,Two year,Fiber optic,Credit card (automatic),70.35,3533.6,No,No,12.47,0,Low,8.77,P4 - Monitor,Offer Tech Support trial/bundle
2233-TXSIU,17,One year,DSL,Credit card (automatic),44.45,792.15,No,Yes,10.47,0,Low,4.65,P4 - Monitor,Offer Tech Support trial/bundle
9644-UMGQA,6,Month-to-month,DSL,Electronic check,49.15,295.65,No,Yes,42.79,0,Medium,21.03,P4 - Monitor,Offer annual contract incentive
3256-EZDBI,51,Month-to-month,DSL,Credit card (automatic),29.45,1459.35,No,No,48.62,0,Medium,14.32,P4 - Monitor,Offer annual contract incentive
0419-YAAPX,49,Month-to-month,Fiber optic,Credit card (automatic),85.3,4297.95,No,No,65.4,1,High,55.79,P2 - High,Offer annual contract incentive
0872-CASZJ,59,One year,DSL,Mailed check,69.1,4096.9,Yes,Yes,14.66,0,Low,10.13,P4 - Monitor,Standard retention campaign
4726-DLWQN,50,Month-to-month,DSL,Bank transfer (automatic),70.35,3454.6,No,Yes,32.2,0,Medium,22.65,P4 - Monitor,Offer annual contract incentive
8164-OCKUJ,59,Two year,No,Mailed check,20.6,1286.0,No internet service,No internet service,0.78,0,Low,0.16,P4 - Monitor,Standard retention campaign
3094-JOJAI,18,Month-to-month,Fiber optic,Mailed check,74.15,1387.0,No,No,64.86,1,High,48.09,P3 - Medium,Offer annual contract incentive
9494-MRNYX,10,Month-to-month,Fiber optic,Electronic check,75.05,786.3,No,No,79.19,1,Critical,59.43,P2 - High,Offer annual contract incentive
2599-CZABP,14,One year,DSL,Electronic check,44.6,641.25,No,No,46.85,0,Medium,20.9,P4 - Monitor,Offer Tech Support trial/bundle
7945-PRBVF,35,Two year,No,Bank transfer (automatic),21.45,705.45,No internet service,No internet service,6.85,0,Low,1.47,P4 - Monitor,Standard retention campaign
4544-RXFMG,8,One year,DSL,Mailed check,43.45,345.5,No,No,21.1,0,Low,9.17,P4 - Monitor,Offer Tech Support trial/bundle
0859-YGKFW,18,One year,No,Bank transfer (automatic),20.05,345.9,No internet service,No internet service,3.01,0,Low,0.6,P4 - Monitor,Standard retention campaign
1150-FTQGN,60,One year,Fiber optic,Bank transfer (automatic),94.15,5811.8,No,Yes,3.6,0,Low,3.39,P4 - Monitor,Offer Tech Support trial/bundle
7196-LIWRH,6,Two year,No,Mailed check,19.55,124.45,No internet service,No internet service,8.03,0,Low,1.57,P4 - Monitor,Standard retention campaign
5448-VWNAM,19,Month-to-month,DSL,Mailed check,75.9,1375.6,Yes,Yes,20.79,0,Low,15.78,P4 - Monitor,Offer annual contract incentive
1177-XZBJL,53,One year,DSL,Bank transfer (automatic),64.15,3491.55,Yes,Yes,2.97,0,Low,1.91,P4 - Monitor,Standard retention campaign
3518-FSTWG,72,Two year,Fiber optic,Bank transfer (automatic),109.55,7920.7,No,Yes,18.86,0,Low,20.66,P4 - Monitor,Offer Tech Support trial/bundle
9330-VOFSZ,60,Two year,Fiber optic,Credit card (automatic),110.8,6640.7,Yes,No,26.25,0,Medium,29.08,P4 - Monitor,Offer Online Security bundle
0939-EREMR,13,Month-to-month,DSL,Mailed check,53.45,718.1,Yes,No,27.75,0,Medium,14.83,P4 - Monitor,Offer annual contract incentive
9389-ACWBI,5,Month-to-month,Fiber optic,Credit card (automatic),69.95,320.4,No,No,46.83,0,Medium,32.76,P4 - Monitor,Offer annual contract incentive
3644-QXEHN,13,Month-to-month,Fiber optic,Electronic check,97.0,1334.45,No,No,39.74,0,Medium,38.55,P4 - Monitor,Offer annual contract incentive
2911-IJORQ,37,One year,DSL,Bank transfer (automatic),90.6,3358.65,Yes,Yes,26.15,0,Medium,23.69,P4 - Monitor,Standard retention campaign
5921-NGYRH,64,Month-to-month,Fiber optic,Mailed check,73.55,4764.0,No,Yes,46.55,0,Medium,34.24,P4 - Monitor,Offer annual contract incentive
5998-DZLYR,61,Two year,Fiber optic,Bank transfer (automatic),94.35,5703.0,Yes,No,22.38,0,Low,21.12,P4 - Monitor,Offer Online Security bundle
3985-HOYPM,26,One year,No,Mailed check,19.4,525.55,No internet service,No internet service,4.67,0,Low,0.91,P4 - Monitor,Standard retention campaign
9548-LERKT,24,Two year,No,Mailed check,19.75,483.15,No internet service,No internet service,5.53,0,Low,1.09,P4 - Monitor,Standard retention campaign
6576-FBXOJ,17,One year,DSL,Electronic check,54.6,934.8,Yes,No,34.78,0,Medium,18.99,P4 - Monitor,Offer Online Security bundle
4310-KEDTB,26,Month-to-month,DSL,Mailed check,29.8,786.5,No,No,33.0,0,Medium,9.83,P4 - Monitor,Offer annual contract incentive
4062-HBMOS,52,Month-to-month,Fiber optic,Electronic check,103.05,5364.8,No,No,75.05,1,Critical,77.34,P1 - Immediate,Offer annual contract incentive
2676-ISHSF,1,Month-to-month,No,Mailed check,20.3,20.3,No internet service,No internet service,50.11,1,High,10.17,P3 - Medium,Offer annual contract incentive
9236-NDUCW,21,Two year,DSL,Mailed check,35.1,770.4,Yes,Yes,11.62,0,Low,4.08,P4 - Monitor,Standard retention campaign
4753-PADAS,67,One year,Fiber optic,Bank transfer (automatic),105.7,6816.95,No,No,48.1,0,Medium,50.84,P4 - Monitor,Offer Tech Support trial/bundle
6103-QCKFX,44,Month-to-month,DSL,Bank transfer (automatic),56.25,2419.55,Yes,Yes,12.15,0,Low,6.83,P4 - Monitor,Offer annual contract incentive
7781-EWARA,70,One year,DSL,Electronic check,60.35,4138.7,Yes,No,7.25,0,Low,4.38,P4 - Monitor,Offer Online Security bundle
7018-FPXHH,56,Two year,DSL,Bank transfer (automatic),59.8,3457.45,No,Yes,2.0,0,Low,1.2,P4 - Monitor,Offer Tech Support trial/bundle
0572-ZJKLT,46,Two year,Fiber optic,Mailed check,99.65,4630.2,Yes,Yes,5.89,0,Low,5.87,P4 - Monitor,Review Fiber pricing/service quality
5135-RDDQL,63,Two year,DSL,Bank transfer (automatic),50.65,3221.25,No,Yes,2.53,0,Low,1.28,P4 - Monitor,Offer Tech Support trial/bundle
1353-LJWEM,11,Month-to-month,DSL,Electronic check,60.9,688.5,Yes,No,43.24,0,Medium,26.33,P4 - Monitor,Offer annual contract incentive
1794-SWWKL,15,Month-to-month,DSL,Bank transfer (automatic),59.65,867.1,Yes,No,22.71,0,Low,13.55,P4 - Monitor,Offer annual contract incentive
6166-YIPFO,72,Two year,DSL,Electronic check,64.7,4746.05,Yes,Yes,10.91,0,Low,7.06,P4 - Monitor,Promote automatic payment
9332-GYWLO,6,Month-to-month,DSL,Electronic check,54.85,355.1,No,No,41.31,0,Medium,22.66,P4 - Monitor,Offer annual contract incentive
4184-VODJZ,63,One year,Fiber optic,Electronic check,91.35,5764.7,No,No,9.96,0,Low,9.1,P4 - Monitor,Offer Tech Support trial/bundle
1092-WPIVQ,18,Two year,No,Mailed check,25.1,428.45,No internet service,No internet service,2.88,0,Low,0.72,P4 - Monitor,Standard retention campaign
7233-IOQNP,43,Month-to-month,DSL,Bank transfer (automatic),34.0,1505.35,Yes,Yes,29.35,0,Medium,9.98,P4 - Monitor,Offer annual contract incentive
2834-JKOOW,15,One year,DSL,Mailed check,45.9,693.45,Yes,Yes,17.52,0,Low,8.04,P4 - Monitor,Standard retention campaign
2400-FEQME,55,Two year,No,Mailed check,20.5,1177.95,No internet service,No internet service,0.73,0,Low,0.15,P4 - Monitor,Standard retention campaign
4957-SREEC,70,Two year,No,Credit card (automatic),20.35,1458.1,No internet service,No internet service,0.58,0,Low,0.12,P4 - Monitor,Standard retention campaign
0230-UBYPQ,63,One year,DSL,Bank transfer (automatic),36.1,2298.9,Yes,Yes,15.44,0,Low,5.57,P4 - Monitor,Standard retention campaign
4923-ADWXJ,25,Month-to-month,DSL,Bank transfer (automatic),65.8,1679.65,Yes,No,30.78,0,Medium,20.25,P4 - Monitor,Offer annual contract incentive
1763-KUAAW,18,One year,No,Bank transfer (automatic),20.35,369.6,No internet service,No internet service,13.29,0,Low,2.7,P4 - Monitor,Standard retention campaign
1104-TNLZA,28,Month-to-month,Fiber optic,Electronic check,105.8,2998.0,Yes,No,68.36,1,High,72.32,P2 - High,Offer annual contract incentive
5195-KPUNQ,53,One year,Fiber optic,Mailed check,96.75,5206.55,Yes,Yes,32.71,0,Medium,31.65,P4 - Monitor,Review Fiber pricing/service quality
3439-GVUSX,1,Month-to-month,DSL,Mailed check,24.4,24.4,No,No,77.03,1,Critical,18.8,P3 - Medium,Offer annual contract incentive
5949-HGVJL,26,Month-to-month,DSL,Electronic check,73.05,1959.5,Yes,No,38.75,0,Medium,28.31,P4 - Monitor,Offer annual contract incentive
5203-XEHAX,34,One year,DSL,Electronic check,64.35,2053.05,No,Yes,17.72,0,Low,11.4,P4 - Monitor,Offer Tech Support trial/bundle
1635-HDGFT,19,Two year,No,Mailed check,20.5,398.55,No internet service,No internet service,2.31,0,Low,0.47,P4 - Monitor,Standard retention campaign
8050-XGRVL,62,One year,DSL,Credit card (automatic),54.75,3425.35,No,Yes,4.3,0,Low,2.35,P4 - Monitor,Offer Tech Support trial/bundle
9828-QHFBK,24,Month-to-month,DSL,Electronic check,51.15,1275.7,No,Yes,48.13,0,Medium,24.62,P4 - Monitor,Offer annual contract incentive
3908-MKIMJ,68,Two year,DSL,Electronic check,41.95,2965.75,No,Yes,19.91,0,Low,8.35,P4 - Monitor,Offer Tech Support trial/bundle
5012-YSPJJ,31,Month-to-month,DSL,Mailed check,54.35,1647.0,Yes,No,15.93,0,Low,8.66,P4 - Monitor,Offer annual contract incentive
6728-VOIFY,63,One year,Fiber optic,Electronic check,96.0,6109.75,No,No,50.5,1,High,48.48,P3 - Medium,Offer Tech Support trial/bundle
4891-NLUBA,61,Two year,DSL,Bank transfer (automatic),61.45,3751.15,Yes,No,1.73,0,Low,1.06,P4 - Monitor,Offer Online Security bundle
8969-PRHFK,18,One year,No,Mailed check,19.65,411.25,No internet service,No internet service,5.61,0,Low,1.1,P4 - Monitor,Standard retention campaign
0661-KQHNK,6,One year,No,Credit card (automatic),19.0,105.5,No internet service,No internet service,6.57,0,Low,1.25,P4 - Monitor,Standard retention campaign
8709-KRDVL,33,Month-to-month,Fiber optic,Electronic check,100.0,3320.6,No,No,78.62,1,Critical,78.62,P1 - Immediate,Offer annual contract incentive
1427-VERSM,56,Month-to-month,Fiber optic,Electronic check,98.7,5669.5,Yes,No,59.54,1,High,58.77,P2 - High,Offer annual contract incentive
9801-NOSHQ,23,One year,No,Mailed check,19.8,465.45,No internet service,No internet service,2.07,0,Low,0.41,P4 - Monitor,Standard retention campaign
6339-YPSAH,9,Month-to-month,Fiber optic,Electronic check,73.8,704.3,No,No,80.41,1,Critical,59.34,P2 - High,Offer annual contract incentive
2159-TURXX,5,Month-to-month,No,Credit card (automatic),20.05,95.55,No internet service,No internet service,30.5,0,Medium,6.12,P4 - Monitor,Offer annual contract incentive
1548-FEHVL,61,Month-to-month,Fiber optic,Electronic check,106.2,6375.2,No,Yes,55.17,1,High,58.59,P2 - High,Offer annual contract incentive
3795-CAWEX,70,Two year,Fiber optic,Credit card (automatic),116.55,8152.3,Yes,Yes,3.13,0,Low,3.65,P4 - Monitor,Review Fiber pricing/service quality
6215-NQCPY,15,Month-to-month,Fiber optic,Electronic check,99.7,1566.75,No,Yes,81.55,1,Critical,81.31,P1 - Immediate,Offer annual contract incentive
5647-URDKA,8,Two year,No,Mailed check,19.7,130.25,No internet service,No internet service,1.99,0,Low,0.39,P4 - Monitor,Standard retention campaign
2229-DPMBI,8,Two year,No,Mailed check,19.5,162.15,No internet service,No internet service,2.43,0,Low,0.47,P4 - Monitor,Standard retention campaign
9626-WEQRM,4,Month-to-month,DSL,Mailed check,29.15,110.05,No,Yes,63.87,1,High,18.62,P3 - Medium,Offer annual contract incentive
2188-SXWVT,34,One year,DSL,Mailed check,55.0,1885.15,No,Yes,11.47,0,Low,6.31,P4 - Monitor,Offer Tech Support trial/bundle
6258-PVZWJ,68,Two year,DSL,Credit card (automatic),90.8,6302.85,Yes,Yes,5.99,0,Low,5.44,P4 - Monitor,Standard retention campaign
1094-BKOSX,45,One year,DSL,Bank transfer (automatic),51.0,2264.5,Yes,No,5.37,0,Low,2.74,P4 - Monitor,Offer Online Security bundle
6969-MVBAI,9,Month-to-month,Fiber optic,Electronic check,90.1,816.8,No,No,88.66,1,Critical,79.88,P1 - Immediate,Offer annual contract incentive
2978-XXSOG,22,Month-to-month,DSL,Mailed check,59.05,1253.5,Yes,Yes,31.45,0,Medium,18.57,P4 - Monitor,Offer annual contract incentive
2342-CKIAO,2,Month-to-month,No,Mailed check,20.3,41.2,No internet service,No internet service,33.72,0,Medium,6.85,P4 - Monitor,Offer annual contract incentive
6953-PBDIN,70,Two year,DSL,Bank transfer (automatic),72.95,5265.55,Yes,No,6.35,0,Low,4.63,P4 - Monitor,Offer Online Security bundle
3898-BSJYF,10,One year,DSL,Credit card (automatic),73.55,693.3,Yes,Yes,14.3,0,Low,10.52,P4 - Monitor,Standard retention campaign
3938-YFPXD,72,Two year,DSL,Credit card (automatic),84.3,5997.1,Yes,Yes,7.8,0,Low,6.58,P4 - Monitor,Standard retention campaign
7696-AMHOD,49,One year,DSL,Credit card (automatic),78.0,3824.2,No,No,5.02,0,Low,3.92,P4 - Monitor,Offer Tech Support trial/bundle
2453-SAFNS,54,One year,DSL,Mailed check,72.1,3886.05,Yes,No,24.6,0,Low,17.74,P4 - Monitor,Offer Online Security bundle
9558-IHEZX,71,Two year,Fiber optic,Credit card (automatic),106.75,7283.25,No,Yes,20.92,0,Low,22.33,P4 - Monitor,Offer Tech Support trial/bundle
9617-UDPEU,22,One year,No,Mailed check,19.25,412.55,No internet service,No internet service,5.89,0,Low,1.13,P4 - Monitor,Standard retention campaign
6340-DACFT,50,Two year,No,Credit card (automatic),20.55,1070.25,No internet service,No internet service,0.94,0,Low,0.19,P4 - Monitor,Standard retention campaign
4955-VCWBI,43,One year,No,Mailed check,20.0,817.95,No internet service,No internet service,1.65,0,Low,0.33,P4 - Monitor,Standard retention campaign
6813-GZQCG,45,Two year,No,Credit card (automatic),24.65,1171.3,No internet service,No internet service,2.43,0,Low,0.6,P4 - Monitor,Standard retention campaign
7426-GSWPO,64,Month-to-month,Fiber optic,Bank transfer (automatic),103.5,6548.65,No,Yes,53.91,1,High,55.8,P2 - High,Offer annual contract incentive
3389-KTRXV,23,Two year,No,Mailed check,23.85,625.65,No internet service,No internet service,2.99,0,Low,0.71,P4 - Monitor,Standard retention campaign
3118-UHVVQ,68,Two year,No,Credit card (automatic),25.8,1911.5,No internet service,No internet service,2.96,0,Low,0.76,P4 - Monitor,Standard retention campaign
3205-MXZRA,26,One year,DSL,Credit card (automatic),59.45,1507.0,Yes,No,22.0,0,Low,13.08,P4 - Monitor,Offer Online Security bundle
8317-BVKSO,14,Month-to-month,No,Electronic check,20.05,299.3,No internet service,No internet service,24.24,0,Low,4.86,P4 - Monitor,Offer annual contract incentive
5702-KVQRD,71,Two year,DSL,Electronic check,82.55,5832.65,Yes,Yes,12.17,0,Low,10.05,P4 - Monitor,Promote automatic payment
0083-PIVIK,64,One year,DSL,Electronic check,81.25,5567.55,Yes,Yes,27.47,0,Medium,22.32,P4 - Monitor,Promote automatic payment
6169-PGNCD,57,Two year,DSL,Credit card (automatic),74.3,4166.35,Yes,Yes,7.48,0,Low,5.56,P4 - Monitor,Standard retention campaign
4909-JOUPP,72,Two year,Fiber optic,Credit card (automatic),109.7,7898.45,Yes,No,20.1,0,Low,22.05,P4 - Monitor,Offer Online Security bundle
4657-FWVFY,40,Month-to-month,Fiber optic,Credit card (automatic),96.35,3915.4,No,No,18.25,0,Low,17.58,P4 - Monitor,Offer annual contract incentive
2257-BOVXD,14,Month-to-month,DSL,Credit card (automatic),66.6,979.5,Yes,No,50.05,1,High,33.33,P3 - Medium,Offer annual contract incentive
7729-JTEEC,2,Month-to-month,DSL,Electronic check,44.5,90.05,No,No,61.42,1,High,27.33,P3 - Medium,Offer annual contract incentive
9696-RMYBA,5,Month-to-month,Fiber optic,Mailed check,80.1,398.55,No,No,84.56,1,Critical,67.73,P2 - High,Offer annual contract incentive
8690-UPCZI,29,One year,DSL,Bank transfer (automatic),69.05,1958.45,Yes,Yes,2.78,0,Low,1.92,P4 - Monitor,Standard retention campaign
9770-LXDBK,3,Month-to-month,No,Mailed check,20.4,63.15,No internet service,No internet service,32.64,0,Medium,6.66,P4 - Monitor,Offer annual contract incentive
4086-WITJG,71,Two year,No,Credit card (automatic),19.7,1301.1,No internet service,No internet service,0.7,0,Low,0.14,P4 - Monitor,Standard retention campaign
8344-WFMFH,9,Month-to-month,DSL,Electronic check,50.1,484.05,No,No,38.67,0,Medium,19.37,P4 - Monitor,Offer annual contract incentive
8822-KNBHV,48,One year,DSL,Credit card (automatic),83.45,3887.85,No,Yes,23.14,0,Low,19.31,P4 - Monitor,Offer Tech Support trial/bundle
8404-FYDIB,26,Month-to-month,Fiber optic,Credit card (automatic),86.65,2208.75,No,Yes,58.32,1,High,50.53,P2 - High,Offer annual contract incentive
2791-SFVEW,9,Month-to-month,No,Bank transfer (automatic),20.15,238.15,No internet service,No internet service,34.91,0,Medium,7.03,P4 - Monitor,Offer annual contract incentive
6762-NSODU,46,Two year,No,Credit card (automatic),19.4,958.15,No internet service,No internet service,0.84,0,Low,0.16,P4 - Monitor,Standard retention campaign
9888-ZCUMM,64,Two year,DSL,Bank transfer (automatic),60.05,3845.45,Yes,Yes,1.14,0,Low,0.68,P4 - Monitor,Standard retention campaign
1074-WVEVG,59,One year,No,Mailed check,20.35,1267.0,No internet service,No internet service,7.88,0,Low,1.6,P4 - Monitor,Standard retention campaign
9979-RGMZT,7,One year,Fiber optic,Mailed check,94.05,633.45,No,No,63.7,1,High,59.91,P2 - High,Offer Tech Support trial/bundle
6437-UDQJM,72,Two year,DSL,Credit card (automatic),84.1,6129.65,No,Yes,11.58,0,Low,9.74,P4 - Monitor,Offer Tech Support trial/bundle
1226-IENZN,16,Month-to-month,Fiber optic,Electronic check,78.75,1218.25,No,No,78.73,1,Critical,62.0,P2 - High,Offer annual contract incentive
2108-GLPQB,25,Month-to-month,DSL,Credit card (automatic),55.55,1405.3,No,No,35.56,0,Medium,19.75,P4 - Monitor,Offer annual contract incentive
5474-LAMUQ,24,One year,No,Mailed check,20.1,533.9,No internet service,No internet service,5.11,0,Low,1.03,P4 - Monitor,Standard retention campaign
3468-DRVQJ,10,One year,DSL,Electronic check,70.3,676.15,No,Yes,12.58,0,Low,8.84,P4 - Monitor,Offer Tech Support trial/bundle
1122-YJBCS,69,One year,DSL,Credit card (automatic),53.65,3804.4,No,Yes,16.11,0,Low,8.64,P4 - Monitor,Offer Tech Support trial/bundle
4990-ALDGW,57,Two year,No,Mailed check,20.75,1118.8,No internet service,No internet service,6.12,0,Low,1.27,P4 - Monitor,Standard retention campaign
4816-OKWNX,50,One year,Fiber optic,Bank transfer (automatic),103.4,5236.4,Yes,No,8.46,0,Low,8.75,P4 - Monitor,Offer Online Security bundle
3315-IKYZQ,28,One year,DSL,Mailed check,50.8,1386.8,Yes,Yes,4.43,0,Low,2.25,P4 - Monitor,Standard retention campaign
4747-LCAQL,25,Month-to-month,DSL,Mailed check,79.0,1902.0,Yes,Yes,28.98,0,Medium,22.89,P4 - Monitor,Offer annual contract incentive
3411-WLRSQ,3,Month-to-month,Fiber optic,Bank transfer (automatic),74.6,239.05,No,No,83.3,1,Critical,62.14,P2 - High,Offer annual contract incentive
0898-XCGTF,61,One year,Fiber optic,Bank transfer (automatic),96.5,5673.7,No,No,46.39,0,Medium,44.77,P4 - Monitor,Offer Tech Support trial/bundle
8006-PYCSW,2,Month-to-month,No,Mailed check,20.1,39.8,No internet service,No internet service,34.11,0,Medium,6.86,P4 - Monitor,Offer annual contract incentive
8249-THVEC,51,One year,No,Mailed check,19.4,997.75,No internet service,No internet service,1.15,0,Low,0.22,P4 - Monitor,Standard retention campaign
8722-PRFDV,71,Two year,DSL,Credit card (automatic),77.55,5574.35,No,Yes,1.71,0,Low,1.33,P4 - Monitor,Offer Tech Support trial/bundle
2164-SOQXL,20,Month-to-month,No,Mailed check,20.05,406.05,No internet service,No internet service,13.37,0,Low,2.68,P4 - Monitor,Offer annual contract incentive
4020-KIUDI,6,Month-to-month,No,Credit card (automatic),19.85,138.85,No internet service,No internet service,18.76,0,Low,3.72,P4 - Monitor,Offer annual contract incentive
5850-BDWCY,6,Month-to-month,No,Mailed check,20.2,123.65,No internet service,No internet service,32.56,0,Medium,6.58,P4 - Monitor,Offer annual contract incentive
2038-YSEZE,29,Month-to-month,DSL,Mailed check,67.45,1801.1,Yes,Yes,24.03,0,Low,16.21,P4 - Monitor,Offer annual contract incentive
0827-ITJPH,36,Two year,No,Credit card (automatic),18.55,689.0,No internet service,No internet service,5.63,0,Low,1.04,P4 - Monitor,Standard retention campaign
8799-OXZMD,28,Month-to-month,DSL,Mailed check,29.75,790.7,No,No,49.64,0,Medium,14.77,P4 - Monitor,Offer annual contract incentive
1705-GUHPV,63,Two year,No,Mailed check,24.2,1618.2,No internet service,No internet service,3.83,0,Low,0.93,P4 - Monitor,Standard retention campaign
4779-ZGICK,48,Two year,No,Mailed check,23.55,1173.35,No internet service,No internet service,1.2,0,Low,0.28,P4 - Monitor,Standard retention campaign
0048-PIHNL,49,One year,No,Bank transfer (automatic),20.45,900.9,No internet service,No internet service,10.33,0,Low,2.11,P4 - Monitor,Standard retention campaign
3967-KXAPS,72,Two year,DSL,Credit card (automatic),92.3,6719.9,Yes,Yes,9.95,0,Low,9.18,P4 - Monitor,Standard retention campaign
3704-IEAXF,72,Two year,DSL,Credit card (automatic),53.65,3784.0,Yes,No,2.91,0,Low,1.56,P4 - Monitor,Offer Online Security bundle
6810-VCAEX,47,One year,DSL,Credit card (automatic),39.65,1798.65,Yes,Yes,12.86,0,Low,5.1,P4 - Monitor,Standard retention campaign
0674-EYYZV,1,Month-to-month,DSL,Electronic check,54.65,54.65,No,No,75.08,1,Critical,41.03,P3 - Medium,Offer annual contract incentive
4480-MBMLB,36,One year,Fiber optic,Bank transfer (automatic),104.8,3886.45,No,No,51.41,1,High,53.88,P2 - High,Offer Tech Support trial/bundle
1395-OFUWC,43,Month-to-month,DSL,Credit card (automatic),29.3,1224.05,No,No,25.35,0,Medium,7.43,P4 - Monitor,Offer annual contract incentive
0822-QGCXA,27,Month-to-month,DSL,Electronic check,83.85,2310.2,Yes,No,39.48,0,Medium,33.1,P4 - Monitor,Offer annual contract incentive
2832-KJCRD,38,Month-to-month,Fiber optic,Electronic check,103.65,3988.5,Yes,No,72.01,1,High,74.64,P2 - High,Offer annual contract incentive
3588-WSTTJ,35,Month-to-month,Fiber optic,Electronic check,99.05,3554.6,No,Yes,70.36,1,High,69.69,P2 - High,Offer annual contract incentive
5090-EMGTC,59,Two year,Fiber optic,Mailed check,100.05,6034.85,Yes,No,24.23,0,Low,24.24,P4 - Monitor,Offer Online Security bundle
2346-CZYIL,27,Two year,No,Credit card (automatic),20.35,531.6,No internet service,No internet service,4.65,0,Low,0.95,P4 - Monitor,Standard retention campaign
3798-EPWRR,2,Month-to-month,DSL,Electronic check,43.95,85.1,No,No,77.9,1,Critical,34.24,P3 - Medium,Offer annual contract incentive
6258-NGCNG,7,Month-to-month,No,Mailed check,23.5,173.0,No internet service,No internet service,30.52,0,Medium,7.17,P4 - Monitor,Offer annual contract incentive
4186-ZBUEW,36,One year,DSL,Mailed check,70.7,2511.95,Yes,No,28.56,0,Medium,20.19,P4 - Monitor,Offer Online Security bundle
5274-XHAKY,41,Month-to-month,Fiber optic,Bank transfer (automatic),94.3,3893.6,No,Yes,15.91,0,Low,15.0,P4 - Monitor,Offer annual contract incentive
1442-BQPVU,13,Month-to-month,DSL,Electronic check,29.15,357.15,No,No,56.6,1,High,16.5,P3 - Medium,Offer annual contract incentive
3978-YNKDD,19,Two year,No,Credit card (automatic),20.85,467.5,No internet service,No internet service,2.49,0,Low,0.52,P4 - Monitor,Standard retention campaign
4940-KHCWD,60,Two year,DSL,Bank transfer (automatic),37.7,2288.7,Yes,Yes,4.64,0,Low,1.75,P4 - Monitor,Standard retention campaign
9589-ABEPT,69,Two year,Fiber optic,Mailed check,92.45,6460.55,Yes,No,20.96,0,Low,19.38,P4 - Monitor,Offer Online Security bundle
9388-ZEYVT,43,One year,DSL,Electronic check,44.15,1931.3,Yes,No,21.58,0,Low,9.53,P4 - Monitor,Offer Online Security bundle
0305-SQECB,11,One year,DSL,Mailed check,36.05,402.6,Yes,Yes,12.26,0,Low,4.42,P4 - Monitor,Standard retention campaign
7605-SNLQG,45,Month-to-month,DSL,Credit card (automatic),50.25,2221.55,No,No,39.57,0,Medium,19.88,P4 - Monitor,Offer annual contract incentive
4670-TABXH,72,Two year,Fiber optic,Credit card (automatic),109.75,7758.9,Yes,No,24.41,0,Low,26.79,P4 - Monitor,Offer Online Security bundle
0064-SUDOG,12,Two year,No,Bank transfer (automatic),20.3,224.5,No internet service,No internet service,3.55,0,Low,0.72,P4 - Monitor,Standard retention campaign
8561-NMTBD,67,One year,Fiber optic,Credit card (automatic),112.35,7388.45,Yes,No,6.88,0,Low,7.73,P4 - Monitor,Offer Online Security bundle
5161-XEUVX,37,Two year,Fiber optic,Mailed check,94.3,3460.95,Yes,No,21.7,0,Low,20.46,P4 - Monitor,Offer Online Security bundle
8292-FRFZQ,39,One year,DSL,Bank transfer (automatic),41.15,1700.9,Yes,Yes,11.27,0,Low,4.64,P4 - Monitor,Standard retention campaign
8591-NXRCV,41,Month-to-month,DSL,Bank transfer (automatic),74.65,3090.65,Yes,Yes,25.82,0,Medium,19.27,P4 - Monitor,Offer annual contract incentive
7895-VONWT,25,Month-to-month,DSL,Electronic check,48.25,1293.8,No,No,59.97,1,High,28.94,P3 - Medium,Offer annual contract incentive
4526-RMTLL,8,Two year,DSL,Credit card (automatic),76.15,645.8,Yes,Yes,6.17,0,Low,4.7,P4 - Monitor,Standard retention campaign
6253-GNHWH,71,Two year,DSL,Mailed check,71.1,5224.95,Yes,Yes,1.83,0,Low,1.3,P4 - Monitor,Standard retention campaign
4566-NECEV,5,Month-to-month,Fiber optic,Electronic check,96.55,500.1,No,No,80.25,1,Critical,77.48,P1 - Immediate,Offer annual contract incentive
8080-POTJR,30,One year,DSL,Credit card (automatic),79.3,2427.1,No,Yes,25.12,0,Medium,19.92,P4 - Monitor,Offer Tech Support trial/bundle
6906-MPARY,40,One year,Fiber optic,Credit card (automatic),89.6,3488.15,Yes,No,32.29,0,Medium,28.93,P4 - Monitor,Offer Online Security bundle
3662-FXJFO,54,Two year,No,Mailed check,20.5,1035.7,No internet service,No internet service,4.44,0,Low,0.91,P4 - Monitor,Standard retention campaign
8107-RZLNV,72,Two year,Fiber optic,Bank transfer (automatic),106.3,7565.35,No,No,41.98,0,Medium,44.62,P4 - Monitor,Offer Tech Support trial/bundle
0516-OOHAR,28,One year,Fiber optic,Bank transfer (automatic),100.35,2799.0,No,No,9.97,0,Low,10.0,P4 - Monitor,Offer Tech Support trial/bundle
2027-CWDNU,18,Month-to-month,Fiber optic,Electronic check,85.6,1601.5,Yes,No,27.3,0,Medium,23.37,P4 - Monitor,Offer annual contract incentive
9912-OMZDS,59,One year,Fiber optic,Electronic check,106.15,6256.2,No,No,9.26,0,Low,9.83,P4 - Monitor,Offer Tech Support trial/bundle
3733-ZEECP,22,Month-to-month,DSL,Electronic check,51.1,1232.9,Yes,No,27.94,0,Medium,14.28,P4 - Monitor,Offer annual contract incentive
7878-RTCZG,1,Month-to-month,No,Mailed check,19.9,19.9,No internet service,No internet service,55.15,1,High,10.97,P3 - Medium,Offer annual contract incentive
2452-MRMZF,72,Two year,No,Credit card (automatic),25.7,1937.4,No internet service,No internet service,4.35,0,Low,1.12,P4 - Monitor,Standard retention campaign
7103-IPXPJ,50,One year,Fiber optic,Electronic check,99.4,5059.75,Yes,No,45.69,0,Medium,45.42,P4 - Monitor,Offer Online Security bundle
4342-HFXWS,48,One year,DSL,Bank transfer (automatic),69.7,3023.65,Yes,Yes,3.04,0,Low,2.12,P4 - Monitor,Standard retention campaign
3545-CNWRG,49,Month-to-month,Fiber optic,Electronic check,98.35,4889.2,No,No,24.39,0,Low,23.99,P4 - Monitor,Offer annual contract incentive
1785-BPHTP,28,Month-to-month,Fiber optic,Electronic check,85.45,2289.9,No,No,21.99,0,Low,18.79,P4 - Monitor,Offer annual contract incentive
4989-LIXVT,68,Month-to-month,Fiber optic,Electronic check,95.9,6503.2,No,No,66.21,1,High,63.5,P2 - High,Offer annual contract incentive
7315-WYOAW,13,Month-to-month,Fiber optic,Electronic check,100.75,1313.25,Yes,No,74.4,1,High,74.96,P2 - High,Offer annual contract incentive
1173-XZPYF,11,Month-to-month,Fiber optic,Electronic check,89.2,990.3,No,No,86.76,1,Critical,77.39,P1 - Immediate,Offer annual contract incentive
2509-TFPJU,72,Two year,No,Credit card (automatic),25.75,1864.2,No internet service,No internet service,3.46,0,Low,0.89,P4 - Monitor,Standard retention campaign
9530-GRMJG,70,Two year,DSL,Electronic check,84.1,5979.7,Yes,No,2.13,0,Low,1.79,P4 - Monitor,Offer Online Security bundle
6898-RBTLU,49,Two year,DSL,Bank transfer (automatic),79.3,3902.45,Yes,No,1.04,0,Low,0.82,P4 - Monitor,Offer Online Security bundle
5481-NTDOH,67,One year,Fiber optic,Credit card (automatic),107.05,7142.5,No,Yes,39.93,0,Medium,42.75,P4 - Monitor,Offer Tech Support trial/bundle
2068-WWXQZ,46,Two year,No,Bank transfer (automatic),20.05,902.0,No internet service,No internet service,7.12,0,Low,1.43,P4 - Monitor,Standard retention campaign
2061-VVFST,37,Month-to-month,No,Bank transfer (automatic),19.5,805.2,No internet service,No internet service,29.46,0,Medium,5.74,P4 - Monitor,Offer annual contract incentive
0749-IRGQE,13,Month-to-month,DSL,Electronic check,45.3,528.45,No,No,67.93,1,High,30.77,P3 - Medium,Offer annual contract incentive
2380-DAMQP,72,Two year,Fiber optic,Electronic check,115.15,8349.7,Yes,Yes,13.57,0,Low,15.63,P4 - Monitor,Promote automatic payment
2256-YLYLP,68,Two year,DSL,Bank transfer (automatic),72.95,4953.25,Yes,No,2.25,0,Low,1.64,P4 - Monitor,Offer Online Security bundle
1272-ILHFG,15,One year,No,Mailed check,19.65,332.65,No internet service,No internet service,2.65,0,Low,0.52,P4 - Monitor,Standard retention campaign
0164-XAIRP,24,Two year,No,Bank transfer (automatic),19.55,470.2,No internet service,No internet service,6.1,0,Low,1.19,P4 - Monitor,Standard retention campaign
5666-CYCYZ,24,Month-to-month,Fiber optic,Electronic check,89.55,2259.35,Yes,No,71.44,1,High,63.97,P2 - High,Offer annual contract incentive
4011-ARPHK,27,Month-to-month,DSL,Mailed check,50.35,1411.35,No,Yes,34.02,0,Medium,17.13,P4 - Monitor,Offer annual contract incentive
6365-HITVU,71,Two year,DSL,Credit card (automatic),87.25,6328.7,Yes,Yes,0.92,0,Low,0.8,P4 - Monitor,Standard retention campaign
7558-IMLMT,67,Two year,No,Mailed check,20.8,1411.9,No internet service,No internet service,0.79,0,Low,0.16,P4 - Monitor,Standard retention campaign
9488-FYQAU,63,Two year,Fiber optic,Bank transfer (automatic),109.25,6841.4,Yes,No,32.79,0,Medium,35.82,P4 - Monitor,Offer Online Security bundle
3590-TCXTB,1,Month-to-month,No,Mailed check,20.35,20.35,No internet service,No internet service,49.56,0,Medium,10.09,P4 - Monitor,Offer annual contract incentive
6994-KERXL,4,Month-to-month,DSL,Electronic check,55.9,238.5,No,No,68.97,1,High,38.55,P3 - Medium,Offer annual contract incentive
1960-UOTYM,52,Two year,DSL,Electronic check,79.2,4016.3,No,Yes,3.76,0,Low,2.98,P4 - Monitor,Offer Tech Support trial/bundle
2740-JFBOK,10,Month-to-month,No,Electronic check,24.0,226.55,No internet service,No internet service,26.19,0,Medium,6.29,P4 - Monitor,Offer annual contract incentive
6500-JVEGC,68,One year,Fiber optic,Bank transfer (automatic),101.35,7110.75,No,Yes,27.24,0,Medium,27.61,P4 - Monitor,Offer Tech Support trial/bundle
5245-VDBUR,52,One year,DSL,Mailed check,35.45,1958.95,No,Yes,16.52,0,Low,5.86,P4 - Monitor,Offer Tech Support trial/bundle
8469-SNFFH,70,One year,DSL,Bank transfer (automatic),79.4,5528.9,Yes,Yes,22.84,0,Low,18.13,P4 - Monitor,Standard retention campaign
2144-ESWKO,43,One year,DSL,Credit card (automatic),35.2,1463.7,No,Yes,17.65,0,Low,6.21,P4 - Monitor,Offer Tech Support trial/bundle
1241-FPMOF,52,Two year,No,Mailed check,19.65,1025.05,No internet service,No internet service,7.2,0,Low,1.41,P4 - Monitor,Standard retention campaign
9928-BZVLZ,12,Two year,DSL,Mailed check,49.85,552.1,Yes,Yes,14.81,0,Low,7.38,P4 - Monitor,Standard retention campaign
4114-QMKVN,56,One year,DSL,Bank transfer (automatic),68.75,3815.4,No,Yes,3.63,0,Low,2.5,P4 - Monitor,Offer Tech Support trial/bundle
9003-CPATH,42,Month-to-month,Fiber optic,Electronic check,79.9,3313.4,No,No,68.07,1,High,54.39,P2 - High,Offer annual contract incentive
1754-GKYPY,22,Month-to-month,Fiber optic,Bank transfer (automatic),89.75,1938.9,No,No,71.71,1,High,64.36,P2 - High,Offer annual contract incentive
7956-XQWGU,27,Month-to-month,No,Credit card (automatic),19.4,460.25,No internet service,No internet service,17.34,0,Low,3.36,P4 - Monitor,Offer annual contract incentive
1591-MQJTP,51,One year,Fiber optic,Bank transfer (automatic),93.65,4839.15,No,Yes,36.23,0,Medium,33.93,P4 - Monitor,Offer Tech Support trial/bundle
2369-FEVNO,1,Month-to-month,No,Mailed check,19.9,19.9,No internet service,No internet service,60.71,1,High,12.08,P3 - Medium,Offer annual contract incentive
7471-MQPOS,71,One year,DSL,Bank transfer (automatic),72.9,5139.65,Yes,No,8.19,0,Low,5.97,P4 - Monitor,Offer Online Security bundle
5115-SQAAU,69,Two year,No,Bank transfer (automatic),25.6,1673.4,No internet service,No internet service,1.1,0,Low,0.28,P4 - Monitor,Standard retention campaign
9845-QOMAD,14,One year,No,Mailed check,19.75,309.35,No internet service,No internet service,2.69,0,Low,0.53,P4 - Monitor,Standard retention campaign
7672-VFMXZ,57,Month-to-month,DSL,Electronic check,55.7,3171.6,Yes,Yes,32.98,0,Medium,18.37,P4 - Monitor,Offer annual contract incentive
9739-JLPQJ,72,Two year,Fiber optic,Credit card (automatic),117.5,8670.1,Yes,Yes,2.77,0,Low,3.25,P4 - Monitor,Review Fiber pricing/service quality
9916-AYHTC,48,Two year,No,Credit card (automatic),19.85,916.0,No internet service,No internet service,4.23,0,Low,0.84,P4 - Monitor,Standard retention campaign
3855-ONCAR,4,Month-to-month,Fiber optic,Mailed check,78.9,299.75,No,No,53.35,1,High,42.09,P3 - Medium,Offer annual contract incentive
1488-SYSFC,31,Month-to-month,No,Electronic check,20.65,702.05,No internet service,No internet service,15.81,0,Low,3.26,P4 - Monitor,Offer annual contract incentive
0970-QXPXW,1,Month-to-month,No,Mailed check,19.65,19.65,No internet service,No internet service,55.15,1,High,10.84,P3 - Medium,Offer annual contract incentive
3259-KNMRR,57,Two year,DSL,Bank transfer (automatic),79.75,4438.2,No,No,15.83,0,Low,12.62,P4 - Monitor,Offer Tech Support trial/bundle
6120-RJKLU,62,Two year,DSL,Credit card (automatic),79.95,4819.75,Yes,Yes,10.26,0,Low,8.2,P4 - Monitor,Standard retention campaign
9572-WUKSB,3,Month-to-month,DSL,Electronic check,29.9,92.25,Yes,No,72.03,1,High,21.54,P3 - Medium,Offer annual contract incentive
5893-KCLGT,72,Two year,No,Mailed check,19.75,1567.0,No internet service,No internet service,1.51,0,Low,0.3,P4 - Monitor,Standard retention campaign
0076-LVEPS,29,Month-to-month,DSL,Mailed check,45.0,1242.45,Yes,Yes,22.67,0,Low,10.2,P4 - Monitor,Offer annual contract incentive
3640-JQGJG,13,Month-to-month,DSL,Bank transfer (automatic),44.8,559.2,No,No,28.82,0,Medium,12.91,P4 - Monitor,Offer annual contract incentive
1596-OQSPS,11,Month-to-month,DSL,Electronic check,51.1,531.15,No,No,46.96,0,Medium,24.0,P4 - Monitor,Offer annual contract incentive
9867-XOBQA,21,Two year,DSL,Mailed check,53.15,1183.2,Yes,Yes,4.98,0,Low,2.65,P4 - Monitor,Standard retention campaign
9546-KDTRB,19,Month-to-month,No,Bank transfer (automatic),24.7,465.85,No internet service,No internet service,23.84,0,Low,5.89,P4 - Monitor,Offer annual contract incentive
3174-RKMOW,35,Month-to-month,Fiber optic,Electronic check,109.95,3782.4,Yes,No,27.8,0,Medium,30.57,P4 - Monitor,Offer annual contract incentive
1760-CAZHT,25,Month-to-month,No,Mailed check,20.8,460.2,No internet service,No internet service,10.2,0,Low,2.12,P4 - Monitor,Offer annual contract incentive
8441-SHIPE,67,Two year,No,Bank transfer (automatic),25.6,1790.35,No internet service,No internet service,3.86,0,Low,0.99,P4 - Monitor,Standard retention campaign
1320-GVNHT,72,Two year,Fiber optic,Credit card (automatic),108.4,7767.25,No,Yes,3.02,0,Low,3.27,P4 - Monitor,Offer Tech Support trial/bundle
1047-RNXZV,43,Two year,No,Mailed check,19.55,876.15,No internet service,No internet service,6.49,0,Low,1.27,P4 - Monitor,Standard retention campaign
3541-ZNUHK,55,Month-to-month,Fiber optic,Electronic check,85.1,4600.95,No,Yes,13.47,0,Low,11.46,P4 - Monitor,Offer annual contract incentive
8725-JEDFD,27,Month-to-month,Fiber optic,Mailed check,69.05,1793.25,No,No,59.4,1,High,41.02,P3 - Medium,Offer annual contract incentive
7562-UXTPG,13,Month-to-month,Fiber optic,Mailed check,70.15,886.7,No,No,74.05,1,High,51.95,P2 - High,Offer annual contract incentive
8071-SBTRN,70,Two year,Fiber optic,Mailed check,111.15,7737.55,No,Yes,23.02,0,Low,25.59,P4 - Monitor,Offer Tech Support trial/bundle
6668-CNMFP,19,One year,Fiber optic,Bank transfer (automatic),89.35,1686.85,Yes,No,12.84,0,Low,11.47,P4 - Monitor,Offer Online Security bundle
5626-MGTUK,20,Month-to-month,Fiber optic,Bank transfer (automatic),89.1,1879.25,No,Yes,66.74,1,High,59.47,P2 - High,Offer annual contract incentive
5681-LLOEI,43,One year,Fiber optic,Credit card (automatic),91.25,4013.8,Yes,Yes,4.77,0,Low,4.35,P4 - Monitor,Review Fiber pricing/service quality
8212-DJRCH,5,Month-to-month,Fiber optic,Mailed check,90.35,434.5,No,Yes,46.99,0,Medium,42.46,P4 - Monitor,Offer annual contract incentive
4323-OHFOW,70,One year,Fiber optic,Bank transfer (automatic),105.55,7195.35,Yes,No,41.76,0,Medium,44.08,P4 - Monitor,Offer Online Security bundle
4933-BSAIP,40,Two year,No,Mailed check,19.1,780.1,No internet service,No internet service,5.79,0,Low,1.11,P4 - Monitor,Standard retention campaign
2030-BTZRO,6,Two year,No,Credit card (automatic),20.4,107.6,No internet service,No internet service,2.9,0,Low,0.59,P4 - Monitor,Standard retention campaign
1116-DXXDF,39,Two year,Fiber optic,Electronic check,100.45,3801.7,No,Yes,34.88,0,Medium,35.04,P4 - Monitor,Offer Tech Support trial/bundle
6563-VNPMN,45,Month-to-month,Fiber optic,Bank transfer (automatic),85.7,3778.1,Yes,Yes,45.09,0,Medium,38.64,P4 - Monitor,Offer annual contract incentive
2267-WTPYD,57,Month-to-month,Fiber optic,Credit card (automatic),94.0,5438.95,No,No,57.43,1,High,53.98,P2 - High,Offer annual contract incentive
0270-THENM,72,Two year,DSL,Bank transfer (automatic),69.85,5102.35,Yes,Yes,1.62,0,Low,1.13,P4 - Monitor,Standard retention campaign
4707-MAXGU,72,Two year,No,Credit card (automatic),25.85,1872.2,No internet service,No internet service,3.46,0,Low,0.89,P4 - Monitor,Standard retention campaign
2710-WYVXG,3,Two year,DSL,Mailed check,71.1,213.35,Yes,Yes,17.1,0,Low,12.16,P4 - Monitor,Standard retention campaign
6300-BWMJX,59,Month-to-month,Fiber optic,Electronic check,93.35,5386.5,Yes,No,54.35,1,High,50.74,P2 - High,Offer annual contract incentive
7009-LGECI,4,Month-to-month,DSL,Bank transfer (automatic),50.55,235.65,No,Yes,55.85,1,High,28.23,P3 - Medium,Offer annual contract incentive
5022-KVDQT,27,Month-to-month,Fiber optic,Electronic check,81.3,2272.8,No,No,75.47,1,Critical,61.36,P2 - High,Offer annual contract incentive
7976-CICYS,4,Month-to-month,No,Credit card (automatic),20.7,83.75,No internet service,No internet service,26.67,0,Medium,5.52,P4 - Monitor,Offer annual contract incentive
1036-GUDCL,60,Month-to-month,DSL,Credit card (automatic),79.05,4663.4,Yes,Yes,12.05,0,Low,9.53,P4 - Monitor,Offer annual contract incentive
2005-DWQZJ,8,Two year,No,Mailed check,19.05,201.7,No internet service,No internet service,2.67,0,Low,0.51,P4 - Monitor,Standard retention campaign
8148-WOCMK,8,Two year,No,Credit card (automatic),19.6,125.0,No internet service,No internet service,2.67,0,Low,0.52,P4 - Monitor,Standard retention campaign
7815-PDTHL,35,Two year,No,Mailed check,20.2,684.4,No internet service,No internet service,4.87,0,Low,0.98,P4 - Monitor,Standard retention campaign
9173-IVZVP,53,Two year,No,Mailed check,20.9,1146.05,No internet service,No internet service,1.29,0,Low,0.27,P4 - Monitor,Standard retention campaign
9129-UXERG,18,Month-to-month,Fiber optic,Credit card (automatic),103.6,1806.35,Yes,No,68.39,1,High,70.85,P2 - High,Offer annual contract incentive
3635-JBPSG,15,Two year,DSL,Mailed check,38.8,603.0,No,No,30.8,0,Medium,11.95,P4 - Monitor,Offer Tech Support trial/bundle
7964-ZRKKG,67,One year,Fiber optic,Bank transfer (automatic),88.4,5798.3,No,No,30.75,0,Medium,27.18,P4 - Monitor,Offer Tech Support trial/bundle
6229-LSCKB,6,Month-to-month,Fiber optic,Electronic check,79.7,497.6,No,No,86.69,1,Critical,69.09,P2 - High,Offer annual contract incentive
1724-IQWNM,1,Month-to-month,No,Mailed check,19.3,19.3,No internet service,No internet service,47.44,0,Medium,9.16,P4 - Monitor,Offer annual contract incentive
8217-QYOHV,5,Month-to-month,DSL,Mailed check,55.75,266.95,Yes,Yes,52.73,1,High,29.4,P3 - Medium,Offer annual contract incentive
5546-QUERU,13,One year,No,Mailed check,19.95,257.0,No internet service,No internet service,7.53,0,Low,1.5,P4 - Monitor,Standard retention campaign
6897-UUBNU,29,Month-to-month,Fiber optic,Mailed check,89.65,2623.65,Yes,No,51.66,1,High,46.31,P3 - Medium,Offer annual contract incentive
6127-IYJOZ,1,Month-to-month,DSL,Mailed check,45.85,45.85,No,No,78.67,1,Critical,36.07,P3 - Medium,Offer annual contract incentive
8930-XOTDP,18,Month-to-month,DSL,Mailed check,55.95,1082.8,No,No,26.95,0,Medium,15.08,P4 - Monitor,Offer annual contract incentive
5916-QEWPT,2,Month-to-month,DSL,Credit card (automatic),69.0,147.8,No,No,62.57,1,High,43.17,P3 - Medium,Offer annual contract incentive
5060-TQUQN,30,Month-to-month,Fiber optic,Bank transfer (automatic),83.55,2570.2,Yes,No,13.0,0,Low,10.86,P4 - Monitor,Offer annual contract incentive
0531-XBKMM,66,Two year,DSL,Bank transfer (automatic),65.7,4378.9,Yes,Yes,1.52,0,Low,1.0,P4 - Monitor,Standard retention campaign
8465-SBRXP,38,Two year,Fiber optic,Bank transfer (automatic),94.9,3616.25,Yes,No,7.53,0,Low,7.15,P4 - Monitor,Offer Online Security bundle
2408-PSJVE,44,Month-to-month,DSL,Mailed check,61.9,2924.05,Yes,No,11.94,0,Low,7.39,P4 - Monitor,Offer annual contract incentive
9700-ZCLOT,2,Month-to-month,No,Mailed check,20.0,32.7,No internet service,No internet service,40.27,0,Medium,8.05,P4 - Monitor,Offer annual contract incentive
8738-JOKAR,42,One year,DSL,Mailed check,67.7,2882.25,Yes,Yes,16.08,0,Low,10.89,P4 - Monitor,Standard retention campaign
4534-WGCIR,58,Two year,No,Credit card (automatic),25.15,1509.9,No internet service,No internet service,0.59,0,Low,0.15,P4 - Monitor,Standard retention campaign
1930-WNXSB,58,Month-to-month,Fiber optic,Electronic check,92.85,5305.05,No,No,20.94,0,Low,19.44,P4 - Monitor,Offer annual contract incentive
3508-CFVZL,71,Two year,Fiber optic,Mailed check,111.3,7985.9,Yes,Yes,16.04,0,Low,17.85,P4 - Monitor,Review Fiber pricing/service quality
0657-DOGUM,48,One year,DSL,Bank transfer (automatic),60.6,2985.25,Yes,Yes,9.24,0,Low,5.6,P4 - Monitor,Standard retention campaign
8792-AOROI,8,Two year,DSL,Mailed check,65.5,564.35,Yes,Yes,14.86,0,Low,9.73,P4 - Monitor,Standard retention campaign
5146-YYFRZ,67,Two year,No,Bank transfer (automatic),19.95,1311.75,No internet service,No internet service,6.03,0,Low,1.2,P4 - Monitor,Standard retention campaign
3452-SRFEG,49,Month-to-month,Fiber optic,Bank transfer (automatic),74.6,3720.35,No,No,64.82,1,High,48.36,P3 - Medium,Offer annual contract incentive
4070-OKWVH,52,Month-to-month,Fiber optic,Bank transfer (automatic),94.6,5025.8,No,No,57.44,1,High,54.34,P2 - High,Offer annual contract incentive
5297-MDOIR,63,One year,Fiber optic,Credit card (automatic),81.15,5224.5,No,Yes,20.8,0,Low,16.88,P4 - Monitor,Offer Tech Support trial/bundle
6369-MCAKO,68,Two year,DSL,Bank transfer (automatic),89.05,6185.8,Yes,Yes,0.85,0,Low,0.76,P4 - Monitor,Standard retention campaign
4926-UMJZD,31,Month-to-month,DSL,Mailed check,49.2,1498.55,Yes,No,33.49,0,Medium,16.48,P4 - Monitor,Offer annual contract incentive
6848-HJTXY,64,Two year,No,Credit card (automatic),19.45,1208.6,No internet service,No internet service,2.87,0,Low,0.56,P4 - Monitor,Standard retention campaign
6341-AEVKX,62,One year,Fiber optic,Electronic check,104.3,6613.65,Yes,Yes,47.09,0,Medium,49.11,P4 - Monitor,Promote automatic payment
0682-USIXD,21,Month-to-month,Fiber optic,Electronic check,86.05,1818.9,Yes,No,70.44,1,High,60.61,P2 - High,Offer annual contract incentive
6976-BWGLQ,72,Two year,No,Bank transfer (automatic),25.2,1787.35,No internet service,No internet service,0.48,0,Low,0.12,P4 - Monitor,Standard retention campaign
7078-NVFAM,32,Month-to-month,DSL,Electronic check,35.15,1051.05,No,Yes,27.24,0,Medium,9.57,P4 - Monitor,Offer annual contract incentive
8065-QBYTO,71,One year,Fiber optic,Credit card (automatic),99.65,7181.25,Yes,Yes,28.64,0,Medium,28.54,P4 - Monitor,Review Fiber pricing/service quality
2133-TSRRM,34,Month-to-month,Fiber optic,Bank transfer (automatic),105.35,3688.6,No,Yes,29.91,0,Medium,31.51,P4 - Monitor,Offer annual contract incentive
2511-ALLCS,35,Two year,No,Bank transfer (automatic),24.3,821.6,No internet service,No internet service,0.81,0,Low,0.2,P4 - Monitor,Standard retention campaign
3191-CSNMG,3,Month-to-month,Fiber optic,Electronic check,80.7,239.45,No,No,57.4,1,High,46.32,P3 - Medium,Offer annual contract incentive
7952-OBOYL,3,Month-to-month,Fiber optic,Mailed check,89.85,244.45,Yes,No,82.68,1,Critical,74.29,P2 - High,Offer annual contract incentive
7470-DYNOE,53,One year,DSL,Electronic check,61.1,3357.9,No,No,29.39,0,Medium,17.96,P4 - Monitor,Offer Tech Support trial/bundle
7853-OETYL,4,Month-to-month,DSL,Electronic check,29.05,129.6,No,Yes,67.29,1,High,19.55,P3 - Medium,Offer annual contract incentive
1545-ACTAS,48,One year,Fiber optic,Bank transfer (automatic),99.7,4977.2,No,Yes,7.48,0,Low,7.46,P4 - Monitor,Offer Tech Support trial/bundle
5126-RCXYW,54,Two year,DSL,Credit card (automatic),46.0,2424.05,Yes,No,3.92,0,Low,1.8,P4 - Monitor,Offer Online Security bundle
2363-BJLSL,62,Month-to-month,DSL,Bank transfer (automatic),80.4,4981.15,Yes,No,29.22,0,Medium,23.49,P4 - Monitor,Offer annual contract incentive
1956-YIFGE,22,One year,Fiber optic,Mailed check,100.05,2090.25,No,No,16.59,0,Low,16.6,P4 - Monitor,Offer Tech Support trial/bundle
7921-LMDFQ,51,One year,Fiber optic,Bank transfer (automatic),94.0,4905.75,No,No,44.65,0,Medium,41.97,P4 - Monitor,Offer Tech Support trial/bundle
2925-MXLSX,30,One year,DSL,Credit card (automatic),68.95,2038.7,No,No,21.97,0,Low,15.15,P4 - Monitor,Offer Tech Support trial/bundle
5820-PTRYM,56,One year,DSL,Credit card (automatic),68.45,4014.0,Yes,Yes,16.81,0,Low,11.51,P4 - Monitor,Standard retention campaign
9609-BENEA,35,One year,DSL,Electronic check,69.0,2441.7,Yes,No,29.58,0,Medium,20.41,P4 - Monitor,Offer Online Security bundle
6211-WHMYA,64,Month-to-month,DSL,Electronic check,43.85,2751.0,Yes,No,40.88,0,Medium,17.93,P4 - Monitor,Offer annual contract incentive
4459-BBGHE,30,Month-to-month,DSL,Electronic check,44.5,1307.8,No,No,29.94,0,Medium,13.32,P4 - Monitor,Offer annual contract incentive
9945-PSVIP,25,Two year,No,Mailed check,18.7,383.65,No internet service,No internet service,1.7,0,Low,0.32,P4 - Monitor,Standard retention campaign
9108-EJFJP,1,Month-to-month,DSL,Mailed check,53.55,53.55,No,Yes,60.2,1,High,32.24,P3 - Medium,Offer annual contract incentive
0530-IJVDB,70,Two year,Fiber optic,Electronic check,114.6,7882.5,Yes,Yes,6.04,0,Low,6.92,P4 - Monitor,Promote automatic payment
0508-SQWPL,57,Two year,No,Bank transfer (automatic),20.1,1087.7,No internet service,No internet service,1.16,0,Low,0.23,P4 - Monitor,Standard retention campaign
2215-ZAFGX,9,Month-to-month,Fiber optic,Electronic check,85.5,791.7,No,No,87.43,1,Critical,74.75,P2 - High,Offer annual contract incentive
8213-TAZPM,69,One year,Fiber optic,Bank transfer (automatic),108.75,7493.05,Yes,No,5.87,0,Low,6.38,P4 - Monitor,Offer Online Security bundle
1304-SEGFY,72,Two year,Fiber optic,Electronic check,97.85,6841.3,No,No,39.98,0,Medium,39.12,P4 - Monitor,Offer Tech Support trial/bundle
7242-EDTYC,44,Two year,No,Bank transfer (automatic),19.55,819.95,No internet service,No internet service,2.8,0,Low,0.55,P4 - Monitor,Standard retention campaign
2904-GGUAZ,72,Two year,Fiber optic,Bank transfer (automatic),84.05,6052.25,No,Yes,11.69,0,Low,9.83,P4 - Monitor,Offer Tech Support trial/bundle
5136-GFPMB,54,Month-to-month,Fiber optic,Credit card (automatic),89.4,4869.5,No,No,58.92,1,High,52.67,P2 - High,Offer annual contract incentive
2595-KIWPV,27,Two year,No,Credit card (automatic),19.7,509.3,No internet service,No internet service,2.11,0,Low,0.42,P4 - Monitor,Standard retention campaign
5243-SAOTC,54,Month-to-month,Fiber optic,Bank transfer (automatic),79.85,4308.25,No,No,63.21,1,High,50.47,P2 - High,Offer annual contract incentive
9398-MMQTO,3,Month-to-month,Fiber optic,Credit card (automatic),74.45,221.1,No,No,71.93,1,High,53.55,P2 - High,Offer annual contract incentive
7619-PLRLP,53,One year,DSL,Bank transfer (automatic),74.1,3833.95,No,Yes,19.4,0,Low,14.38,P4 - Monitor,Offer Tech Support trial/bundle
6508-NJYRO,15,One year,No,Mailed check,18.8,294.95,No internet service,No internet service,8.05,0,Low,1.51,P4 - Monitor,Standard retention campaign
4710-NKCAW,5,Month-to-month,DSL,Credit card (automatic),64.4,316.9,Yes,Yes,24.15,0,Low,15.55,P4 - Monitor,Offer annual contract incentive
5306-BVTKJ,48,One year,DSL,Credit card (automatic),55.8,2651.2,No,No,5.71,0,Low,3.19,P4 - Monitor,Offer Tech Support trial/bundle
0357-NVCRI,25,Month-to-month,No,Credit card (automatic),20.05,471.7,No internet service,No internet service,14.44,0,Low,2.9,P4 - Monitor,Offer annual contract incentive
2371-KFUOG,58,One year,Fiber optic,Bank transfer (automatic),99.15,5720.95,No,Yes,33.27,0,Medium,32.99,P4 - Monitor,Offer Tech Support trial/bundle
0463-ZSDNT,10,Month-to-month,DSL,Bank transfer (automatic),56.75,503.25,No,No,54.79,1,High,31.09,P3 - Medium,Offer annual contract incentive
6257-DTAYD,71,Two year,Fiber optic,Credit card (automatic),104.15,7365.3,Yes,No,29.71,0,Medium,30.94,P4 - Monitor,Offer Online Security bundle
4616-ULAOA,65,Two year,Fiber optic,Credit card (automatic),110.8,7245.9,Yes,No,4.89,0,Low,5.42,P4 - Monitor,Offer Online Security bundle
7746-AWNQW,28,Month-to-month,DSL,Mailed check,35.75,961.4,Yes,No,38.44,0,Medium,13.74,P4 - Monitor,Offer annual contract incentive
5996-EBTKM,67,Two year,DSL,Bank transfer (automatic),69.9,4615.9,Yes,No,2.27,0,Low,1.59,P4 - Monitor,Offer Online Security bundle
2758-RNWXS,35,One year,Fiber optic,Electronic check,89.2,3251.3,Yes,Yes,34.55,0,Medium,30.82,P4 - Monitor,Promote automatic payment
2314-TNDJQ,72,Two year,DSL,Credit card (automatic),55.65,3880.05,Yes,Yes,1.99,0,Low,1.11,P4 - Monitor,Standard retention campaign
2405-LBMUW,61,One year,DSL,Bank transfer (automatic),50.7,3088.75,Yes,Yes,4.19,0,Low,2.12,P4 - Monitor,Standard retention campaign
3454-JFUBC,68,Two year,No,Credit card (automatic),20.0,1396.0,No internet service,No internet service,3.07,0,Low,0.61,P4 - Monitor,Standard retention campaign
9039-ZVJDC,3,Month-to-month,No,Mailed check,19.1,53.05,No internet service,No internet service,29.63,0,Medium,5.66,P4 - Monitor,Offer annual contract incentive
9013-AQORL,48,Month-to-month,DSL,Credit card (automatic),45.55,2108.35,No,No,27.85,0,Medium,12.69,P4 - Monitor,Offer annual contract incentive
2898-MRKPI,68,One year,Fiber optic,Credit card (automatic),101.05,6770.5,No,No,7.92,0,Low,8.0,P4 - Monitor,Offer Tech Support trial/bundle
2750-BJLSB,47,One year,Fiber optic,Electronic check,103.7,4730.6,Yes,Yes,52.92,1,High,54.88,P2 - High,Promote automatic payment
3648-GZPHF,32,One year,DSL,Mailed check,36.25,1151.05,Yes,No,7.99,0,Low,2.9,P4 - Monitor,Offer Online Security bundle
2075-RMJIK,5,Month-to-month,DSL,Mailed check,49.4,232.55,No,Yes,41.2,0,Medium,20.35,P4 - Monitor,Offer annual contract incentive
9588-YRFHY,49,Two year,No,Credit card (automatic),19.9,1022.6,No internet service,No internet service,4.3,0,Low,0.86,P4 - Monitor,Standard retention campaign
9364-YKUVW,15,Month-to-month,No,Mailed check,19.8,309.4,No internet service,No internet service,29.6,0,Medium,5.86,P4 - Monitor,Offer annual contract incentive
5392-AKEMH,12,Month-to-month,DSL,Electronic check,45.05,523.1,No,No,64.75,1,High,29.17,P3 - Medium,Offer annual contract incentive
2451-YMUXS,67,Two year,DSL,Bank transfer (automatic),64.55,4250.1,Yes,Yes,10.7,0,Low,6.91,P4 - Monitor,Standard retention campaign
3914-FDRHP,9,Month-to-month,Fiber optic,Electronic check,86.25,770.5,Yes,No,76.07,1,Critical,65.61,P2 - High,Offer annual contract incentive
3078-ZKNTS,13,Two year,No,Bank transfer (automatic),19.75,246.7,No internet service,No internet service,3.49,0,Low,0.69,P4 - Monitor,Standard retention campaign
1024-KPRBB,38,One year,Fiber optic,Mailed check,89.1,3342.0,No,No,45.14,0,Medium,40.22,P4 - Monitor,Offer Tech Support trial/bundle
4690-PKDQG,42,Month-to-month,Fiber optic,Electronic check,95.55,3930.6,No,No,74.79,1,High,71.46,P2 - High,Offer annual contract incentive
9547-ITEFG,9,Month-to-month,Fiber optic,Credit card (automatic),102.6,897.75,No,No,48.44,0,Medium,49.7,P4 - Monitor,Offer annual contract incentive
1264-FUHCX,49,One year,DSL,Credit card (automatic),56.3,2780.6,Yes,No,25.8,0,Medium,14.53,P4 - Monitor,Offer Online Security bundle
7789-CRUVC,61,Month-to-month,Fiber optic,Credit card (automatic),94.2,5895.45,Yes,Yes,40.72,0,Medium,38.36,P4 - Monitor,Offer annual contract incentive
6598-KELSS,50,One year,DSL,Bank transfer (automatic),43.05,2208.05,No,Yes,7.05,0,Low,3.04,P4 - Monitor,Offer Tech Support trial/bundle
9972-VAFJJ,53,One year,Fiber optic,Electronic check,94.0,4871.45,Yes,No,43.27,0,Medium,40.67,P4 - Monitor,Offer Online Security bundle
0422-UXFAP,51,One year,Fiber optic,Electronic check,98.85,4947.55,No,No,57.12,1,High,56.46,P2 - High,Offer Tech Support trial/bundle
1904-WAJAA,24,Two year,DSL,Electronic check,64.35,1558.65,No,Yes,6.14,0,Low,3.95,P4 - Monitor,Offer Tech Support trial/bundle
5130-YPIRV,62,Two year,DSL,Credit card (automatic),72.0,4284.2,No,Yes,6.67,0,Low,4.8,P4 - Monitor,Offer Tech Support trial/bundle
2843-CQMEG,24,Month-to-month,DSL,Mailed check,49.7,1218.25,No,No,44.56,0,Medium,22.15,P4 - Monitor,Offer annual contract incentive
6439-PKTRR,70,Two year,DSL,Electronic check,80.7,5617.95,Yes,Yes,1.97,0,Low,1.59,P4 - Monitor,Promote automatic payment
5351-QESIO,1,Month-to-month,DSL,Mailed check,24.2,24.2,No,No,61.24,1,High,14.82,P3 - Medium,Offer annual contract incentive
5568-DMXZS,8,Month-to-month,DSL,Electronic check,65.45,554.45,Yes,No,47.15,0,Medium,30.86,P4 - Monitor,Offer annual contract incentive
8468-FZTOE,72,Two year,DSL,Electronic check,74.35,5237.4,Yes,Yes,1.56,0,Low,1.16,P4 - Monitor,Promote automatic payment
6633-SYEUS,23,Month-to-month,Fiber optic,Bank transfer (automatic),83.2,2032.3,Yes,No,48.44,0,Medium,40.3,P4 - Monitor,Offer annual contract incentive
6447-GORXK,31,Month-to-month,DSL,Credit card (automatic),25.0,789.2,No,No,34.98,0,Medium,8.74,P4 - Monitor,Offer annual contract incentive
6967-PEJLL,37,One year,DSL,Electronic check,40.2,1525.35,Yes,Yes,8.86,0,Low,3.56,P4 - Monitor,Promote automatic payment
5981-ZVXOT,35,One year,Fiber optic,Electronic check,108.35,3726.15,No,Yes,50.72,1,High,54.96,P2 - High,Offer Tech Support trial/bundle
1684-FLBGS,23,Month-to-month,DSL,Credit card (automatic),69.5,1652.1,Yes,No,11.04,0,Low,7.67,P4 - Monitor,Offer annual contract incentive
1389-WNUIB,20,One year,DSL,Bank transfer (automatic),76.0,1588.75,No,Yes,7.49,0,Low,5.69,P4 - Monitor,Offer Tech Support trial/bundle
0376-OIWME,36,Month-to-month,Fiber optic,Electronic check,93.6,3366.05,No,Yes,66.33,1,High,62.08,P2 - High,Offer annual contract incentive
0218-QNVAS,71,One year,Fiber optic,Bank transfer (automatic),100.55,7113.75,No,No,8.21,0,Low,8.26,P4 - Monitor,Offer Tech Support trial/bundle
0804-YGEQV,43,One year,No,Bank transfer (automatic),24.45,993.15,No internet service,No internet service,2.08,0,Low,0.51,P4 - Monitor,Standard retention campaign
7164-BPTUT,57,Two year,DSL,Mailed check,89.55,5012.35,Yes,Yes,1.64,0,Low,1.47,P4 - Monitor,Standard retention campaign
2523-EWWZL,27,Month-to-month,Fiber optic,Electronic check,76.1,2093.4,No,No,71.47,1,High,54.39,P2 - High,Offer annual contract incentive
0928-XUTSN,13,Month-to-month,Fiber optic,Electronic check,80.5,1011.8,No,No,82.18,1,Critical,66.15,P2 - High,Offer annual contract incentive
0052-YNYOT,67,One year,No,Electronic check,20.55,1343.4,No internet service,No internet service,7.34,0,Low,1.51,P4 - Monitor,Promote automatic payment
9586-JGQKH,64,Two year,Fiber optic,Bank transfer (automatic),105.4,6794.75,Yes,No,28.51,0,Medium,30.05,P4 - Monitor,Offer Online Security bundle
4501-VCPFK,26,Month-to-month,DSL,Electronic check,35.75,1022.5,Yes,No,38.39,0,Medium,13.72,P4 - Monitor,Offer annual contract incentive
6075-SLNIL,38,Month-to-month,Fiber optic,Credit card (automatic),95.1,3691.2,No,No,67.54,1,High,64.23,P2 - High,Offer annual contract incentive
9347-AERRL,23,One year,No,Credit card (automatic),19.3,486.2,No internet service,No internet service,4.91,0,Low,0.95,P4 - Monitor,Standard retention campaign
2274-XUATA,72,Two year,DSL,Bank transfer (automatic),63.1,4685.55,Yes,Yes,5.65,0,Low,3.57,P4 - Monitor,Standard retention campaign
6691-CCIHA,62,Two year,DSL,Electronic check,84.95,5150.55,Yes,Yes,10.66,0,Low,9.06,P4 - Monitor,Promote automatic payment
1685-BQULA,40,Month-to-month,Fiber optic,Bank transfer (automatic),93.4,3756.4,No,No,68.63,1,High,64.1,P2 - High,Offer annual contract incentive
9053-EJUNL,41,Month-to-month,Fiber optic,Electronic check,89.2,3645.75,No,No,74.9,1,High,66.81,P2 - High,Offer annual contract incentive
0666-UXTJO,34,Month-to-month,Fiber optic,Credit card (automatic),85.2,2874.45,No,No,67.06,1,High,57.14,P2 - High,Offer annual contract incentive
1471-GIQKQ,1,Month-to-month,DSL,Electronic check,49.95,49.95,No,No,68.77,1,High,34.35,P3 - Medium,Offer annual contract incentive
4807-IZYOZ,51,Two year,No,Bank transfer (automatic),20.65,1020.75,No internet service,No internet service,6.01,0,Low,1.24,P4 - Monitor,Standard retention campaign
9710-NJERN,39,Two year,No,Mailed check,20.15,826.0,No internet service,No internet service,3.9,0,Low,0.79,P4 - Monitor,Standard retention campaign
9837-FWLCH,12,Month-to-month,No,Electronic check,19.2,239.0,No internet service,No internet service,25.53,0,Medium,4.9,P4 - Monitor,Offer annual contract incentive
7203-OYKCT,72,One year,Fiber optic,Electronic check,104.95,7544.3,No,No,47.84,0,Medium,50.21,P4 - Monitor,Offer Tech Support trial/bundle
1035-IPQPU,63,Month-to-month,Fiber optic,Electronic check,103.5,6479.4,No,No,70.99,1,High,73.47,P2 - High,Offer annual contract incentive
7398-LXGYX,44,Month-to-month,Fiber optic,Credit card (automatic),84.8,3626.35,No,Yes,53.68,1,High,45.52,P3 - Medium,Offer annual contract incentive
2823-LKABH,18,Month-to-month,Fiber optic,Bank transfer (automatic),95.05,1679.4,Yes,No,64.93,1,High,61.72,P2 - High,Offer annual contract incentive
0550-DCXLH,13,Month-to-month,DSL,Mailed check,73.35,931.55,Yes,No,40.26,0,Medium,29.53,P4 - Monitor,Offer annual contract incentive
9281-CEDRU,68,Two year,DSL,Bank transfer (automatic),64.1,4326.25,Yes,No,6.29,0,Low,4.03,P4 - Monitor,Offer Online Security bundle
2235-DWLJU,6,Month-to-month,DSL,Electronic check,44.4,263.05,No,No,78.57,1,Critical,34.89,P3 - Medium,Offer annual contract incentive
0871-OPBXW,2,Month-to-month,No,Mailed check,20.05,39.25,No internet service,No internet service,32.75,0,Medium,6.57,P4 - Monitor,Offer annual contract incentive
3605-JISKB,55,One year,DSL,Credit card (automatic),60.0,3316.1,No,Yes,20.29,0,Low,12.17,P4 - Monitor,Offer Tech Support trial/bundle
9767-FFLEM,38,Month-to-month,Fiber optic,Credit card (automatic),69.5,2625.25,No,No,61.27,1,High,42.58,P3 - Medium,Offer annual contract incentive
8456-QDAVC,19,Month-to-month,Fiber optic,Bank transfer (automatic),78.7,1495.1,No,No,69.3,1,High,54.54,P2 - High,Offer annual contract incentive
7750-EYXWZ,12,One year,DSL,Electronic check,60.65,743.3,Yes,No,33.15,0,Medium,20.11,P4 - Monitor,Offer Online Security bundle
2569-WGERO,72,Two year,No,Bank transfer (automatic),21.15,1419.4,No internet service,No internet service,2.79,0,Low,0.59,P4 - Monitor,Standard retention campaign
6840-RESVB,24,One year,DSL,Mailed check,84.8,1990.5,Yes,Yes,6.8,0,Low,5.77,P4 - Monitor,Standard retention campaign
2234-XADUH,72,One year,Fiber optic,Credit card (automatic),103.2,7362.9,No,No,5.43,0,Low,5.6,P4 - Monitor,Offer Tech Support trial/bundle
4801-JZAZL,11,Month-to-month,DSL,Electronic check,29.6,346.45,No,Yes,37.53,0,Medium,11.11,P4 - Monitor,Offer annual contract incentive
3186-AJIEK,66,Two year,Fiber optic,Bank transfer (automatic),105.65,6844.5,Yes,Yes,34.04,0,Medium,35.96,P4 - Monitor,Review Fiber pricing/service quality
